package_name,label,vulnerability_count,has_cve_alias,has_ghsa_alias,severity_count,version_count,latest_version_major,latest_version_minor,latest_version_patch,version_major_jump_flag,dependency_count,dev_dependency_count,optional_dependency_count,peer_dependency_count,total_dependency_count,dependency_density,total_dependency_density,dependency_growth_proxy,package_age_days,days_since_last_update,update_frequency,staleness_ratio,recent_update_flag,very_new_package_flag,stale_abandoned_flag,maintainer_count,no_maintainer_flag,single_maintainer_flag,low_maintainer_flag,maintainer_per_version_ratio,maintainer_to_dependency_ratio,maintainer_density,is_scoped_package,scope_length,package_name_token_count,contains_dash,contains_dot,contains_digit,name_length,name_entropy_score,has_repository,has_github_repository,has_homepage,has_bugs_url,has_license,has_author,has_keywords,keyword_count,description_length,readme_length,description_missing_flag,short_name_flag,deprecated_flag,script_count,has_scripts,has_preinstall_script,has_install_script,has_postinstall_script,has_prepare_script,has_prepublish_script,has_lifecycle_script,suspicious_script_flag,weekly_downloads,monthly_downloads,log_weekly_downloads,log_monthly_downloads
-,0,0,0,0,0,4,0,0,1,0,0,0,0,0,0,0.0,0.0,0.0,2281,22,0.0017528483786152498,0.009640666082383873,1,0,0,1,0,1,1,0.2,1.0,1.0,0,0,2,1,0,0,1,-0.0,1,0,0,0,0,0,0,0,24,0,0,1,0,0,0,0,0,0,0,0,0,0,41185,165802,10.625853671765293,12.0185556156089
--------------------------------------------------------------------------------------------------------------------------------whynunu,0,0,0,0,0,1,0,0,0,0,0,0,0,0,0,0.0,0.0,0.0,915,915,0.001091703056768559,0.9989082969432315,0,0,1,1,0,1,1,0.5,1.0,1.0,0,0,129,1,0,0,135,0.41014893038416417,0,0,0,0,0,1,0,0,0,28,1,0,0,0,0,0,0,0,0,0,0,0,11,58,2.4849066497880004,4.07753744390572
-----hsad-----,0,0,0,0,0,1,0,0,0,0,0,0,0,0,0,0.0,0.0,0.0,703,703,0.0014204545454545455,0.9985795454545454,0,0,0,1,0,1,1,0.5,1.0,1.0,0,0,11,1,0,0,14,1.4345491399952024,0,0,0,0,0,0,0,0,0,28,1,0,0,0,0,0,0,0,0,0,0,0,7,55,2.0794415416798357,4.02535169073515
--123hoodmane-pyodide,0,0,0,0,0,2,0,20,0,0,3,16,0,0,19,1.0,6.333333333333333,0.0019442644199611147,1542,1542,0.0012961762799740765,0.9993519118600129,0,0,1,1,0,1,1,0.3333333333333333,0.05,0.25,0,0,4,1,0,1,21,3.617809684374455,1,1,1,1,1,0,1,2,30,28,0,0,0,1,1,0,0,0,0,0,0,0,7,96,2.0794415416798357,4.574710978503383
--asuneaaaa,0,0,0,0,0,1,1,0,0,0,2,0,0,0,2,1.0,1.0,0.002531645569620253,789,789,0.0012658227848101266,0.9987341772151899,0,0,1,1,0,1,1,0.5,0.3333333333333333,0.3333333333333333,0,0,3,1,0,0,11,2.2221915755066783,0,0,0,0,1,0,0,0,0,28,1,0,0,1,1,0,0,0,0,0,0,0,6,43,1.9459101490553132,3.784189633918261
--can-you-install,0,0,0,0,0,4,1,0,3,0,0,0,0,0,0,0.0,0.0,0.0,1575,1549,0.0025380710659898475,0.9828680203045685,0,0,1,1,0,1,1,0.2,1.0,1.0,0,0,5,1,0,0,17,3.263933429485634,1,1,1,1,1,1,0,0,24,196,0,0,0,0,0,0,0,0,0,0,0,0,10,87,2.3978952727983707,4.477336814478207
--file--1,0,0,0,0,0,1,1,0,0,0,0,0,0,0,0,0.0,0.0,0.0,2025,1549,0.0004935834155972359,0.7645607107601184,0,0,1,1,0,1,1,0.5,1.0,1.0,0,0,5,1,0,1,9,2.2810361125534233,0,0,0,0,1,0,0,0,0,28,1,0,0,1,1,0,0,0,0,0,0,0,7,42,2.0794415416798357,3.7612001156935624
--fix-lockfile,0,0,0,0,0,1,1,0,0,0,0,0,0,0,0,0.0,0.0,0.0,1566,1549,0.0006381620931716656,0.98851308232291,0,0,1,1,0,1,1,0.5,1.0,1.0,0,0,4,1,0,0,14,3.039148671903071,0,0,0,0,1,1,0,0,0,28,1,0,0,0,0,0,0,0,0,0,0,0,8,47,2.1972245773362196,3.871201010907891
--frozen-lockfile,0,0,0,0,0,1,1,0,0,0,0,0,0,0,0,0.0,0.0,0.0,1566,1549,0.0006381620931716656,0.98851308232291,0,0,1,1,0,1,1,0.5,1.0,1.0,0,0,4,1,0,0,17,3.337175341123077,0,0,0,0,1,1,0,0,0,28,1,0,0,0,0,0,0,0,0,0,0,0,18,173,2.9444389791664403,5.159055299214529
--hepl,0,0,0,0,0,2,1,0,1,0,0,0,0,0,0,0.0,0.0,0.0,1257,563,0.001589825119236884,0.44753577106518283,0,0,0,1,0,1,1,0.3333333333333333,1.0,1.0,0,0,3,1,0,0,6,2.2516291673878226,0,0,0,0,1,0,0,0,0,28,1,0,0,2,1,0,1,0,0,0,1,1,127,528,4.852030263919617,6.270988431858299
--hiljson,1,1,0,1,0,1,0,0,1,0,0,0,0,0,0,0.0,0.0,0.0,1302,1046,0.0007674597083653108,0.8027628549501151,0,0,1,1,0,1,1,0.5,1.0,1.0,0,0,3,1,0,0,9,2.94770277922009,1,0,0,0,0,0,0,0,24,0,0,0,0,0,0,0,0,0,0,0,0,0,24,280,3.2188758248682006,5.638354669333745
--hoodmane-test-pyodide,0,0,0,0,0,3,0,21,0,0,3,28,0,0,31,0.75,7.75,0.0019442644199611147,1542,1469,0.0019442644199611147,0.9520414776409591,0,0,1,1,0,1,1,0.25,0.03125,0.25,0,0,5,1,0,0,23,3.468576629687865,1,1,1,1,1,0,1,2,30,28,0,0,0,6,1,0,0,0,0,0,0,0,7,58,2.0794415416798357,4.07753744390572
--ignore-scripts,0,0,0,0,0,1,1,0,0,0,0,0,0,0,0,0.0,0.0,0.0,1566,1549,0.0006381620931716656,0.98851308232291,0,0,1,1,0,1,1,0.5,1.0,1.0,0,0,4,1,0,0,16,3.327819531114783,0,0,0,0,1,1,0,0,0,28,1,0,0,0,0,0,0,0,0,0,0,0,15,101,2.772588722239781,4.624972813284271
--ignore-workspace-root-check,0,0,0,0,0,1,1,0,0,0,0,0,0,0,0,0.0,0.0,0.0,1566,1549,0.0006381620931716656,0.98851308232291,0,0,1,1,0,1,1,0.5,1.0,1.0,0,0,6,1,0,0,29,3.6209360647507713,0,0,0,0,1,1,0,0,0,28,1,0,0,0,0,0,0,0,0,0,0,0,8,49,2.1972245773362196,3.912023005428146
--install-links,0,0,0,0,0,1,1,0,0,0,0,0,0,0,0,0.0,0.0,0.0,807,807,0.0012376237623762376,0.9987623762376238,0,0,1,1,0,1,1,0.5,1.0,1.0,0,0,4,1,0,0,15,2.8729055953200566,0,0,0,0,1,0,0,0,21,21,0,0,0,1,1,0,0,0,0,0,0,0,7,45,2.0794415416798357,3.828641396489095
--internal-resolution-error,0,0,0,0,0,1,1,0,0,0,1,7,0,0,8,0.5,4.0,0.0019342359767891683,516,516,0.0019342359767891683,0.9980657640232108,0,0,0,1,0,1,1,0.5,0.1111111111111111,0.5,0,0,5,1,0,0,27,3.2780614658328306,0,0,0,0,1,0,0,0,0,28,1,0,0,5,1,0,0,0,0,1,1,1,3,40,1.3862943611198906,3.713572066704308
--legacy-peer-deps,1,1,0,1,0,1,0,0,1,0,0,0,0,0,0,0.0,0.0,0.0,1393,1046,0.0007173601147776184,0.7503586800573888,0,0,1,1,0,1,1,0.5,1.0,1.0,0,0,5,1,0,0,18,3.1699250014423126,1,0,0,0,0,0,0,0,24,0,0,0,0,0,0,0,0,0,0,0,0,0,309,1362,5.736572297479192,7.217443431696533
--m4r5-simple-calculator,0,0,0,0,0,2,1,0,1,0,1,1,0,0,2,0.3333333333333333,0.6666666666666666,0.001201923076923077,831,831,0.002403846153846154,0.9987980769230769,0,0,1,1,0,1,1,0.3333333333333333,0.3333333333333333,0.5,0,0,5,1,0,1,24,3.7201755214643453,0,0,0,0,1,1,0,0,56,28,0,0,0,1,1,0,0,0,0,0,0,0,8,43,2.1972245773362196,3.784189633918261
--mrk_todo_list,0,0,0,0,0,1,1,0,1,0,2,2,0,0,4,1.0,2.0,0.0027359781121751026,730,730,0.0013679890560875513,0.9986320109439124,0,0,1,1,0,1,1,0.5,0.2,0.3333333333333333,0,0,5,1,0,0,15,3.373557262275185,0,0,0,0,1,0,0,0,0,28,1,0,0,1,1,0,0,0,0,0,0,0,5,23,1.791759469228055,3.1780538303479458
--no-audit,1,1,0,1,0,1,0,0,1,0,0,0,0,0,0,0.0,0.0,0.0,1393,1046,0.0007173601147776184,0.7503586800573888,0,0,1,1,0,1,1,0.5,1.0,1.0,0,0,4,1,0,0,10,2.846439344671015,1,0,0,0,0,0,0,0,24,0,0,0,0,0,0,0,0,0,0,0,0,0,21,261,3.091042453358316,5.568344503761097
--only-prod,0,0,0,0,0,1,1,0,0,0,0,0,0,0,0,0.0,0.0,0.0,1384,1384,0.0007220216606498195,0.9992779783393502,0,0,1,1,0,1,1,0.5,1.0,1.0,0,0,4,1,0,0,11,2.8453509366224368,0,0,0,0,1,0,0,0,18,28,0,0,0,1,1,0,0,0,0,0,0,0,7,50,2.0794415416798357,3.9318256327243257
--prefer-offline,0,0,0,0,0,1,1,0,0,0,0,0,0,0,0,0.0,0.0,0.0,1566,1549,0.0006381620931716656,0.98851308232291,0,0,1,1,0,1,1,0.5,1.0,1.0,0,0,4,1,0,0,16,2.9834585933443494,0,0,0,0,1,1,0,0,0,28,1,0,0,0,0,0,0,0,0,0,0,0,20,145,3.044522437723423,4.983606621708336
--save-bundle,0,0,0,0,0,1,1,0,0,0,0,0,0,0,0,0.0,0.0,0.0,1566,1549,0.0006381620931716656,0.98851308232291,0,0,1,1,0,1,1,0.5,1.0,1.0,0,0,4,1,0,0,13,3.180832987205441,0,0,0,0,1,1,0,0,0,28,1,0,0,0,0,0,0,0,0,0,0,0,6,33,1.9459101490553132,3.5263605246161616
--ui-com-ponents--md,0,0,0,0,0,1,1,0,0,0,5,3,0,0,8,2.5,4.0,0.012690355329949238,393,393,0.0025380710659898475,0.9974619289340102,0,0,0,1,0,1,1,0.5,0.1111111111111111,0.16666666666666666,0,0,7,1,0,0,20,3.2464393446710154,0,0,0,0,1,0,0,0,0,28,1,0,0,3,1,0,0,0,0,0,0,0,9,44,2.302585092994046,3.8066624897703196
--use-store-server,0,0,0,0,0,1,0,0,0,0,0,0,0,0,0,0.0,0.0,0.0,668,668,0.0014947683109118087,0.9985052316890882,0,0,0,1,0,1,1,0.5,1.0,1.0,0,0,5,1,0,0,18,2.752715278979705,0,0,0,0,1,0,0,0,0,28,1,0,0,1,1,0,0,0,0,0,0,0,5,45,1.791759469228055,3.828641396489095
--wtfnpmexmple--,0,0,0,0,0,1,0,0,0,0,0,0,0,0,0,0.0,0.0,0.0,924,924,0.001081081081081081,0.9989189189189189,0,0,1,1,0,1,1,0.5,1.0,1.0,0,0,5,1,0,0,16,3.125,0,0,0,0,1,1,0,0,0,10,1,0,0,0,0,0,0,0,0,0,0,0,8,32,2.1972245773362196,3.4965075614664802
-03-aamir-quiz-cli-project,0,0,0,0,0,1,1,0,0,0,1,1,0,0,2,0.5,1.0,0.0013157894736842105,759,759,0.0013157894736842105,0.9986842105263158,0,0,1,1,0,1,1,0.5,0.3333333333333333,0.5,0,0,6,1,0,1,26,3.8402655651949265,0,0,0,0,1,1,0,0,91,28,0,0,0,1,1,0,0,0,0,0,0,0,6,27,1.9459101490553132,3.332204510175204
-1-cli-number-guessing,0,0,0,0,0,1,1,0,3,0,1,1,0,0,2,0.5,1.0,0.001218026796589525,820,820,0.001218026796589525,0.9987819732034104,0,0,1,1,0,1,1,0.5,0.3333333333333333,0.5,0,0,5,1,0,1,22,3.550340709546388,0,0,0,0,1,0,0,0,34,28,0,0,0,1,1,0,0,0,0,0,0,0,9,48,2.302585092994046,3.8918202981106265
-123-countdown-timer,0,0,0,0,0,1,2,0,0,0,4,1,0,0,5,2.0,2.5,0.005235602094240838,763,763,0.0013089005235602095,0.9986910994764397,0,0,1,1,0,1,1,0.5,0.16666666666666666,0.2,0,0,4,1,0,1,20,3.7841837197791888,0,0,0,0,1,0,0,0,19,22,0,0,0,1,1,0,0,0,0,0,0,0,7,29,2.0794415416798357,3.4011973816621555
-123m--hword-counter,0,0,0,0,0,1,1,1,0,0,1,1,0,0,2,0.5,1.0,0.00125,799,799,0.00125,0.99875,0,0,1,1,0,1,1,0.5,0.3333333333333333,0.5,0,0,5,1,0,1,20,3.721928094887362,0,0,0,0,1,0,0,0,0,28,1,0,0,1,1,0,0,0,0,0,0,0,7,45,2.0794415416798357,3.828641396489095
-1atm_asharib-shahid,0,0,0,0,0,1,1,0,1,0,2,1,0,0,3,1.0,1.5,0.002652519893899204,753,753,0.001326259946949602,0.9986737400530504,0,0,1,1,0,1,1,0.5,0.25,0.3333333333333333,0,0,4,1,0,1,20,3.384183719779189,0,0,0,0,1,0,0,0,0,28,1,0,0,1,1,0,0,0,0,0,0,0,5,39,1.791759469228055,3.6888794541139363
-25-chalk-atm-machine,0,0,0,0,0,1,1,0,0,0,2,1,0,0,3,1.0,1.5,0.0024691358024691358,809,809,0.0012345679012345679,0.9987654320987654,0,0,1,1,0,1,1,0.5,0.25,0.3333333333333333,0,0,5,1,0,1,21,3.4992275417233567,0,0,0,0,1,1,0,0,19,36,0,0,0,1,1,0,0,0,0,0,0,0,8,27,2.1972245773362196,3.332204510175204
-8080,0,0,0,0,0,1,1,0,0,0,0,0,0,0,0,0.0,0.0,0.0,1666,1549,0.0005998800239952009,0.9292141571685663,0,0,1,1,0,1,1,0.5,1.0,1.0,0,0,2,1,0,1,5,1.5219280948873621,0,0,0,0,1,0,0,0,0,28,1,0,0,1,1,0,0,0,0,0,0,0,7,43,2.0794415416798357,3.784189633918261
-8888,0,0,0,0,0,1,1,0,0,0,0,0,0,0,0,0.0,0.0,0.0,1666,1549,0.0005998800239952009,0.9292141571685663,0,0,1,1,0,1,1,0.5,1.0,1.0,0,0,2,1,0,1,5,0.7219280948873623,0,0,0,0,1,0,0,0,0,28,1,0,0,1,1,0,0,0,0,0,0,0,5,42,1.791759469228055,3.7612001156935624
-a4i5k8-simple-calculator,0,0,0,0,0,1,1,0,3,0,1,1,0,0,2,0.5,1.0,0.001221001221001221,818,818,0.001221001221001221,0.9987789987789988,0,0,1,1,0,1,1,0.5,0.3333333333333333,0.5,0,0,4,1,0,1,25,3.9132696895151082,0,0,0,0,1,1,0,0,56,28,0,0,0,1,1,0,0,0,0,0,0,0,7,43,2.0794415416798357,3.784189633918261
-acrg-tos-ah,0,0,0,0,0,1,1,0,0,0,48,0,0,0,48,24.0,24.0,0.059332509270704575,808,808,0.0012360939431396785,0.9987639060568603,0,0,1,1,0,1,1,0.5,0.02040816326530612,0.02040816326530612,0,0,4,1,0,0,12,3.0220552088742,1,1,1,1,1,0,0,0,3,13,0,0,0,1,1,0,0,0,0,0,0,0,7,41,2.0794415416798357,3.7376696182833684
-adisagar2003-react-share-on-social,0,0,0,0,0,1,1,0,9,0,1,23,0,1,25,0.5,12.5,0.0007468259895444362,1338,1338,0.0007468259895444362,0.9992531740104555,0,0,1,1,0,1,1,0.5,0.038461538461538464,0.5,0,0,6,1,0,1,35,3.7970204317138028,1,1,1,1,1,1,1,11,81,6863,0,0,0,7,1,0,0,0,1,0,1,1,8,49,2.1972245773362196,3.912023005428146
-ahmed-cli-number-gusessing-game,0,0,0,0,0,2,1,0,1,0,1,1,0,0,2,0.3333333333333333,0.6666666666666666,0.0012077294685990338,827,827,0.0024154589371980675,0.998792270531401,0,0,1,1,0,1,1,0.3333333333333333,0.3333333333333333,0.5,0,0,6,1,0,0,32,3.691428031846024,0,0,0,0,1,0,0,0,31,70,0,0,0,1,1,0,0,0,0,0,0,0,9,45,2.302585092994046,3.828641396489095
-ai-code-optimizer-,0,0,0,0,0,1,1,0,1,0,11,2,0,0,13,5.5,6.5,0.07857142857142857,139,139,0.007142857142857143,0.9928571428571429,0,0,0,1,0,1,1,0.5,0.07142857142857142,0.08333333333333333,0,0,5,1,0,0,19,3.3660913291191914,1,1,1,1,1,1,1,7,66,1343,0,0,0,1,1,0,0,0,0,0,0,0,5,41,1.791759469228055,3.7376696182833684
-ai..5k8-simple-calculator,0,0,0,0,0,4,1,0,3,0,1,1,0,0,2,0.2,0.4,0.001215066828675577,822,810,0.004860267314702308,0.9842041312272175,0,0,1,1,0,1,1,0.2,0.3333333333333333,0.5,0,0,6,1,1,1,26,3.921029621737614,0,0,0,0,1,1,0,0,56,28,0,0,0,1,1,0,0,0,0,0,0,0,9,82,2.302585092994046,4.418840607796598
-ai..5k808-simple-calculator,0,0,0,0,0,1,2,0,4,0,1,1,0,0,2,0.5,1.0,0.001256281407035176,795,795,0.001256281407035176,0.9987437185929648,0,0,1,1,0,1,1,0.5,0.3333333333333333,0.5,0,0,6,1,1,1,28,4.012188403968661,0,0,0,0,1,1,0,0,56,24,0,0,0,1,1,0,0,0,0,0,0,0,6,31,1.9459101490553132,3.4657359027997265
-ai..5k88-simple-calculator,0,0,0,0,0,1,1,0,4,0,1,1,0,0,2,0.5,1.0,0.001256281407035176,795,795,0.001256281407035176,0.9987437185929648,0,0,1,1,0,1,1,0.5,0.3333333333333333,0.5,0,0,6,1,1,1,27,3.930270372293454,0,0,0,0,1,1,0,0,56,24,0,0,0,1,1,0,0,0,0,0,0,0,7,40,2.0794415416798357,3.713572066704308
-ajay-code,0,0,0,0,0,1,1,0,0,0,0,0,0,0,0,0.0,0.0,0.0,747,747,0.001336898395721925,0.9986631016042781,0,0,1,1,0,1,1,0.5,1.0,1.0,0,0,3,1,0,0,10,2.9219280948873623,1,1,1,1,1,1,1,1,14,30,0,0,0,1,1,0,0,0,0,0,0,0,4,33,1.6094379124341003,3.5263605246161616
-akhanhtarzan-dom-utils,0,0,0,0,0,2,2,0,0,0,0,0,0,0,0,0.0,0.0,0.0,509,509,0.00392156862745098,0.9980392156862745,0,0,0,1,0,1,1,0.3333333333333333,1.0,1.0,0,0,4,1,0,0,23,3.7081320646586025,0,0,0,0,1,1,1,4,29,28,0,0,0,0,0,0,0,0,0,0,0,0,8,42,2.1972245773362196,3.7612001156935624
-alysia-npm-package,0,0,0,0,0,2,1,0,1,0,0,0,0,0,0,0.0,0.0,0.0,440,440,0.0045351473922902496,0.9977324263038548,0,0,0,1,0,1,1,0.3333333333333333,1.0,1.0,0,0,4,1,0,0,19,3.471354487013928,0,0,0,0,1,0,0,0,0,28,1,0,0,1,1,0,0,0,0,0,0,0,10,59,2.3978952727983707,4.0943445622221
-arnia-anujanali,0,0,0,0,0,1,1,1,2,0,4,0,0,0,4,2.0,2.0,0.005208333333333333,767,767,0.0013020833333333333,0.9986979166666666,0,0,1,1,0,1,1,0.5,0.2,0.2,0,0,3,1,0,0,16,2.727217001462482,1,1,1,1,1,0,1,6,139,7,0,0,0,1,1,0,0,0,0,0,0,0,5,24,1.791759469228055,3.2188758248682006
-assignment-q45,0,0,0,0,0,1,1,0,0,0,0,1,0,0,1,0.0,0.5,0.0,809,809,0.0012345679012345679,0.9987654320987654,0,0,1,1,0,1,1,0.5,0.5,1.0,0,0,3,1,0,1,15,3.506890595608519,0,0,0,0,1,0,0,0,0,28,1,0,0,1,1,0,0,0,0,0,0,0,5,41,1.791759469228055,3.7376696182833684
-b4rz4-atm-,0,0,0,0,0,1,1,0,1,0,1,1,0,0,2,0.5,1.0,0.0012121212121212121,824,824,0.0012121212121212121,0.9987878787878788,0,0,1,1,0,1,1,0.5,0.3333333333333333,0.5,0,0,4,1,0,1,11,2.845350936622437,0,0,0,0,1,0,0,0,21,31,0,0,0,1,1,0,0,0,0,0,0,0,5,28,1.791759469228055,3.367295829986474
-b4rz4-cli-number-guessing,0,0,0,0,0,1,1,0,0,0,1,1,0,0,2,0.5,1.0,0.0012033694344163659,830,830,0.0012033694344163659,0.9987966305655837,0,0,1,1,0,1,1,0.5,0.3333333333333333,0.5,0,0,5,1,0,1,26,3.700439718141092,0,0,0,0,1,0,0,0,41,66,0,0,0,1,1,0,0,0,0,0,0,0,6,39,1.9459101490553132,3.6888794541139363
-b4rz4-simple-calculator,0,0,0,0,0,2,1,0,1,0,1,1,0,0,2,0.3333333333333333,0.6666666666666666,0.001201923076923077,831,831,0.002403846153846154,0.9987980769230769,0,0,1,1,0,1,1,0.3333333333333333,0.3333333333333333,0.5,0,0,4,1,0,1,24,3.855388542207534,0,0,0,0,1,0,0,0,50,28,0,0,0,1,1,0,0,0,0,0,0,0,8,55,2.1972245773362196,4.02535169073515
-calculator-by-muhammadowais,0,0,0,0,0,1,1,0,0,0,1,1,0,0,2,0.5,1.0,0.0012077294685990338,827,827,0.0012077294685990338,0.998792270531401,0,0,1,1,0,1,1,0.5,0.3333333333333333,0.5,0,0,4,1,0,0,28,3.7673757978160416,0,0,0,0,1,0,0,0,0,28,1,0,0,1,1,0,0,0,0,0,0,0,3,36,1.3862943611198906,3.6109179126442243
-calculator-by-muhammadowais-updated-,0,0,0,0,0,1,1,0,1,0,1,1,0,0,2,0.5,1.0,0.0012077294685990338,827,827,0.0012077294685990338,0.998792270531401,0,0,1,1,0,1,1,0.5,0.3333333333333333,0.5,0,0,6,1,0,0,37,3.874748555216676,0,0,0,0,1,0,0,0,0,28,1,0,0,1,1,0,0,0,0,0,0,0,5,22,1.791759469228055,3.1354942159291497
-calculator5223,0,0,0,0,0,3,1,0,2,0,1,1,0,0,2,0.25,0.5,0.0012674271229404308,788,787,0.0038022813688212928,0.9974651457541192,0,0,1,1,0,1,1,0.25,0.3333333333333333,0.5,0,0,2,1,0,1,15,3.3735572622751855,0,0,0,0,1,1,0,0,57,24,0,0,0,1,1,0,0,0,0,0,0,0,9,65,2.302585092994046,4.189654742026425
-cascade-all,0,0,0,0,0,2,2,0,0,0,23,49,0,1,73,7.666666666666667,24.333333333333332,0.019311502938706968,1190,1189,0.0016792611251049538,0.998320738874895,0,0,1,1,0,1,1,0.3333333333333333,0.013513513513513514,0.041666666666666664,0,0,3,1,0,0,12,2.688721875540867,1,1,1,1,1,1,0,0,152,6137,0,0,0,32,1,0,0,1,1,0,1,1,11,52,2.4849066497880004,3.970291913552122
-czar23,0,0,0,0,0,1,1,0,0,0,0,0,0,0,0,0.0,0.0,0.0,1492,1492,0.0006697923643670462,0.999330207635633,0,0,1,1,0,1,1,0.5,1.0,1.0,0,0,2,1,0,1,7,2.807354922057604,0,0,0,0,1,0,0,0,0,28,1,0,0,1,1,0,0,0,0,0,0,0,5,39,1.791759469228055,3.6888794541139363
-d3-ushape,1,1,0,1,0,1,0,0,1,0,0,0,0,0,0,0.0,0.0,0.0,1412,1046,0.0007077140835102619,0.7402689313517339,0,0,1,1,0,1,1,0.5,1.0,1.0,0,0,3,1,0,1,10,3.121928094887362,1,0,0,0,0,0,0,0,24,0,0,0,0,0,0,0,0,0,0,0,0,0,22,249,3.1354942159291497,5.521460917862246
-daniyalfarooqui-word-counter,0,0,0,0,0,1,1,0,0,0,1,1,0,0,2,0.5,1.0,0.0012453300124533001,802,802,0.0012453300124533001,0.9987546699875467,0,0,1,1,0,1,1,0.5,0.3333333333333333,0.5,0,0,4,1,0,0,29,3.8143719431796272,0,0,0,0,1,0,0,0,0,28,1,0,0,1,1,0,0,0,0,0,0,0,7,39,2.0794415416798357,3.6888794541139363
-ethomson-test-package,0,0,0,0,0,1,1,0,0,0,0,0,0,0,0,0.0,0.0,0.0,1778,1549,0.0005621135469364812,0.8707138842046094,0,0,1,1,0,1,1,0.5,1.0,1.0,0,0,4,1,0,0,22,3.538310595615006,0,0,0,0,1,0,0,0,0,28,1,0,0,1,1,0,0,0,0,0,0,0,8,42,2.1972245773362196,3.7612001156935624
-f0re7tpunk-resume,0,0,0,0,0,3,1,0,2,0,0,0,0,0,0,0.0,0.0,0.0,1932,830,0.0015519917227108122,0.42938437661665807,0,0,1,1,0,1,1,0.25,1.0,1.0,0,0,3,1,0,1,18,3.5724312513221195,0,0,0,0,1,0,0,0,8,9,0,0,1,1,1,0,0,0,0,0,0,0,7,67,2.0794415416798357,4.219507705176107
-fbano1-calculator,0,0,0,0,0,1,1,0,0,0,1,1,0,0,2,0.5,1.0,0.001218026796589525,820,820,0.001218026796589525,0.9987819732034104,0,0,1,1,0,1,1,0.5,0.3333333333333333,0.5,0,0,3,1,0,1,18,3.4613201402110083,0,0,0,0,1,1,0,0,0,28,1,0,0,1,1,0,0,0,0,0,0,0,5,20,1.791759469228055,3.044522437723423
-fides-amor-et-lux,0,0,0,0,0,1,1,0,0,0,11,0,0,0,11,5.5,5.5,0.014211886304909561,773,773,0.0012919896640826874,0.9987080103359173,0,0,1,1,0,1,1,0.5,0.08333333333333333,0.08333333333333333,0,0,5,1,0,0,18,3.614369445886757,0,0,0,0,1,0,0,0,0,20,1,0,0,1,1,0,0,0,0,0,0,0,7,31,2.0794415416798357,3.4657359027997265
-g-bypong,0,0,0,0,0,1,1,0,6,0,0,0,0,0,0,0.0,0.0,0.0,1232,1232,0.0008110300081103001,0.9991889699918897,0,0,1,1,0,1,1,0.5,1.0,1.0,0,0,3,1,0,0,9,2.725480556997868,0,0,0,0,1,0,0,0,7,28,0,0,0,1,1,0,0,0,0,0,0,0,7,37,2.0794415416798357,3.6375861597263857
-gbootstrap,0,0,0,0,0,1,1,0,0,0,0,0,0,0,0,0.0,0.0,0.0,714,714,0.0013986013986013986,0.9986013986013986,0,0,0,1,0,1,1,0.5,1.0,1.0,0,0,2,1,0,0,11,3.095795255000934,0,0,0,0,1,1,1,1,9,28,0,0,0,2,1,0,0,1,0,0,1,1,67,260,4.219507705176107,5.564520407322694
-gchalk,0,0,0,0,0,1,1,0,0,0,0,0,0,0,0,0.0,0.0,0.0,714,714,0.0013986013986013986,0.9986013986013986,0,0,0,1,0,1,1,0.5,1.0,1.0,0,0,2,1,0,0,7,2.807354922057604,0,0,0,0,1,1,1,1,9,28,0,0,0,2,1,0,0,1,0,0,1,1,68,282,4.23410650459726,5.645446897643238
-gcommander,0,0,0,0,0,1,1,0,0,0,0,0,0,0,0,0.0,0.0,0.0,712,712,0.001402524544179523,0.9985974754558204,0,0,0,1,0,1,1,0.5,1.0,1.0,0,0,2,1,0,0,11,3.2776134368191165,0,0,0,0,1,1,1,1,9,28,0,0,0,2,1,0,0,1,0,0,1,1,57,243,4.060443010546419,5.497168225293202
-gcsv-parse,0,0,0,0,0,1,1,0,0,0,0,0,0,0,0,0.0,0.0,0.0,712,712,0.001402524544179523,0.9985974754558204,0,0,0,1,0,1,1,0.5,1.0,1.0,0,0,3,1,0,0,11,3.095795255000934,0,0,0,0,1,1,1,1,9,28,0,0,0,2,1,0,0,1,0,0,1,1,56,270,4.04305126783455,5.602118820879701
-gdompurify,0,0,0,0,0,1,1,0,0,0,0,0,0,0,0,0.0,0.0,0.0,714,714,0.0013986013986013986,0.9986013986013986,0,0,0,1,0,1,1,0.5,1.0,1.0,0,0,2,1,0,0,11,3.459431618637298,0,0,0,0,1,1,1,1,9,28,0,0,0,2,1,0,0,1,0,0,1,1,57,270,4.060443010546419,5.602118820879701
-gestion-apprenants,0,0,0,0,0,2,1,0,1,0,6,10,0,0,16,2.0,5.333333333333333,0.020202020202020204,296,296,0.006734006734006734,0.9966329966329966,0,0,0,1,0,1,1,0.3333333333333333,0.058823529411764705,0.14285714285714285,0,0,3,1,0,0,19,3.3660913291191927,0,0,0,0,1,0,0,0,0,28,1,0,0,5,1,0,0,0,0,0,0,0,10,46,2.3978952727983707,3.8501476017100584
-gexpress,0,0,0,0,0,1,1,0,1,0,0,0,0,0,0,0.0,0.0,0.0,712,712,0.001402524544179523,0.9985974754558204,0,0,0,1,0,1,1,0.5,1.0,1.0,0,0,2,1,0,0,9,2.725480556997868,0,0,0,0,1,1,1,1,9,28,0,0,0,2,1,0,0,1,0,0,1,1,57,264,4.060443010546419,5.579729825986222
-ginquirer,0,0,0,0,0,1,1,0,0,0,0,0,0,0,0,0.0,0.0,0.0,714,714,0.0013986013986013986,0.9986013986013986,0,0,0,1,0,1,1,0.5,1.0,1.0,0,0,2,1,0,0,10,2.9219280948873623,0,0,0,0,1,1,1,1,9,28,0,0,0,2,1,0,0,1,0,0,1,1,57,252,4.060443010546419,5.53338948872752
-global-styles-react-app,0,0,0,0,0,1,0,0,2,0,2,5,0,0,7,1.0,3.5,0.0016792611251049538,1190,1190,0.0008396305625524769,0.9991603694374476,0,0,1,1,0,1,1,0.5,0.125,0.3333333333333333,0,0,5,1,0,0,24,3.5220552088742005,0,0,0,0,0,0,0,0,0,0,1,0,0,3,1,0,0,0,0,0,0,0,5,30,1.791759469228055,3.4339872044851463
-glodash,0,0,0,0,0,1,1,0,0,0,0,0,0,0,0,0.0,0.0,0.0,714,714,0.0013986013986013986,0.9986013986013986,0,0,0,1,0,1,1,0.5,1.0,1.0,0,0,2,1,0,0,8,3.0,0,0,0,0,1,1,1,1,9,28,0,0,0,2,1,0,0,1,0,0,1,1,57,227,4.060443010546419,5.429345628954441
-gnext,0,0,0,0,0,1,1,0,0,0,0,0,0,0,0,0.0,0.0,0.0,714,714,0.0013986013986013986,0.9986013986013986,0,0,0,1,0,1,1,0.5,1.0,1.0,0,0,2,1,0,0,6,2.584962500721156,0,0,0,0,1,1,1,1,9,28,0,0,0,2,1,0,0,1,0,0,1,1,66,266,4.204692619390966,5.58724865840025
-gpostcss,0,0,0,0,0,1,1,0,0,0,0,0,0,0,0,0.0,0.0,0.0,712,712,0.001402524544179523,0.9985974754558204,0,0,0,1,0,1,1,0.5,1.0,1.0,0,0,2,1,0,0,9,2.6416041678685938,0,0,0,0,1,1,1,1,9,28,0,0,0,2,1,0,0,1,0,0,1,1,67,270,4.219507705176107,5.602118820879701
-gpreact,0,0,0,0,0,1,1,0,0,0,0,0,0,0,0,0.0,0.0,0.0,712,712,0.001402524544179523,0.9985974754558204,0,0,0,1,0,1,1,0.5,1.0,1.0,0,0,2,1,0,0,8,3.0,0,0,0,0,1,1,1,1,9,28,0,0,0,2,1,0,0,1,0,0,1,1,67,275,4.219507705176107,5.62040086571715
-grandom-job-selector,0,0,0,0,0,1,1,0,0,0,0,0,0,0,0,0.0,0.0,0.0,714,714,0.0013986013986013986,0.9986013986013986,0,0,0,1,0,1,1,0.5,1.0,1.0,0,0,4,1,0,0,21,3.748994803525096,0,0,0,0,1,1,1,1,9,28,0,0,0,2,1,0,0,1,0,0,1,1,5,36,1.791759469228055,3.6109179126442243
-graphql-codegen-client-preset-swc-test,0,0,0,0,0,3,2,0,3,0,0,0,0,0,0,0.0,0.0,0.0,1228,1228,0.0024410089503661514,0.9991863303498779,0,0,1,1,0,1,1,0.25,1.0,1.0,0,0,7,1,0,0,39,3.784650295452484,1,1,0,0,1,0,0,0,41,0,0,0,0,3,1,0,0,0,0,0,0,0,8,50,2.1972245773362196,3.9318256327243257
-greact-docgen,0,0,0,0,0,1,1,0,0,0,0,0,0,0,0,0.0,0.0,0.0,712,712,0.001402524544179523,0.9985974754558204,0,0,0,1,0,1,1,0.5,1.0,1.0,0,0,3,1,0,0,14,3.2359263506290326,0,0,0,0,1,1,1,1,9,28,0,0,0,2,1,0,0,1,0,0,1,1,67,277,4.219507705176107,5.627621113690637
-greact-dom,0,0,0,0,0,3,999,0,0,1,0,0,0,0,0,0.0,0.0,0.0,714,712,0.004195804195804196,0.9958041958041958,0,0,0,1,0,1,1,0.25,1.0,1.0,0,0,3,1,0,0,11,3.277613436819116,0,0,0,0,1,1,1,1,9,28,0,0,0,2,1,0,0,1,0,0,1,1,161,793,5.087596335232384,6.677083461247136
-greact-native,0,0,0,0,0,1,1,0,0,0,0,0,0,0,0,0.0,0.0,0.0,712,712,0.001402524544179523,0.9985974754558204,0,0,0,1,0,1,1,0.5,1.0,1.0,0,0,3,1,0,0,14,3.2359263506290334,0,0,0,0,1,1,1,1,9,28,0,0,0,2,1,0,0,1,0,0,1,1,57,247,4.060443010546419,5.5134287461649825
-grimraf,0,0,0,0,0,1,1,0,0,0,0,0,0,0,0,0.0,0.0,0.0,712,712,0.001402524544179523,0.9985974754558204,0,0,0,1,0,1,1,0.5,1.0,1.0,0,0,2,1,0,0,8,2.75,0,0,0,0,1,1,1,1,9,28,0,0,0,2,1,0,0,1,0,0,1,1,56,250,4.04305126783455,5.5254529391317835
-gsatoki,0,0,0,0,0,1,1,0,0,0,0,0,0,0,0,0.0,0.0,0.0,708,708,0.0014104372355430183,0.998589562764457,0,0,0,1,0,1,1,0.5,1.0,1.0,0,0,2,1,0,0,8,3.0,0,0,0,0,1,1,1,1,9,28,0,0,0,2,1,0,0,1,0,0,1,1,7,25,2.0794415416798357,3.258096538021482
-gsocket.io,0,0,0,0,0,1,1,0,0,0,0,0,0,0,0,0.0,0.0,0.0,712,712,0.001402524544179523,0.9985974754558204,0,0,0,1,0,1,1,0.5,1.0,1.0,0,0,3,1,1,0,11,3.277613436819116,0,0,0,0,1,1,1,1,9,28,0,0,0,2,1,0,0,1,0,0,1,1,57,238,4.060443010546419,5.476463551931511
-gtslib,0,0,0,0,0,1,1,0,0,0,0,0,0,0,0,0.0,0.0,0.0,714,714,0.0013986013986013986,0.9986013986013986,0,0,0,1,0,1,1,0.5,1.0,1.0,0,0,2,1,0,0,7,2.807354922057604,0,0,0,0,1,1,1,1,9,28,0,0,0,2,1,0,0,1,0,0,1,1,57,251,4.060443010546419,5.529429087511423
-guaage-,0,0,0,0,0,1,1,0,3,0,0,1,0,0,1,0.0,0.5,0.0,680,680,0.0014684287812041115,0.9985315712187959,0,0,0,1,0,1,1,0.5,0.5,1.0,0,0,3,1,0,0,8,2.25,0,0,0,0,1,0,0,0,0,28,1,0,0,2,1,0,0,0,0,0,0,0,8,27,2.1972245773362196,3.332204510175204
-gvite,0,0,0,0,0,1,1,0,0,0,0,0,0,0,0,0.0,0.0,0.0,712,712,0.001402524544179523,0.9985974754558204,0,0,0,1,0,1,1,0.5,1.0,1.0,0,0,2,1,0,0,6,2.584962500721156,0,0,0,0,1,1,1,1,9,28,0,0,0,2,1,0,0,1,0,0,1,1,67,287,4.219507705176107,5.662960480135946
-gzip-ize,1,1,0,1,0,1,0,0,1,0,0,0,0,0,0,0.0,0.0,0.0,1412,1046,0.0007077140835102619,0.7402689313517339,0,0,1,1,0,1,1,0.5,1.0,1.0,0,0,3,1,0,0,9,2.5032583347756456,1,0,0,0,0,0,0,0,24,0,0,0,0,0,0,0,0,0,0,0,0,0,16,236,2.833213344056216,5.4680601411351315
-harseurl,1,1,0,1,0,1,0,0,1,0,0,0,0,0,0,0.0,0.0,0.0,1412,1046,0.0007077140835102619,0.7402689313517339,0,0,1,1,0,1,1,0.5,1.0,1.0,0,0,2,1,0,0,9,2.94770277922009,1,0,0,0,0,0,0,0,24,0,0,0,0,0,0,0,0,0,0,0,0,0,21,250,3.091042453358316,5.5254529391317835
-hes-plugion,0,0,0,0,0,1,0,0,1,0,0,0,0,0,0,0.0,0.0,0.0,1793,1549,0.0005574136008918618,0.8634336677814939,0,0,1,1,0,1,1,0.5,1.0,1.0,0,0,3,1,0,0,12,3.418295834054489,1,1,1,1,1,0,0,0,11,28,0,0,0,1,1,0,0,0,0,0,0,0,7,30,2.0794415416798357,3.4339872044851463
-keyboardevent,0,0,0,0,0,1,1,0,0,0,0,0,0,0,0,0.0,0.0,0.0,2105,1549,0.0004748338081671415,0.7355175688509021,0,0,1,1,0,1,1,0.5,1.0,1.0,0,0,2,1,0,0,14,3.4677201004744997,1,1,1,1,1,1,0,0,6,26,0,0,0,1,1,0,0,0,0,0,0,0,5,26,1.791759469228055,3.295836866004329
-legit-pixel-gun-3d-gems-generator-2023-no-verify,0,0,0,0,0,1,1,0,1,0,0,0,0,0,0,0.0,0.0,0.0,1191,1191,0.0008389261744966443,0.9991610738255033,0,0,1,1,0,1,1,0.5,1.0,1.0,0,0,10,1,0,1,49,4.057490200772389,0,0,0,0,1,1,1,1,31,1313,0,0,0,1,1,0,0,0,0,0,0,0,45,129,3.828641396489095,4.867534450455582
-lidonghui,0,0,0,0,0,1,1,0,0,0,3,0,0,0,3,1.5,1.5,0.001325088339222615,2263,1549,0.00044169611307420494,0.6841872791519434,0,0,1,1,0,1,1,0.5,0.25,0.25,0,0,2,1,0,0,10,3.121928094887362,0,0,0,0,1,0,0,0,0,28,1,0,0,1,1,0,0,0,0,0,0,0,5,37,1.791759469228055,3.6375861597263857
-list-application,0,0,0,0,0,1,2,0,0,0,2,1,0,0,3,1.0,1.5,0.0026246719160104987,761,761,0.0013123359580052493,0.9986876640419947,0,0,1,1,0,1,1,0.5,0.25,0.3333333333333333,0,0,3,1,0,0,17,3.2195282822995477,0,0,0,0,1,0,0,0,0,28,1,0,0,1,1,0,0,0,0,0,0,0,7,31,2.0794415416798357,3.4657359027997265
-liuxin,0,0,0,0,0,1,1,0,0,0,2,0,0,0,2,1.0,1.0,0.0010695187165775401,1869,1549,0.0005347593582887701,0.8283422459893048,0,0,1,1,0,1,1,0.5,0.3333333333333333,0.3333333333333333,0,0,2,1,0,0,7,2.5216406363433186,0,0,0,0,1,0,0,0,0,28,1,0,0,1,1,0,0,0,0,0,0,0,8,32,2.1972245773362196,3.4965075614664802
-llscw-react-cli,0,0,0,0,0,8,1,1,0,0,10,0,0,0,10,1.1111111111111112,1.1111111111111112,0.005668934240362812,1763,1542,0.0045351473922902496,0.8741496598639455,0,0,1,1,0,1,1,0.1111111111111111,0.09090909090909091,0.09090909090909091,0,0,4,1,0,0,16,3.1084585933443494,1,1,1,1,1,0,0,0,9,0,0,0,0,1,1,0,0,0,0,0,0,0,8,101,2.1972245773362196,4.624972813284271
-lorenzovecchi-react-native-esptouch-2-forked,0,0,0,0,0,35,0,2,0,0,0,19,0,2,21,0.0,0.5833333333333334,0.0,1069,1020,0.03271028037383177,0.9532710280373832,0,0,1,1,0,1,1,0.027777777777777776,0.045454545454545456,1.0,0,0,7,1,0,1,45,4.013423651596768,1,1,1,1,1,1,1,3,70,2148,0,0,0,7,1,0,0,0,0,0,0,0,10,257,2.3978952727983707,5.552959584921617
-m20-simple-calculator,0,0,0,0,0,2,1,0,1,0,1,1,0,0,2,0.3333333333333333,0.6666666666666666,0.0012004801920768306,832,832,0.0024009603841536613,0.9987995198079231,0,0,1,1,0,1,1,0.3333333333333333,0.3333333333333333,0.5,0,0,4,1,0,1,22,3.754441845713345,0,0,0,0,1,0,0,0,57,28,0,0,0,1,1,0,0,0,0,0,0,0,7,54,2.0794415416798357,4.007333185232471
-m7ra3-calculator,0,0,0,0,0,1,1,0,0,0,1,1,0,0,2,0.5,1.0,0.001199040767386091,833,833,0.001199040767386091,0.9988009592326139,0,0,1,1,0,1,1,0.5,0.3333333333333333,0.5,0,0,3,1,0,1,17,3.337175341123077,0,0,0,0,1,1,0,0,56,28,0,0,0,1,1,0,0,0,0,0,0,0,5,21,1.791759469228055,3.091042453358316
-mfxp,0,0,0,0,0,1,0,0,0,0,2,0,0,0,2,1.0,1.0,0.0010857763300760044,1841,1549,0.0005428881650380022,0.8409337676438654,0,0,1,1,0,1,1,0.5,0.3333333333333333,0.3333333333333333,0,0,2,1,0,0,5,2.321928094887362,0,0,0,0,1,0,0,0,7,7,0,0,0,1,1,0,0,0,0,0,0,0,11,32,2.4849066497880004,3.4965075614664802
-my_bank-project-11,0,0,0,0,0,1,1,0,0,0,1,2,0,0,3,0.5,1.5,0.0013003901170351106,768,768,0.0013003901170351106,0.9986996098829649,0,0,1,1,0,1,1,0.5,0.25,0.5,0,0,5,1,0,1,19,3.892407118592875,0,0,0,0,1,0,0,0,0,28,1,0,0,1,1,0,0,0,0,0,0,0,6,36,1.9459101490553132,3.6109179126442243
-npm-package-tutxxxxxxyyyyzzz,0,0,0,0,0,1,0,0,1,0,0,2,0,0,2,0.0,1.0,0.0,448,448,0.0022271714922048997,0.9977728285077951,0,0,0,1,0,1,1,0.5,0.3333333333333333,1.0,0,0,4,1,0,0,29,3.5124792706912316,1,1,1,1,1,1,1,1,20,95,0,0,0,1,1,0,0,0,0,0,0,0,8,32,2.1972245773362196,3.4965075614664802
-npm_publish2.0,0,0,0,0,0,2,2,0,0,0,0,0,0,0,0,0.0,0.0,0.0,1356,1356,0.0014738393515106854,0.9992630803242447,0,0,1,1,0,1,1,0.3333333333333333,1.0,1.0,0,0,4,1,1,1,15,3.773557262275185,0,0,0,0,1,0,0,0,37,28,0,0,0,1,1,0,0,0,0,0,0,0,5,54,1.791759469228055,4.007333185232471
-number-game-codeverse,0,0,0,0,0,1,1,0,2,0,1,1,0,0,2,0.5,1.0,0.0012077294685990338,827,827,0.0012077294685990338,0.998792270531401,0,0,1,1,0,1,1,0.5,0.3333333333333333,0.5,0,0,4,1,0,0,22,3.5337712560645564,0,0,0,0,1,0,0,0,0,28,1,0,0,1,1,0,0,0,0,0,0,0,7,39,2.0794415416798357,3.6888794541139363
-number-guessing-game-by-muhammadowais,0,0,0,0,0,1,1,0,0,0,1,1,0,0,2,0.5,1.0,0.0012077294685990338,827,827,0.0012077294685990338,0.998792270531401,0,0,1,1,0,1,1,0.5,0.3333333333333333,0.5,0,0,6,1,0,0,38,3.7679582777191776,0,0,0,0,1,0,0,0,0,28,1,0,0,1,1,0,0,0,0,0,0,0,7,29,2.0794415416798357,3.4011973816621555
-number-guessing-game-by-muhammadowais-updated-,0,0,0,0,0,1,1,0,1,0,1,1,0,0,2,0.5,1.0,0.0012077294685990338,827,827,0.0012077294685990338,0.998792270531401,0,0,1,1,0,1,1,0.5,0.3333333333333333,0.5,0,0,8,1,0,0,47,3.870856342959185,0,0,0,0,1,0,0,0,0,28,1,0,0,1,1,0,0,0,0,0,0,0,6,43,1.9459101490553132,3.784189633918261
-pem-misa,1,1,0,0,0,1,1,3,3,0,2,0,0,0,2,1.0,1.0,0.002600780234070221,768,768,0.0013003901170351106,0.9986996098829649,0,0,1,1,0,1,1,0.5,0.3333333333333333,0.3333333333333333,0,0,3,1,0,0,9,2.725480556997868,1,1,1,1,1,0,1,6,154,11,0,0,0,1,1,0,0,0,0,0,0,0,21,270,3.091042453358316,5.602118820879701
-price-checker,0,0,0,0,0,4,1,0,0,0,7,0,0,0,7,1.4,1.4,0.008323424494649227,840,840,0.0047562425683709865,0.9988109393579072,0,0,1,1,0,1,1,0.2,0.125,0.125,0,0,3,1,0,0,14,2.8423709931771084,1,1,1,1,1,1,0,0,12,1542,0,0,0,1,1,0,0,0,0,0,0,0,9,75,2.302585092994046,4.330733340286331
-projct_10-o_o_p,0,0,0,0,0,1,1,0,0,0,1,2,0,0,3,0.5,1.5,0.0013003901170351106,768,768,0.0013003901170351106,0.9986996098829649,0,0,1,1,0,1,1,0.5,0.25,0.5,0,0,6,1,0,1,16,3.1556390622295662,0,0,0,0,1,0,0,0,0,28,1,0,0,1,1,0,0,0,0,0,0,0,6,28,1.9459101490553132,3.367295829986474
-react-file-list-components,0,0,0,0,0,1,1,1,1,0,10,4,0,0,14,5.0,7.0,0.01288659793814433,775,775,0.001288659793814433,0.9987113402061856,0,0,1,1,0,1,1,0.5,0.06666666666666667,0.09090909090909091,0,0,5,1,0,0,27,3.661932872373582,0,0,0,0,0,0,0,0,100,3359,0,0,0,5,1,0,0,0,0,0,0,0,7,50,2.0794415416798357,3.9318256327243257
-reaume,0,0,0,0,0,2,1,0,1,0,0,0,0,0,0,0.0,0.0,0.0,1932,1549,0.0010346611484738748,0.801345059493016,0,0,1,1,0,1,1,0.3333333333333333,1.0,1.0,0,0,2,1,0,0,7,2.521640636343318,0,0,0,0,1,0,0,0,11,34,0,0,0,1,1,0,0,0,0,0,0,0,9,37,2.302585092994046,3.6375861597263857
-redux-forjm,1,1,0,1,0,1,0,0,1,0,0,0,0,0,0,0.0,0.0,0.0,1412,1046,0.0007077140835102619,0.7402689313517339,0,0,1,1,0,1,1,0.5,1.0,1.0,0,0,3,1,0,0,12,3.251629167387823,1,0,0,0,0,0,0,0,24,0,0,0,0,0,0,0,0,0,0,0,0,0,21,271,3.091042453358316,5.605802066295998
-reylegh-ineartea,0,0,0,0,0,2,2,2,2,0,0,0,0,0,0,0.0,0.0,0.0,839,839,0.002380952380952381,0.9988095238095238,0,0,1,1,0,1,1,0.3333333333333333,1.0,1.0,0,0,3,1,0,0,17,3.2639334294856344,1,1,1,1,1,1,0,0,23,19,0,0,0,1,1,0,0,0,0,0,0,0,7,57,2.0794415416798357,4.060443010546419
-rypto-ompareinfo,0,0,0,0,0,1,1,0,0,0,1,0,0,0,1,0.5,0.5,0.001199040767386091,833,833,0.001199040767386091,0.9988009592326139,0,0,1,1,0,1,1,0.5,0.5,0.5,0,0,3,1,0,0,17,3.4548223999466066,1,1,1,1,1,1,0,0,17,40,0,0,0,1,1,0,0,0,0,0,0,0,12,55,2.5649493574615367,4.02535169073515
-s2ik1-simple-calculator,0,0,0,0,0,1,1,0,0,0,1,1,0,0,2,0.5,1.0,0.0012165450121654502,821,821,0.0012165450121654502,0.9987834549878345,0,0,1,1,0,1,1,0.5,0.3333333333333333,0.5,0,0,4,1,0,1,24,3.855388542207534,0,0,0,0,1,1,0,0,57,28,0,0,0,1,1,0,0,0,0,0,0,0,5,25,1.791759469228055,3.258096538021482
-saba-quiz-system,0,0,0,0,0,1,1,0,0,0,1,0,0,0,1,0.5,0.5,0.0013192612137203166,757,757,0.0013192612137203166,0.9986807387862797,0,0,1,1,0,1,1,0.5,0.5,0.5,0,0,4,1,0,0,17,3.41041725276052,0,0,0,0,1,0,0,0,0,28,1,0,0,1,1,0,0,0,0,0,0,0,5,37,1.791759469228055,3.6375861597263857
-sandukun23491,0,0,0,0,0,1,1,0,0,0,0,0,0,0,0,0.0,0.0,0.0,822,822,0.001215066828675577,0.9987849331713244,0,0,1,1,0,1,1,0.5,1.0,1.0,0,0,2,1,0,1,14,3.521640636343319,1,1,1,1,1,0,0,0,0,28,1,0,0,1,1,0,0,0,0,0,0,0,8,44,2.1972245773362196,3.8066624897703196
-shaz-react-rich-text-editor,0,0,0,0,0,2,0,1,1,0,5,6,0,2,13,1.6666666666666667,4.333333333333333,0.013123359580052493,380,380,0.005249343832020997,0.9973753280839895,0,0,0,1,0,1,1,0.3333333333333333,0.07142857142857142,0.16666666666666666,0,0,6,1,0,0,28,3.481661512101756,1,1,1,1,1,1,1,6,144,925,0,0,0,4,1,0,0,0,0,0,0,0,10,60,2.3978952727983707,4.110873864173311
-shaz-tailwindcss-ui-kit,0,0,0,0,0,1,1,0,0,0,0,11,0,0,11,0.0,5.5,0.0,439,439,0.0022727272727272726,0.9977272727272727,0,0,0,1,0,1,1,0.5,0.08333333333333333,1.0,0,0,5,1,0,0,24,3.5535088547976783,0,0,0,0,1,1,1,4,84,174,0,0,0,3,1,0,0,0,0,0,0,0,9,46,2.302585092994046,3.8501476017100584
-sindh-it-_c.l.i-_-calculator_----,0,0,0,0,0,1,1,0,0,0,1,1,0,0,2,0.5,1.0,0.0012004801920768306,832,832,0.0012004801920768306,0.9987995198079231,0,0,1,1,0,1,1,0.5,0.3333333333333333,0.5,0,0,15,1,1,0,34,3.5124959288493187,0,0,0,0,1,0,0,0,18,28,0,0,0,1,1,0,0,0,0,0,0,0,6,43,1.9459101490553132,3.784189633918261
-sisisi-carcarritoooo-itsur-javierjacob-s22120207,0,0,0,0,0,1,1,0,1,0,0,0,0,2,2,0.0,1.0,0.0,797,797,0.0012531328320802004,0.9987468671679198,0,0,1,1,0,1,1,0.5,0.3333333333333333,1.0,0,0,6,1,0,1,49,3.8044399583144397,0,0,0,0,1,1,1,3,71,742,0,0,0,1,1,0,0,0,0,0,0,0,7,45,2.0794415416798357,3.828641396489095
-slengdorje,0,0,0,0,0,1,1,0,0,0,1,0,0,0,1,0.5,0.5,0.0011961722488038277,835,835,0.0011961722488038277,0.9988038277511961,0,0,1,1,0,1,1,0.5,0.5,0.5,0,0,2,1,0,0,11,3.277613436819116,1,1,1,1,1,1,0,0,11,28,0,0,0,1,1,0,0,0,0,0,0,0,7,30,2.0794415416798357,3.4339872044851463
-sonforms,0,0,0,0,0,1,1,0,0,0,0,0,0,0,0,0.0,0.0,0.0,1014,1014,0.0009852216748768472,0.9990147783251232,0,0,1,1,0,1,1,0.5,1.0,1.0,0,0,2,1,0,0,9,2.725480556997868,0,0,0,0,1,1,0,0,33,28,0,0,0,1,1,0,0,0,0,0,0,0,7,40,2.0794415416798357,3.713572066704308
-t-h-29-quiz-system,0,0,0,0,0,1,1,0,0,0,2,1,0,0,3,1.0,1.5,0.002652519893899204,753,753,0.001326259946949602,0.9986737400530504,0,0,1,1,0,1,1,0.5,0.25,0.3333333333333333,0,0,6,1,0,1,19,3.4263674884732263,0,0,0,0,1,0,0,0,32,57,0,0,0,1,1,0,0,0,0,0,0,0,7,30,2.0794415416798357,3.4339872044851463
-teaswap-uniswap-sdk,0,0,0,0,0,1,1,0,0,0,0,0,0,0,0,0.0,0.0,0.0,846,846,0.0011806375442739079,0.9988193624557261,0,0,1,1,0,1,1,0.5,1.0,1.0,0,0,4,1,0,0,20,3.408694969562842,0,0,0,0,1,0,0,0,12,36,0,0,0,1,1,0,0,0,0,0,0,0,12,44,2.5649493574615367,3.8066624897703196
-temp-electron-manager-somiibo,0,0,0,0,0,1,0,0,200,0,30,0,0,4,34,15.0,17.0,0.02207505518763797,1358,1358,0.0007358351729212656,0.9992641648270787,0,0,1,1,0,1,1,0.5,0.02857142857142857,0.03225806451612903,0,0,5,1,0,0,30,3.7232314287976207,1,1,1,1,1,1,1,4,96,9532,0,0,0,2,1,0,0,0,0,0,0,0,10,29,2.3978952727983707,3.4011973816621555
-template-1.0.0xuanyi,0,0,0,0,0,1,1,0,0,0,0,0,0,0,0,0.0,0.0,0.0,1219,1219,0.000819672131147541,0.9991803278688525,0,0,1,1,0,1,1,0.5,1.0,1.0,0,0,5,1,1,1,21,3.8208888513501886,0,0,0,0,1,0,0,0,7,28,0,0,0,1,1,0,0,0,0,0,0,0,7,43,2.0794415416798357,3.784189633918261
-test-bitbucket-branch-manager,0,0,0,0,0,1,1,0,1,0,4,5,0,0,9,2.0,4.5,0.0022087244616234127,1810,1549,0.0005521811154058532,0.8553285477636665,0,0,1,1,0,1,1,0.5,0.1,0.2,0,0,5,1,0,0,30,3.698068512058838,1,1,1,1,1,1,1,5,24,4570,0,0,0,5,1,0,0,0,0,0,0,0,9,29,2.302585092994046,3.4011973816621555
-test-el,0,0,0,0,0,1,1,0,0,0,0,29,0,2,31,0.0,15.5,0.0,1027,1027,0.0009727626459143969,0.9990272373540856,0,0,1,1,0,1,1,0.5,0.03125,1.0,0,0,3,1,0,0,8,2.25,0,0,0,0,1,0,0,0,0,28,1,0,0,6,1,0,0,0,0,0,0,0,8,48,2.1972245773362196,3.8918202981106265
-tlecoeuv,0,0,0,0,0,1,1,0,0,0,0,0,0,0,0,0.0,0.0,0.0,2281,1549,0.00043821209465381246,0.6787905346187555,0,0,1,1,0,1,1,0.5,1.0,1.0,0,0,2,1,0,0,9,2.9477027792200903,1,1,1,1,1,1,1,3,19,14,0,0,0,1,1,0,0,0,0,0,0,0,8,33,2.1972245773362196,3.5263605246161616
-todo--app11,0,0,0,0,0,1,1,1,0,0,1,1,0,0,2,0.5,1.0,0.0012254901960784314,815,815,0.0012254901960784314,0.9987745098039216,0,0,1,1,0,1,1,0.5,0.3333333333333333,0.5,0,0,4,1,0,1,12,2.6887218755408666,0,0,0,0,1,1,0,0,48,28,0,0,0,1,1,0,0,0,0,0,0,0,8,29,2.1972245773362196,3.4011973816621555
-tompan-reacttemplate,0,0,0,0,0,9,1,1,0,0,19,0,0,0,19,1.9,1.9,0.009254749147588894,2052,1549,0.00438382854359474,0.7545056015586946,0,0,1,1,0,1,1,0.1,0.05,0.05,0,0,3,1,0,0,21,3.2728043273346197,1,1,1,1,1,1,0,0,42,27,0,0,0,4,1,0,0,0,0,0,0,0,12,127,2.5649493574615367,4.852030263919617
-ui-kit-mz,0,0,0,0,0,2,0,0,2,0,3,20,0,2,25,1.0,8.333333333333334,0.007874015748031496,380,380,0.005249343832020997,0.9973753280839895,0,0,0,1,0,1,1,0.3333333333333333,0.038461538461538464,0.25,0,0,4,1,0,0,10,2.6464393446710153,0,0,0,0,0,0,0,0,99,1942,0,0,0,6,1,0,0,0,0,0,0,0,10,43,2.3978952727983707,3.784189633918261
-unete-cli-typescript,0,0,0,0,0,1,1,0,0,0,2,0,0,0,2,1.0,1.0,0.0008880994671403197,2251,1549,0.0004440497335701599,0.6878330373001776,0,0,1,1,0,1,1,0.5,0.3333333333333333,0.3333333333333333,0,0,4,1,0,0,21,3.4273334938982645,1,1,1,1,1,1,0,0,31,56,0,0,0,2,1,0,0,0,0,0,0,0,5,34,1.791759469228055,3.5553480614894135
-us-atm-machine,0,0,0,0,0,3,1,0,2,0,1,1,0,0,2,0.25,0.5,0.0012345679012345679,809,809,0.003703703703703704,0.9987654320987654,0,0,1,1,0,1,1,0.25,0.3333333333333333,0.5,0,0,4,1,0,0,15,3.32323142879762,0,0,0,0,1,1,0,0,11,13,0,0,0,1,1,0,0,0,0,0,0,0,10,49,2.3978952727983707,3.912023005428146
-users-random-messages,0,0,0,0,0,3,1,0,2,0,0,0,0,0,0,0.0,0.0,0.0,2201,1549,0.0013623978201634877,0.7034514078110808,0,0,1,1,0,1,1,0.25,1.0,1.0,0,0,4,1,0,0,22,3.226730915057127,1,1,1,1,1,1,1,3,15,553,0,0,0,1,1,0,0,0,0,0,0,0,5,37,1.791759469228055,3.6375861597263857
-vibe-coder-telegram,0,0,0,0,0,1,1,0,0,0,6,0,0,0,6,3.0,3.0,0.1276595744680851,46,46,0.02127659574468085,0.9787234042553191,0,0,0,1,0,1,1,0.5,0.14285714285714285,0.14285714285714285,0,0,4,1,0,0,20,3.5841837197791886,0,0,0,0,1,0,1,6,96,1958,0,0,0,1,1,0,0,0,0,0,0,0,17,75,2.8903717578961645,4.330733340286331
-voxgig-swim,0,0,0,0,0,1,1,0,0,0,0,0,0,0,0,0.0,0.0,0.0,842,842,0.0011862396204033216,0.9988137603795967,0,0,1,1,0,1,1,0.5,1.0,1.0,0,0,3,1,0,0,12,3.084962500721156,1,1,1,1,1,0,0,0,0,14,1,0,0,1,1,0,0,0,0,0,0,0,5,30,1.791759469228055,3.4339872044851463
-wlq-mxgrapheditor,0,0,0,0,0,1,0,0,0,0,8,5,0,0,13,4.0,6.5,0.005673758865248227,1409,1408,0.0007092198581560284,0.9985815602836879,0,0,1,1,0,1,1,0.5,0.07142857142857142,0.1111111111111111,0,0,3,1,0,0,18,3.94770277922009,0,0,0,0,0,0,0,0,248,1377,0,0,1,3,1,0,0,0,0,0,0,0,6,45,1.9459101490553132,3.828641396489095
-wulinlong9.10rk,0,0,0,0,0,1,1,0,0,0,3,0,0,0,3,1.5,1.5,0.001413760603204524,2121,1549,0.000471253534401508,0.7299717247879359,0,0,1,1,0,1,1,0.5,0.25,0.25,0,0,3,1,1,1,16,3.75,0,0,0,0,1,0,0,0,0,28,1,0,0,1,1,0,0,0,0,0,0,0,7,26,2.0794415416798357,3.295836866004329
-xielingxin-stack-javascript,0,0,0,0,0,1,1,0,0,0,0,0,0,0,0,0.0,0.0,0.0,1213,1213,0.0008237232289950577,0.999176276771005,0,0,1,1,0,1,1,0.5,1.0,1.0,0,0,4,1,0,0,28,3.8248629576173565,0,0,0,0,1,0,1,1,0,28,1,0,0,1,1,0,0,0,0,0,0,0,7,26,2.0794415416798357,3.295836866004329
-yokai-team-types,0,0,0,0,0,1,0,1,0,0,3,9,0,0,12,1.5,6.0,0.0036101083032490976,830,830,0.0012033694344163659,0.9987966305655837,0,0,1,1,0,1,1,0.5,0.07692307692307693,0.25,0,0,4,1,0,0,17,3.337175341123077,1,1,1,1,1,0,0,0,159,1383,0,0,0,4,1,0,0,0,0,0,0,0,6,26,1.9459101490553132,3.295836866004329
0,0,0,0,0,0,1,0,0,0,0,0,0,0,0,0,0.0,0.0,0.0,4474,61,0.000223463687150838,0.013631284916201117,0,0,0,3,0,0,0,1.5,3.0,3.0,0,0,1,0,0,1,1,-0.0,0,0,0,0,1,0,0,0,0,28,1,1,0,1,1,0,0,0,0,0,0,0,1202,4429,7.0925737159746784,8.39615486303918
0-,0,0,0,0,0,1,0,0,1,0,0,1,0,0,1,0.0,0.5,0.0,3404,1480,0.0002936857562408223,0.434654919236417,0,0,1,1,0,1,1,0.5,0.5,1.0,0,0,2,1,0,1,2,1.0,1,1,1,0,1,0,0,0,0,6,1,1,0,1,1,0,0,0,0,0,0,0,4,30,1.6094379124341003,3.4339872044851463
0---top,0,0,0,0,0,1,1,1,0,0,0,0,0,1,1,0.0,0.5,0.0,2318,1549,0.00043122035360068997,0.6679603277274687,0,0,1,1,0,1,1,0.5,0.5,1.0,0,0,4,1,0,1,7,2.1280852788913944,1,1,1,1,1,1,1,2,141,1299,0,0,0,1,1,0,0,0,0,0,0,0,13,55,2.6390573296152584,4.02535169073515
0--0double,0,0,0,0,0,1,1,1,0,0,0,0,0,1,1,0.0,0.5,0.0,2318,1549,0.00043122035360068997,0.6679603277274687,0,0,1,1,0,1,1,0.5,0.5,1.0,0,0,3,1,0,1,10,2.9219280948873623,1,1,1,1,1,1,1,2,141,1299,0,0,0,1,1,0,0,0,0,0,0,0,14,63,2.70805020110221,4.1588830833596715
0-1-project,0,0,0,0,0,1,0,0,1,0,4,12,0,0,16,2.0,8.0,0.0014487504527345165,2760,1549,0.0003621876131836291,0.5610286128214415,0,0,1,1,0,1,1,0.5,0.058823529411764705,0.2,0,0,3,1,0,1,11,3.277613436819116,1,1,1,1,1,1,1,2,5,18,0,0,0,2,1,0,0,0,0,0,0,0,15,61,2.772588722239781,4.127134385045092
0-100,0,0,0,0,0,3,0,0,2,0,0,0,0,0,0,0.0,0.0,0.0,2941,1549,0.0010197144799456153,0.526512576478586,0,0,1,1,0,1,1,0.25,1.0,1.0,0,0,2,1,0,1,5,1.3709505944546687,0,0,0,0,1,0,0,0,35,0,0,0,0,1,1,0,0,0,0,0,0,0,16,85,2.833213344056216,4.454347296253507
0-24,0,0,0,0,0,1,0,0,0,0,0,0,0,0,0,0.0,0.0,0.0,2752,1549,0.0003632401017072285,0.5626589175444969,0,0,1,1,0,1,1,0.5,1.0,1.0,0,0,2,1,0,1,4,2.0,0,0,0,0,0,0,0,0,0,28,1,0,0,0,0,0,0,0,0,0,0,0,16,69,2.833213344056216,4.248495242049359
0-3day1,0,0,0,0,0,1,1,0,0,0,0,0,0,0,0,0.0,0.0,0.0,1549,1549,0.0006451612903225806,0.9993548387096775,0,0,1,1,0,1,1,0.5,1.0,1.0,0,0,2,1,0,1,7,2.807354922057604,0,0,0,0,1,0,0,0,3,325,0,0,0,1,1,0,0,0,0,0,0,0,13,61,2.6390573296152584,4.127134385045092
0-60,0,0,0,0,0,13,2,1,0,0,14,0,0,0,14,1.0,1.0,0.005177514792899409,2703,1549,0.004807692307692308,0.5728550295857988,0,0,1,1,0,1,1,0.07142857142857142,0.06666666666666667,0.06666666666666667,0,0,2,1,0,1,4,1.5,1,1,1,1,1,1,0,0,61,3605,0,0,0,1,1,0,0,0,0,0,0,0,36,212,3.6109179126442243,5.3612921657094255
0-9,0,0,0,0,0,1,0,0,1,0,0,1,0,0,1,0.0,0.5,0.0,3404,1480,0.0002936857562408223,0.434654919236417,0,0,1,1,0,1,1,0.5,0.5,1.0,0,0,2,1,0,1,3,1.584962500721156,1,1,1,0,1,0,0,0,0,7,1,1,0,1,1,0,0,0,0,0,0,0,5,25,1.791759469228055,3.258096538021482
0-_-0,0,0,0,0,0,1,1,0,0,0,0,0,0,0,0,0.0,0.0,0.0,3704,1447,0.0002699055330634278,0.39055330634278,0,0,1,1,0,1,1,0.5,1.0,1.0,0,0,4,1,0,1,5,1.5219280948873621,0,0,0,0,1,0,0,0,0,28,1,0,1,1,1,0,0,0,0,0,0,0,10,46,2.3978952727983707,3.8501476017100584
0-dd-trace,0,0,0,0,0,1,1,1,1,0,0,0,0,1,1,0.0,0.5,0.0,2239,1549,0.0004464285714285714,0.6915178571428572,0,0,1,1,0,1,1,0.5,0.5,1.0,0,0,3,1,0,1,10,2.9219280948873623,1,1,0,0,1,1,1,2,106,1299,0,0,0,2,1,0,0,0,0,0,1,1,16,64,2.833213344056216,4.174387269895637
0-dd-trace-first,0,0,0,0,0,1,1,1,1,0,0,0,0,1,1,0.0,0.5,0.0,2239,1549,0.0004464285714285714,0.6915178571428572,0,0,1,1,0,1,1,0.5,0.5,1.0,0,0,4,1,0,1,16,3.327819531114783,1,1,0,0,1,1,1,2,106,1299,0,0,0,2,1,0,0,0,0,0,1,1,18,53,2.9444389791664403,3.9889840465642745
0-dd-trace-init,0,0,0,0,0,1,1,1,1,0,0,0,0,1,1,0.0,0.5,0.0,2239,1549,0.0004464285714285714,0.6915178571428572,0,0,1,1,0,1,1,0.5,0.5,1.0,0,0,4,1,0,1,15,3.1898980954642875,1,1,0,0,1,1,1,2,106,1299,0,0,0,2,1,0,0,0,0,0,1,1,14,45,2.70805020110221,3.828641396489095
0-dd-trace-init-first-datadog-enabled,0,0,0,0,0,1,1,1,1,0,0,0,0,1,1,0.0,0.5,0.0,2217,1549,0.0004508566275924256,0.6983769161406672,0,0,1,1,0,1,1,0.5,0.5,1.0,0,0,7,1,0,1,37,3.6789347039237965,1,1,1,1,1,1,1,2,165,1299,0,0,0,2,1,0,0,0,0,0,1,1,600,2632,6.398594934535208,7.87587915949631
0-dd-trace-init-first-production,0,0,0,0,0,4,1,1,1,0,0,0,0,1,1,0.0,0.2,0.0,2336,1549,0.0017115960633290544,0.6628155755241762,0,0,1,1,0,1,1,0.2,0.5,1.0,0,0,6,1,0,1,32,3.6525182662886326,1,1,1,1,1,1,1,2,141,1299,0,0,0,1,1,0,0,0,0,0,0,0,19,87,2.995732273553991,4.477336814478207
0-dns,1,1,0,1,0,1,0,0,1,0,0,0,0,0,0,0.0,0.0,0.0,1589,1046,0.0006289308176100629,0.6578616352201258,0,0,1,1,0,1,1,0.5,1.0,1.0,0,0,2,1,0,1,5,2.321928094887362,1,0,0,0,0,0,0,0,24,0,0,0,0,0,0,0,0,0,0,0,0,0,25,274,3.258096538021482,5.616771097666572
0-hun_ajax,0,0,0,0,0,1,1,0,0,0,0,0,0,0,0,0.0,0.0,0.0,2283,1549,0.00043782837127845885,0.6781961471103327,0,0,1,1,0,1,1,0.5,1.0,1.0,0,0,3,1,0,1,10,3.121928094887362,1,1,1,1,1,1,1,1,11,23,0,0,0,1,1,0,0,0,0,0,0,0,16,61,2.833213344056216,4.127134385045092
0-logger,0,0,0,0,0,4,1,1,1,0,8,1,0,0,9,1.6,1.8,0.0033826638477801266,2364,1549,0.0016913319238900633,0.6549682875264271,0,0,1,1,0,1,1,0.2,0.1,0.1111111111111111,0,0,2,1,0,1,8,2.75,1,1,1,1,0,1,0,0,23,42,0,0,0,2,1,0,0,0,0,0,0,0,20,128,3.044522437723423,4.859812404361672
0-npm,0,0,0,0,0,1,1,0,0,0,0,0,0,0,0,0.0,0.0,0.0,1956,1549,0.000510986203372509,0.7915176290240163,0,0,1,1,0,1,1,0.5,1.0,1.0,0,0,2,1,0,1,5,2.321928094887362,0,0,0,0,1,0,0,0,0,28,1,0,0,3,1,0,0,0,0,0,0,0,15,48,2.772588722239781,3.8918202981106265
0-plume-css,0,0,0,0,0,1,0,0,1,0,0,3,0,0,3,0.0,1.5,0.0,1842,1549,0.0005425935973955507,0.8404774823657081,0,0,1,1,0,1,1,0.5,0.25,1.0,0,0,3,1,0,1,11,3.095795255000934,0,0,0,0,1,1,1,5,38,2451,0,0,0,5,1,0,0,0,0,0,0,0,14,64,2.70805020110221,4.174387269895637
0-shadowenv,1,1,0,1,0,1,0,0,1,0,0,0,0,0,0,0.0,0.0,0.0,1741,1046,0.000574052812858783,0.600459242250287,0,0,1,1,0,1,1,0.5,1.0,1.0,0,0,2,1,0,1,11,3.459431618637298,1,0,0,0,0,0,0,0,24,0,0,0,0,0,0,0,0,0,0,0,0,0,22,236,3.1354942159291497,5.4680601411351315
0-snap-score318,1,1,0,0,0,1,0,0,1,0,0,0,0,0,0,0.0,0.0,0.0,1225,1046,0.0008156606851549756,0.8531810766721044,0,0,1,1,0,1,1,0.5,1.0,1.0,0,0,3,1,0,1,15,3.6402239289418516,1,0,0,0,0,0,0,0,24,0,0,0,0,0,0,0,0,0,0,0,0,0,28,270,3.367295829986474,5.602118820879701
0-this-is-a-test,0,0,0,0,0,1,1,1,0,0,0,0,0,1,1,0.0,0.5,0.0,2318,1549,0.00043122035360068997,0.6679603277274687,0,0,1,1,0,1,1,0.5,0.5,1.0,0,0,5,1,0,1,16,2.7806390622295662,1,1,1,1,1,1,1,2,141,1299,0,0,0,1,1,0,0,0,0,0,0,0,15,46,2.772588722239781,3.8501476017100584
0.,0,0,0,0,0,1,1,0,0,0,1,0,0,0,1,0.5,0.5,0.0002913752913752914,3431,1480,0.0002913752913752914,0.43123543123543123,0,0,1,1,0,1,1,0.5,0.5,0.5,0,0,2,0,1,1,2,1.0,0,0,0,0,1,0,0,0,19,28,0,1,0,1,1,0,0,0,0,0,0,0,4,35,1.6094379124341003,3.58351893845611
0.0,0,0,0,0,0,1,0,0,0,0,0,0,0,0,0,0.0,0.0,0.0,3720,1480,0.0002687449610319806,0.39774254232733136,0,0,1,1,0,1,1,0.5,1.0,1.0,0,0,2,0,1,1,3,0.9182958340544896,0,0,0,0,1,0,0,0,5,28,0,1,0,1,1,0,0,0,0,0,0,0,6,35,1.9459101490553132,3.58351893845611
0.0.0.0,0,0,0,0,0,2,0,0,1,0,0,0,0,0,0,0.0,0.0,0.0,2053,675,0.0009737098344693282,0.32862706913339823,0,0,0,1,0,1,1,0.3333333333333333,1.0,1.0,0,0,4,0,1,1,7,0.9852281360342515,0,0,0,0,0,0,0,0,0,28,1,0,0,0,0,0,0,0,0,0,0,0,57,268,4.060443010546419,5.594711379601839
0.0.1,0,0,0,0,0,2,1,0,1,0,1,0,0,0,1,0.3333333333333333,0.3333333333333333,0.000254000508001016,3936,1480,0.000508001016002032,0.3759207518415037,0,0,1,1,0,1,1,0.3333333333333333,0.5,0.5,0,0,3,0,1,1,5,1.5219280948873621,0,0,0,0,1,1,0,0,41,28,0,0,0,1,1,0,0,0,0,0,0,0,83,362,4.430816798843313,5.8944028342648505
0.0.1-security,0,0,0,0,0,1,0,0,1,0,0,0,0,0,0,0.0,0.0,0.0,96,96,0.010309278350515464,0.9896907216494846,0,0,0,1,0,1,1,0.5,1.0,1.0,0,0,4,1,1,1,14,3.521640636343319,0,0,0,0,1,0,0,0,0,28,1,0,0,1,1,0,0,0,0,0,0,0,15,92,2.772588722239781,4.532599493153256
0.0.168,0,0,0,0,0,4,0,0,170,0,0,0,0,0,0,0.0,0.0,0.0,3404,1480,0.0011747430249632893,0.434654919236417,0,0,1,1,0,1,1,0.2,1.0,1.0,0,0,3,0,1,1,7,2.235926350629032,0,0,0,0,1,1,1,2,22,28,0,0,0,0,0,0,0,0,0,0,0,0,20,114,3.044522437723423,4.74493212836325
0.0.250,0,0,0,0,0,1,0,0,249,0,0,0,0,0,0,0.0,0.0,0.0,3402,1480,0.0002938583602703497,0.43491037320011755,0,0,1,1,0,1,1,0.5,1.0,1.0,0,0,3,0,1,1,7,1.8423709931771086,0,0,0,0,1,1,1,2,22,28,0,0,0,0,0,0,0,0,0,0,0,0,11,48,2.4849066497880004,3.8918202981106265
0.0.9-alpha.5,0,0,0,0,0,1,0,0,8,0,0,18,0,0,18,0.0,9.0,0.0,1440,1440,0.0006939625260235947,0.9993060374739764,0,0,1,1,0,1,1,0.5,0.05263157894736842,1.0,0,0,5,1,1,1,13,3.0269868333592873,0,0,0,0,1,0,0,0,0,28,1,0,0,3,1,0,0,0,0,0,0,0,11,51,2.4849066497880004,3.9512437185814275
0.0timer,0,0,0,0,0,1,1,0,1,0,2,1,0,0,3,1.0,1.5,0.0025974025974025974,769,769,0.0012987012987012987,0.9987012987012988,0,0,1,1,0,1,1,0.5,0.25,0.3333333333333333,0,0,2,0,1,1,8,2.75,0,0,0,0,1,0,0,0,20,20,0,0,0,1,1,0,0,0,0,0,0,0,14,56,2.70805020110221,4.04305126783455
0.1.0-alpha.14,0,0,0,0,0,1,0,1,0,0,2,4,0,2,8,1.0,4.0,0.05714285714285714,34,34,0.02857142857142857,0.9714285714285714,0,0,0,1,0,1,1,0.5,0.1111111111111111,0.3333333333333333,0,0,5,1,1,1,14,3.039148671903071,0,0,0,0,0,0,0,0,56,3084,0,0,0,5,1,0,0,0,0,0,0,0,13,68,2.6390573296152584,4.23410650459726
0.1.unity-settings-daemon,0,0,0,0,0,1,0,1,10,0,1,67,0,0,68,0.5,34.0,0.00028686173264486515,3485,1480,0.00028686173264486515,0.42455536431440044,0,0,1,1,0,1,1,0.5,0.014492753623188406,0.5,0,0,5,1,1,1,25,3.863465189601647,1,1,1,1,1,1,0,0,13,531,0,0,0,0,0,0,0,0,0,0,0,0,19,75,2.995732273553991,4.330733340286331
0.1f,0,0,0,0,0,2,0,0,2,0,0,0,0,0,0,0.0,0.0,0.0,3258,1480,0.000613685179502915,0.4541270328321571,0,0,1,1,0,1,1,0.3333333333333333,1.0,1.0,0,0,2,0,1,1,4,2.0,1,1,1,1,1,1,1,2,40,53,0,0,0,1,1,0,0,0,0,0,0,0,14,78,2.70805020110221,4.3694478524670215
0.2-ui,0,0,0,0,0,1,0,0,1,0,1,12,0,2,15,0.5,7.5,0.0008291873963515755,1205,1205,0.0008291873963515755,0.9991708126036484,0,0,1,1,0,1,1,0.5,0.0625,0.5,0,0,3,1,1,1,6,2.584962500721156,0,0,0,0,0,0,0,0,87,102,0,0,0,2,1,0,0,0,0,0,0,0,15,59,2.772588722239781,4.0943445622221
0.2.18,0,0,0,0,0,1,0,2,1,0,1,67,0,12,80,0.5,40.0,0.00028694404591104734,3484,1480,0.00028694404591104734,0.4246771879483501,0,0,1,1,0,1,1,0.5,0.012345679012345678,0.5,0,0,3,0,1,1,6,2.2516291673878226,1,1,1,1,1,1,0,0,13,531,0,0,0,0,0,0,0,0,0,0,0,0,14,51,2.70805020110221,3.9512437185814275
0.2calculator,0,0,0,0,0,2,2,0,1,0,3,3,0,0,6,1.0,2.0,0.0036407766990291263,823,819,0.0024271844660194173,0.9939320388349514,0,0,1,1,0,1,1,0.3333333333333333,0.14285714285714285,0.25,0,0,2,0,1,1,13,3.238901256602631,0,0,0,0,1,0,0,0,52,36,0,0,0,1,1,0,0,0,0,0,0,0,10,50,2.3978952727983707,3.9318256327243257
0.3.20-beta.11,0,0,0,0,0,1,0,3,19,0,15,24,0,5,44,7.5,22.0,0.007894736842105263,1899,1549,0.0005263157894736842,0.8152631578947368,0,0,1,1,0,1,1,0.5,0.022222222222222223,0.0625,0,0,5,1,1,1,14,3.182005814760214,0,0,0,0,1,1,0,0,38,1481,0,0,0,4,1,0,0,0,0,0,0,0,14,47,2.70805020110221,3.871201010907891
0.3package,0,0,0,0,0,2,1,0,5,0,0,0,0,0,0,0.0,0.0,0.0,1226,1223,0.0016299918500407497,0.9967400162999185,0,0,1,1,0,1,1,0.3333333333333333,1.0,1.0,0,0,2,0,1,1,10,3.121928094887362,0,0,0,0,1,0,0,0,0,28,1,0,0,1,1,0,0,0,0,0,0,0,10,68,2.3978952727983707,4.23410650459726
0.8.18-p11,0,0,0,0,0,1,0,8,18,0,13,21,0,0,34,6.5,17.0,0.006419753086419753,2024,1549,0.0004938271604938272,0.7649382716049383,0,0,1,1,0,1,1,0.5,0.02857142857142857,0.07142857142857142,0,0,4,1,1,1,10,2.446439344671015,0,0,0,0,0,0,1,2,37,5,0,0,0,4,1,0,0,0,0,0,0,0,12,43,2.5649493574615367,3.784189633918261
0.app1,0,0,0,0,0,1,1,0,52,0,1,2,0,0,3,0.5,1.5,0.0005458515283842794,1831,1549,0.0005458515283842794,0.8455240174672489,0,0,1,1,0,1,1,0.5,0.25,0.5,0,0,2,0,1,1,6,2.2516291673878226,0,0,0,0,1,1,0,0,5,28,0,0,0,5,1,0,0,0,0,0,0,0,15,64,2.772588722239781,4.174387269895637
0.apppack,0,0,0,0,0,1,1,0,50,0,0,1,0,0,1,0.0,0.5,0.0,1838,1549,0.000543773790103317,0.842305600870038,0,0,1,1,0,1,1,0.5,0.5,1.0,0,0,2,0,1,1,9,2.4193819456463714,0,0,0,0,1,1,0,0,5,28,0,0,0,4,1,0,0,0,0,0,0,0,14,46,2.70805020110221,3.8501476017100584
0.cli,0,0,0,0,0,4,1,0,3,0,0,0,0,0,0,0.0,0.0,0.0,886,886,0.004509582863585118,0.9988726042841037,0,0,1,1,0,1,1,0.2,1.0,1.0,0,0,2,0,1,1,5,2.321928094887362,0,0,0,0,1,0,0,0,0,28,1,0,0,1,1,0,0,0,0,0,0,0,10,49,2.3978952727983707,3.912023005428146
0.css,0,0,0,0,0,1,0,1,0,0,0,0,0,0,0,0.0,0.0,0.0,2627,1549,0.000380517503805175,0.5894216133942162,0,0,1,1,0,1,1,0.5,1.0,1.0,0,0,2,0,1,1,5,1.9219280948873623,1,1,1,1,1,1,1,4,29,358,0,0,0,0,0,0,0,0,0,0,0,0,13,55,2.6390573296152584,4.02535169073515
0.draw.io,0,0,0,0,0,2,1,0,50,0,0,0,0,0,0,0.0,0.0,0.0,1838,1549,0.001087547580206634,0.842305600870038,0,0,1,1,0,1,1,0.3333333333333333,1.0,1.0,0,0,3,0,1,1,9,2.94770277922009,0,0,0,0,1,0,0,0,0,28,1,0,0,0,0,0,0,0,0,0,0,0,16,76,2.833213344056216,4.343805421853684
0.edsql,0,0,0,0,0,2,1,0,50,0,12,1,0,0,13,4.0,4.333333333333333,0.0065252854812398045,1838,1549,0.001087547580206634,0.842305600870038,0,0,1,1,0,1,1,0.3333333333333333,0.07142857142857142,0.07692307692307693,0,0,2,0,1,1,7,2.807354922057604,0,0,0,0,1,0,0,0,0,28,1,0,0,1,1,0,0,0,0,0,0,0,16,70,2.833213344056216,4.2626798770413155
0.edsql.build,0,0,0,0,0,1,1,0,65,0,2,24,0,0,26,1.0,13.0,0.0011129660545353367,1796,1549,0.0005564830272676684,0.8619922092376182,0,0,1,1,0,1,1,0.5,0.037037037037037035,0.3333333333333333,0,0,3,0,1,1,13,3.238901256602631,0,0,0,0,1,0,0,0,0,28,1,0,0,0,0,0,0,0,0,0,0,0,13,51,2.6390573296152584,3.9512437185814275
0.edsql.electron,0,0,0,0,0,1,1,0,51,0,0,0,0,0,0,0.0,0.0,0.0,1831,1549,0.0005458515283842794,0.8455240174672489,0,0,1,1,0,1,1,0.5,1.0,1.0,0,0,3,0,1,1,16,3.452819531114783,0,0,0,0,1,0,0,0,0,28,1,0,0,0,0,0,0,0,0,0,0,0,12,55,2.5649493574615367,4.02535169073515
0.edsql.electronapp,0,0,0,0,0,1,1,0,65,0,6,8,0,0,14,3.0,7.0,0.00333889816360601,1796,1549,0.0005564830272676684,0.8619922092376182,0,0,1,1,0,1,1,0.5,0.06666666666666667,0.14285714285714285,0,0,3,0,1,1,19,3.6818808028034016,0,0,0,0,1,0,0,0,5,28,0,0,0,2,1,0,0,0,0,0,0,0,14,71,2.70805020110221,4.276666119016055
0.edsql.mysql,0,0,0,0,0,1,1,0,65,0,2,2,0,0,4,1.0,2.0,0.0011129660545353367,1796,1549,0.0005564830272676684,0.8619922092376182,0,0,1,1,0,1,1,0.5,0.2,0.3333333333333333,0,0,3,0,1,1,13,3.085055102756477,0,0,0,0,1,0,0,0,0,28,1,0,0,0,0,0,0,0,0,0,0,0,17,55,2.8903717578961645,4.02535169073515
0.edsql.pack1,0,0,0,0,0,1,1,0,51,0,1,2,0,0,3,0.5,1.5,0.0005458515283842794,1831,1549,0.0005458515283842794,0.8455240174672489,0,0,1,1,0,1,1,0.5,0.25,0.5,0,0,3,0,1,1,13,3.5465935642949384,0,0,0,0,1,1,0,0,5,28,0,0,0,5,1,0,0,0,0,0,0,0,14,64,2.70805020110221,4.174387269895637
0.edsql.react,0,0,0,0,0,2,1,0,65,0,9,2,0,0,11,3.0,3.6666666666666665,0.0049126637554585155,1831,1549,0.001091703056768559,0.8455240174672489,0,0,1,1,0,1,1,0.3333333333333333,0.08333333333333333,0.1,0,0,3,0,1,1,13,3.3927474104487847,0,0,0,0,1,0,0,0,0,28,1,0,0,1,1,0,0,0,0,0,0,0,13,76,2.6390573296152584,4.343805421853684
0.electron.main,0,0,0,0,0,2,1,0,50,0,2,2,0,0,4,0.6666666666666666,1.3333333333333333,0.001087547580206634,1838,1549,0.001087547580206634,0.842305600870038,0,0,1,1,0,1,1,0.3333333333333333,0.2,0.3333333333333333,0,0,3,0,1,1,15,3.506890595608519,0,0,0,0,1,1,0,0,0,28,1,0,0,1,1,0,0,0,0,0,0,0,15,74,2.772588722239781,4.31748811353631
0.electron.preload,0,0,0,0,0,2,1,0,50,0,4,1,0,0,5,1.3333333333333333,1.6666666666666667,0.002175095160413268,1838,1549,0.001087547580206634,0.842305600870038,0,0,1,1,0,1,1,0.3333333333333333,0.16666666666666666,0.2,0,0,3,0,1,1,18,3.4613201402110083,0,0,0,0,1,1,0,0,0,28,1,0,0,1,1,0,0,0,0,0,0,0,15,70,2.772588722239781,4.2626798770413155
0.extends.draw.io,0,0,0,0,0,1,1,0,51,0,0,0,0,0,0,0.0,0.0,0.0,1831,1549,0.0005458515283842794,0.8455240174672489,0,0,1,1,0,1,1,0.5,1.0,1.0,0,0,4,0,1,1,17,3.572469458770136,0,0,0,0,1,0,0,0,0,28,1,0,0,0,0,0,0,0,0,0,0,0,14,55,2.70805020110221,4.02535169073515
0.extends.electron,0,0,0,0,0,2,1,0,65,0,3,0,0,0,3,1.0,1.0,0.0016375545851528383,1831,1549,0.001091703056768559,0.8455240174672489,0,0,1,1,0,1,1,0.3333333333333333,0.25,0.25,0,0,3,0,1,1,18,3.3921472236645345,0,0,0,0,1,1,0,0,0,28,1,0,0,1,1,0,0,0,0,0,0,0,14,82,2.70805020110221,4.418840607796598
0.extends.fc,0,0,0,0,0,1,1,0,65,0,6,0,0,0,6,3.0,3.0,0.00333889816360601,1796,1549,0.0005564830272676684,0.8619922092376182,0,0,1,1,0,1,1,0.5,0.14285714285714285,0.14285714285714285,0,0,3,0,1,1,12,3.2516291673878226,0,0,0,0,1,0,0,0,0,28,1,0,0,0,0,0,0,0,0,0,0,0,16,55,2.833213344056216,4.02535169073515
0.extends.packapp,0,0,0,0,0,1,1,0,51,0,0,45,0,0,45,0.0,22.5,0.0,1831,1549,0.0005458515283842794,0.8455240174672489,0,0,1,1,0,1,1,0.5,0.021739130434782608,1.0,0,0,3,0,1,1,17,3.4548223999466066,0,0,0,0,1,0,0,0,0,28,1,0,0,0,0,0,0,0,0,0,0,0,13,63,2.6390573296152584,4.1588830833596715
0.extends.react,0,0,0,0,0,1,1,0,51,0,6,0,0,0,6,3.0,3.0,0.0032751091703056767,1831,1549,0.0005458515283842794,0.8455240174672489,0,0,1,1,0,1,1,0.5,0.14285714285714285,0.14285714285714285,0,0,3,0,1,1,15,3.3232314287976203,0,0,0,0,1,0,0,0,0,28,1,0,0,0,0,0,0,0,0,0,0,0,10,49,2.3978952727983707,3.912023005428146
0.extends.sql,0,0,0,0,0,1,1,0,51,0,1,0,0,0,1,0.5,0.5,0.0005458515283842794,1831,1549,0.0005458515283842794,0.8455240174672489,0,0,1,1,0,1,1,0.5,0.5,0.5,0,0,3,0,1,1,13,3.238901256602631,0,0,0,0,1,0,0,0,0,28,1,0,0,0,0,0,0,0,0,0,0,0,14,42,2.70805020110221,3.7612001156935624
0.extends.vscode,0,0,0,0,0,2,1,0,65,0,1,9,0,0,10,0.3333333333333333,3.3333333333333335,0.0005458515283842794,1831,1549,0.001091703056768559,0.8455240174672489,0,0,1,1,0,1,1,0.3333333333333333,0.09090909090909091,0.5,0,0,3,0,1,1,16,3.327819531114783,0,0,0,0,0,0,0,0,7,28,0,0,0,3,1,0,0,0,0,0,0,0,14,84,2.70805020110221,4.442651256490317
0.extends.wechat,0,0,0,0,0,2,1,0,65,0,3,0,0,0,3,1.0,1.0,0.0016375545851528383,1831,1549,0.001091703056768559,0.8455240174672489,0,0,1,1,0,1,1,0.3333333333333333,0.25,0.25,0,0,3,0,1,1,16,3.452819531114783,0,0,0,0,1,0,0,0,0,28,1,0,0,1,1,0,0,0,0,0,0,0,13,75,2.6390573296152584,4.330733340286331
0.extends.whistle,0,0,0,0,0,1,1,0,65,0,1,0,0,0,1,0.5,0.5,0.0005564830272676684,1796,1549,0.0005564830272676684,0.8619922092376182,0,0,1,1,0,1,1,0.5,0.5,0.5,0,0,3,0,1,1,17,3.4548223999466066,0,0,0,0,1,0,0,0,0,28,1,0,0,0,0,0,0,0,0,0,0,0,11,38,2.4849066497880004,3.6635616461296463
0.js,0,0,0,0,0,1,0,0,1,0,0,0,0,0,0,0.0,0.0,0.0,3553,1480,0.0002813731007315701,0.41643218908272367,0,0,1,1,0,1,1,0.5,1.0,1.0,0,0,2,0,1,1,4,2.0,0,0,0,0,1,1,0,0,0,28,1,0,0,1,1,0,0,0,0,0,0,0,11,48,2.4849066497880004,3.8918202981106265
0.pack,0,0,0,0,0,2,1,0,50,0,0,45,0,0,45,0.0,15.0,0.0,1838,1549,0.001087547580206634,0.842305600870038,0,0,1,1,0,1,1,0.3333333333333333,0.021739130434782608,1.0,0,0,2,0,1,1,6,2.584962500721156,0,0,0,0,1,0,0,0,0,28,1,0,0,0,0,0,0,0,0,0,0,0,14,77,2.70805020110221,4.356708826689592
0.sql,0,0,0,0,0,1,1,0,50,0,0,0,0,4,4,0.0,2.0,0.0,1838,1549,0.000543773790103317,0.842305600870038,0,0,1,1,0,1,1,0.5,0.2,1.0,0,0,2,0,1,1,5,2.321928094887362,0,0,0,0,1,0,0,0,0,28,1,0,0,0,0,0,0,0,0,0,0,0,13,54,2.6390573296152584,4.007333185232471
0.tsx,0,0,0,0,0,2,1,0,50,0,6,0,0,0,6,2.0,2.0,0.0032626427406199023,1838,1549,0.001087547580206634,0.842305600870038,0,0,1,1,0,1,1,0.3333333333333333,0.14285714285714285,0.14285714285714285,0,0,2,0,1,1,5,2.321928094887362,0,0,0,0,1,0,0,0,0,28,1,0,0,0,0,0,0,0,0,0,0,0,19,75,2.995732273553991,4.330733340286331
0.workspace,0,0,0,0,0,19,0,1,1,0,11,0,0,0,11,0.55,0.55,0.002813299232736573,3909,1480,0.004859335038363171,0.37851662404092073,0,0,1,1,0,1,1,0.05,0.08333333333333333,0.08333333333333333,0,0,2,0,1,1,11,3.459431618637298,0,0,0,0,0,0,0,0,15,6275,0,0,0,6,1,0,1,0,0,0,1,1,36,320,3.6109179126442243,5.771441123130016
00,0,0,0,0,0,1,0,0,0,0,0,0,0,0,0,0.0,0.0,0.0,4075,1480,0.0002453385672227674,0.3631010794896958,0,0,1,1,0,1,1,0.5,1.0,1.0,0,0,1,0,0,1,2,-0.0,0,0,0,0,1,1,0,0,11,11,0,1,0,1,1,0,0,0,0,0,0,0,9,35,2.302585092994046,3.58351893845611
00--oop-mybank,0,0,0,0,0,1,1,0,0,0,1,2,0,0,3,0.5,1.5,0.0012987012987012987,769,769,0.0012987012987012987,0.9987012987012988,0,0,1,1,0,1,1,0.5,0.25,0.5,0,0,4,1,0,1,14,3.182005814760214,0,0,0,0,1,0,0,0,0,28,1,0,0,1,1,0,0,0,0,0,0,0,11,47,2.4849066497880004,3.871201010907891
00-adventurous-game-project-,0,0,0,0,0,1,1,0,0,0,1,1,0,0,2,0.5,1.0,0.0012787723785166241,781,781,0.0012787723785166241,0.9987212276214834,0,0,1,1,0,1,1,0.5,0.3333333333333333,0.5,0,0,5,1,0,1,28,3.9232517969803373,0,0,0,0,1,0,0,0,0,28,1,0,0,1,1,0,0,0,0,0,0,0,11,39,2.4849066497880004,3.6888794541139363
00-agent,0,0,0,0,0,1,0,0,1,0,0,0,0,0,0,0.0,0.0,0.0,155,155,0.00641025641025641,0.9935897435897436,0,0,0,1,0,1,1,0.5,1.0,1.0,0,0,2,1,0,1,8,2.75,0,0,0,0,1,0,0,0,8,28,0,0,0,0,0,0,0,0,0,0,0,0,10,48,2.3978952727983707,3.8918202981106265
00-anosha-calculator,0,0,0,0,0,1,1,0,0,0,1,1,0,0,2,0.5,1.0,0.001379310344827586,724,724,0.001379310344827586,0.9986206896551724,0,0,0,1,0,1,1,0.5,0.3333333333333333,0.5,0,0,3,1,0,1,20,3.4219280948873623,0,0,0,0,1,1,0,0,26,28,0,0,0,1,1,0,0,0,0,0,0,0,11,56,2.4849066497880004,4.04305126783455
00-components,0,0,0,0,0,3,0,5,0,0,0,11,0,3,14,0.0,3.5,0.0,2695,1549,0.001112759643916914,0.5745548961424333,0,0,1,1,0,1,1,0.25,0.06666666666666667,1.0,0,0,2,1,0,1,13,3.238901256602631,0,0,0,0,0,0,0,0,100,2867,0,0,0,6,1,0,0,0,0,0,0,0,16,112,2.833213344056216,4.727387818712341
00-js,0,0,0,0,0,6,0,4,1,0,0,4,0,0,4,0.0,0.5714285714285714,0.0,719,660,0.008333333333333333,0.9166666666666666,0,0,0,1,0,1,1,0.14285714285714285,0.2,1.0,0,0,2,1,0,1,5,1.9219280948873623,1,1,1,1,1,1,1,3,48,920,0,0,0,3,1,0,0,0,0,0,0,0,96,352,4.574710978503383,5.8664680569332965
00-simple-calculator,0,0,0,0,0,2,1,0,1,0,1,1,0,0,2,0.3333333333333333,0.6666666666666666,0.0012004801920768306,832,832,0.0024009603841536613,0.9987995198079231,0,0,1,1,0,1,1,0.3333333333333333,0.3333333333333333,0.5,0,0,3,1,0,1,20,3.6841837197791887,0,0,0,0,1,1,0,0,57,28,0,0,0,1,1,0,0,0,0,0,0,0,14,50,2.70805020110221,3.9318256327243257
00-test,0,0,0,0,0,1,1,0,0,0,0,1,0,0,1,0.0,0.5,0.0,3107,1549,0.00032175032175032174,0.4983912483912484,0,0,1,1,0,1,1,0.5,0.5,1.0,0,0,2,1,0,1,7,2.2359263506290326,0,0,0,0,1,0,0,0,0,28,1,0,0,1,1,0,0,0,0,0,0,0,15,53,2.772588722239781,3.9889840465642745
00-webpack-numberss,0,0,0,0,0,2,1,0,1,0,0,36,0,0,36,0.0,12.0,0.0,1184,1184,0.0016877637130801688,0.99915611814346,0,0,1,1,0,1,1,0.3333333333333333,0.02702702702702703,1.0,0,0,3,1,0,1,19,3.7216117239699007,0,0,0,0,1,0,0,0,0,28,1,0,0,1,1,0,0,0,0,0,0,0,14,77,2.70805020110221,4.356708826689592
00.24mrscurrency-converter,0,0,0,0,0,1,1,0,0,0,2,0,0,0,2,1.0,1.0,0.0024691358024691358,809,809,0.0012345679012345679,0.9987654320987654,0,0,1,1,0,1,1,0.5,0.3333333333333333,0.3333333333333333,0,0,3,1,1,1,26,3.7343083535732555,0,0,0,0,1,0,0,0,229,272,0,0,0,1,1,0,0,0,0,0,0,0,24,57,3.2188758248682006,4.060443010546419
00.demo,0,0,0,0,0,1,1,0,0,0,3,11,0,0,14,1.5,7.0,0.001040582726326743,2882,1549,0.000346860908775581,0.537287547693375,0,0,1,1,0,1,1,0.5,0.06666666666666667,0.25,0,0,2,0,1,1,7,2.521640636343318,0,0,0,0,1,0,0,0,29,227,0,0,1,2,1,0,0,0,0,0,0,0,0,62,0.0,4.143134726391533
000-sahar-simple-atm,0,0,0,0,0,1,1,0,0,0,1,2,0,0,3,0.5,1.5,0.0012195121951219512,819,819,0.0012195121951219512,0.998780487804878,0,0,1,1,0,1,1,0.5,0.25,0.5,0,0,4,1,0,1,20,3.4086949695628417,0,0,0,0,1,0,0,0,0,28,1,0,0,1,1,0,0,0,0,0,0,0,19,53,2.995732273553991,3.9889840465642745
000-simple-calculator,0,0,0,0,0,2,1,0,2,0,1,1,0,0,2,0.3333333333333333,0.6666666666666666,0.0012033694344163659,830,829,0.0024067388688327317,0.9975932611311673,0,0,1,1,0,1,1,0.3333333333333333,0.3333333333333333,0.5,0,0,3,1,0,1,21,3.653756708287001,0,0,0,0,1,1,0,0,57,28,0,0,0,1,1,0,0,0,0,0,0,0,19,64,2.995732273553991,4.174387269895637
000-webpack,0,0,0,0,0,1,1,0,0,0,2,7,0,0,9,1.0,4.5,0.0005865102639296188,3409,1480,0.0002932551319648094,0.4340175953079179,0,0,1,1,0,1,1,0.5,0.1,0.3333333333333333,0,0,2,1,0,1,11,3.027169118440619,0,0,0,0,1,0,0,0,0,28,1,0,0,3,1,0,0,0,0,0,0,0,9,46,2.302585092994046,3.8501476017100584
000.objects-online,0,0,0,0,0,1,1,0,0,0,0,0,0,0,0,0.0,0.0,0.0,713,713,0.0014005602240896359,0.9985994397759104,0,0,0,1,0,1,1,0.5,1.0,1.0,0,0,3,1,1,1,18,3.5724312513221195,0,0,0,0,1,1,0,0,9,28,0,0,0,1,1,0,0,0,0,0,0,0,12,50,2.5649493574615367,3.9318256327243257
0000.promice,0,0,0,0,0,1,1,0,0,0,0,0,0,0,0,0.0,0.0,0.0,713,713,0.0014005602240896359,0.9985994397759104,0,0,0,1,0,1,1,0.5,1.0,1.0,0,0,2,0,1,1,12,2.9182958340544896,0,0,0,0,1,1,0,0,9,28,0,0,0,1,1,0,0,0,0,0,0,0,12,57,2.5649493574615367,4.060443010546419
0000000conv,0,0,0,0,0,2,1,0,1,0,1,2,0,0,3,0.3333333333333333,1.0,0.001282051282051282,779,779,0.002564102564102564,0.9987179487179487,0,0,1,1,0,1,1,0.3333333333333333,0.25,0.5,0,0,1,0,0,1,11,1.6729330318733675,0,0,0,0,1,1,0,0,0,28,1,0,0,1,1,0,0,0,0,0,0,0,14,66,2.70805020110221,4.204692619390966
0000000r34api,0,0,0,0,0,1,1,6,0,0,2,0,0,0,2,1.0,1.0,0.0023094688221709007,865,865,0.0011547344110854503,0.9988452655889145,0,0,1,1,0,1,1,0.5,0.3333333333333333,0.3333333333333333,0,0,1,0,0,1,13,2.1887870678023824,1,1,1,1,1,1,1,8,10,447,0,0,0,1,1,0,0,0,0,0,0,0,10,57,2.3978952727983707,4.060443010546419
00001-tu,0,0,0,0,0,1,1,0,0,0,2,9,0,0,11,1.0,5.5,0.0034965034965034965,571,571,0.0017482517482517483,0.9982517482517482,0,0,0,1,0,1,1,0.5,0.08333333333333333,0.3333333333333333,0,0,2,1,0,1,8,2.0,0,0,0,0,1,0,0,0,0,28,1,0,0,2,1,0,0,0,0,0,0,0,12,42,2.5649493574615367,3.7612001156935624
0000lqb,0,0,0,0,0,1,1,0,0,0,1,0,0,0,1,0.5,0.5,0.0008,1249,1249,0.0008,0.9992,0,0,1,1,0,1,1,0.5,0.5,0.5,0,0,1,0,0,1,7,1.664497779200461,0,0,0,0,1,0,0,0,0,28,1,0,0,1,1,0,0,0,0,0,0,0,11,41,2.4849066497880004,3.7376696182833684
0000lqb1,0,0,0,0,0,1,1,0,1,0,1,0,0,0,1,0.5,0.5,0.0008,1249,1249,0.0008,0.9992,0,0,1,1,0,1,1,0.5,0.5,0.5,0,0,1,0,0,1,8,2.0,0,0,0,0,1,0,0,0,0,28,1,0,0,1,1,0,0,0,0,0,0,0,12,48,2.5649493574615367,3.8918202981106265
0000simple-calculator-hussain,0,0,0,0,0,1,1,0,0,0,1,1,0,0,2,0.5,1.0,0.0012033694344163659,830,830,0.0012033694344163659,0.9987966305655837,0,0,1,1,0,1,1,0.5,0.3333333333333333,0.5,0,0,3,1,0,1,29,3.8143719431796272,0,0,0,0,1,1,0,0,56,28,0,0,0,1,1,0,0,0,0,0,0,0,9,48,2.302585092994046,3.8918202981106265
0001atm,0,0,0,0,0,1,1,0,0,0,2,2,0,0,4,1.0,2.0,0.002421307506053269,825,825,0.0012106537530266344,0.9987893462469734,0,0,1,1,0,1,1,0.5,0.2,0.3333333333333333,0,0,1,0,0,1,7,2.128085278891394,0,0,0,0,1,1,0,0,11,28,0,0,0,1,1,0,0,0,0,0,0,0,9,35,2.302585092994046,3.58351893845611
0002039atm,0,0,0,0,0,2,1,0,1,0,1,2,0,0,3,0.3333333333333333,1.0,0.001282051282051282,779,779,0.002564102564102564,0.9987179487179487,0,0,1,1,0,1,1,0.3333333333333333,0.25,0.5,0,0,1,0,0,1,10,2.5219280948873624,0,0,0,0,1,1,0,0,0,28,1,0,0,1,1,0,0,0,0,0,0,0,14,52,2.70805020110221,3.970291913552122
0002npm,0,0,0,0,0,1,1,0,0,0,0,0,0,0,0,0.0,0.0,0.0,2503,1549,0.00039936102236421724,0.6186102236421726,0,0,1,1,0,1,1,0.5,1.0,1.0,0,0,1,0,0,1,7,2.128085278891394,0,0,0,0,1,0,0,0,0,28,1,0,0,1,1,0,0,0,0,0,0,0,10,44,2.3978952727983707,3.8066624897703196
0003-lion-lib,0,0,0,0,0,4,1,1,2,0,0,0,0,0,0,0.0,0.0,0.0,2800,1549,0.0014280614066404856,0.5530167797215281,0,0,1,1,0,1,1,0.2,1.0,1.0,0,0,3,1,0,1,13,2.873140679513133,0,0,0,0,1,0,0,0,0,28,1,0,0,1,1,0,0,0,0,0,0,0,21,86,3.091042453358316,4.465908118654584
000atm,0,0,0,0,0,1,1,0,1,0,1,1,0,0,2,0.5,1.0,0.0014858841010401188,672,672,0.0014858841010401188,0.9985141158989599,0,0,0,1,0,1,1,0.5,0.3333333333333333,0.5,0,0,1,0,0,1,6,1.792481250360578,0,0,0,0,1,0,0,0,7,10,0,0,0,1,1,0,0,0,0,0,0,0,18,56,2.9444389791664403,4.04305126783455
000calculator,0,0,0,0,0,2,2,0,1,0,1,1,0,0,2,0.3333333333333333,0.6666666666666666,0.0012077294685990338,827,826,0.0024154589371980675,0.9975845410628019,0,0,1,1,0,1,1,0.3333333333333333,0.3333333333333333,0.5,0,0,1,0,0,1,13,2.873140679513133,0,0,0,0,1,1,0,0,64,28,0,0,0,1,1,0,0,0,0,0,0,0,19,58,2.995732273553991,4.07753744390572
000demo,0,0,0,0,0,2,1,1,0,0,1,0,0,0,1,0.3333333333333333,0.3333333333333333,0.0007132667617689016,1401,1401,0.0014265335235378032,0.9992867332382311,0,0,1,1,0,1,1,0.3333333333333333,0.5,0.5,0,0,1,0,0,1,7,2.128085278891394,0,0,0,0,1,0,0,0,0,28,1,0,0,1,1,0,0,0,0,0,0,0,14,75,2.70805020110221,4.330733340286331
000guess,0,0,0,0,0,1,1,0,0,0,64,0,0,0,64,32.0,32.0,0.0773881499395405,826,826,0.0012091898428053204,0.9987908101571947,0,0,1,1,0,1,1,0.5,0.015384615384615385,0.015384615384615385,0,0,1,0,0,1,8,2.1556390622295662,0,0,0,0,1,1,0,0,15,28,0,0,0,1,1,0,0,0,0,0,0,0,13,64,2.6390573296152584,4.174387269895637
000sha-pkr-currency-converter,0,0,0,0,0,1,1,0,0,0,1,2,0,0,3,0.5,1.5,0.0012239902080783353,816,816,0.0012239902080783353,0.9987760097919217,0,0,1,1,0,1,1,0.5,0.25,0.5,0,0,4,1,0,1,29,3.732836495710652,0,0,0,0,1,0,0,0,0,28,1,0,0,1,1,0,0,0,0,0,0,0,12,47,2.5649493574615367,3.871201010907891
000tea,0,0,0,0,0,1,1,4,5,0,38,0,0,0,38,19.0,19.0,0.04865556978233035,780,780,0.0012804097311139564,0.998719590268886,0,0,1,1,0,1,1,0.5,0.02564102564102564,0.02564102564102564,0,0,1,0,0,1,6,1.792481250360578,1,1,1,1,1,0,1,2,8,28,0,0,0,1,1,0,0,0,0,0,0,0,16,53,2.833213344056216,3.9889840465642745
000webhost-admin,1,1,0,1,0,1,0,0,1,0,0,0,0,0,0,0.0,0.0,0.0,534,534,0.001869158878504673,0.9981308411214953,0,0,0,0,1,0,1,0.0,0.0,0.0,0,0,2,1,0,1,16,3.702819531114783,1,0,0,0,0,0,0,0,24,0,0,0,0,0,0,0,0,0,0,0,0,0,24,254,3.2188758248682006,5.541263545158426
000webhost-analytics,1,1,0,1,0,1,0,0,1,0,0,0,0,0,0,0.0,0.0,0.0,534,534,0.001869158878504673,0.9981308411214953,0,0,0,0,1,0,1,0.0,0.0,0.0,0,0,2,1,0,1,20,3.7841837197791888,1,0,0,0,0,0,0,0,24,0,0,0,0,0,0,0,0,0,0,0,0,0,24,292,3.2188758248682006,5.680172609017068
000webhost-api,1,1,0,1,0,1,0,0,1,0,0,0,0,0,0,0.0,0.0,0.0,534,534,0.001869158878504673,0.9981308411214953,0,0,0,0,1,0,1,0.0,0.0,0.0,0,0,2,1,0,1,14,3.4677201004744997,1,0,0,0,0,0,0,0,24,0,0,0,0,0,0,0,0,0,0,0,0,0,18,238,2.9444389791664403,5.476463551931511
000webhost-api-client,1,1,0,1,0,1,0,0,1,0,0,0,0,0,0,0.0,0.0,0.0,534,534,0.001869158878504673,0.9981308411214953,0,0,0,0,1,0,1,0.0,0.0,0.0,0,0,3,1,0,1,21,3.7849418274376427,1,0,0,0,0,0,0,0,24,0,0,0,0,0,0,0,0,0,0,0,0,0,26,267,3.295836866004329,5.5909869805108565
000webhost-auth,1,1,0,1,0,1,0,0,1,0,0,0,0,0,0,0.0,0.0,0.0,534,534,0.001869158878504673,0.9981308411214953,0,0,0,0,1,0,1,0.0,0.0,0.0,0,0,2,1,0,1,15,3.3232314287976212,1,0,0,0,0,0,0,0,24,0,0,0,0,0,0,0,0,0,0,0,0,0,24,275,3.2188758248682006,5.62040086571715
000webhost-cache,1,1,0,1,0,1,0,0,1,0,0,0,0,0,0,0.0,0.0,0.0,534,534,0.001869158878504673,0.9981308411214953,0,0,0,0,1,0,1,0.0,0.0,0.0,0,0,2,1,0,1,16,3.327819531114783,1,0,0,0,0,0,0,0,24,0,0,0,0,0,0,0,0,0,0,0,0,0,24,301,3.2188758248682006,5.71042701737487
000webhost-checkout,1,1,0,1,0,1,0,0,1,0,0,0,0,0,0,0.0,0.0,0.0,534,534,0.001869158878504673,0.9981308411214953,0,0,0,0,1,0,1,0.0,0.0,0.0,0,0,2,1,0,1,19,3.4713544870139295,1,0,0,0,0,0,0,0,24,0,0,0,0,0,0,0,0,0,0,0,0,0,18,264,2.9444389791664403,5.579729825986222
000webhost-cloud,1,1,0,1,0,1,0,0,1,0,0,0,0,0,0,0.0,0.0,0.0,534,534,0.001869158878504673,0.9981308411214953,0,0,0,0,1,0,1,0.0,0.0,0.0,0,0,2,1,0,1,16,3.577819531114783,1,0,0,0,0,0,0,0,24,0,0,0,0,0,0,0,0,0,0,0,0,0,24,277,3.2188758248682006,5.627621113690637
000webhost-connect,1,1,0,1,0,1,0,0,1,0,0,0,0,0,0,0.0,0.0,0.0,534,534,0.001869158878504673,0.9981308411214953,0,0,0,0,1,0,1,0.0,0.0,0.0,0,0,2,1,0,1,18,3.350209029099897,1,0,0,0,0,0,0,0,24,0,0,0,0,0,0,0,0,0,0,0,0,0,18,267,2.9444389791664403,5.5909869805108565
000webhost-database,1,1,0,1,0,1,0,0,1,0,0,0,0,0,0,0.0,0.0,0.0,534,534,0.001869158878504673,0.9981308411214953,0,0,0,0,1,0,1,0.0,0.0,0.0,0,0,2,1,0,1,19,3.3263604079526936,1,0,0,0,0,0,0,0,24,0,0,0,0,0,0,0,0,0,0,0,0,0,18,267,2.9444389791664403,5.5909869805108565
000words-counter-app,0,0,0,0,0,1,1,0,1,0,1,1,0,0,2,0.5,1.0,0.0012437810945273632,803,803,0.0012437810945273632,0.9987562189054726,0,0,1,1,0,1,1,0.5,0.3333333333333333,0.5,0,0,3,1,0,1,20,3.684183719779189,0,0,0,0,1,0,0,0,0,28,1,0,0,1,1,0,0,0,0,0,0,0,12,61,2.5649493574615367,4.127134385045092
001,0,0,0,0,0,1,0,0,1,0,0,0,0,0,0,0.0,0.0,0.0,4345,1480,0.0002300966405890474,0.34054302807179015,0,0,1,1,0,1,1,0.5,1.0,1.0,0,0,1,0,0,1,3,0.9182958340544896,0,0,0,0,0,1,0,0,30,28,0,1,0,0,0,0,0,0,0,0,0,0,9,52,2.302585092994046,3.970291913552122
001-atm-machine,0,0,0,0,0,4,2,0,2,0,1,1,0,0,2,0.2,0.4,0.0012224938875305623,817,817,0.004889975550122249,0.9987775061124694,0,0,1,1,0,1,1,0.2,0.3333333333333333,0.5,0,0,3,1,0,1,15,3.373557262275185,0,0,0,0,1,0,0,0,0,28,1,0,0,1,1,0,0,0,0,0,0,0,15,102,2.772588722239781,4.634728988229636
001-cli-calculator,0,0,0,0,0,2,1,0,1,0,1,1,0,0,2,0.3333333333333333,0.6666666666666666,0.0017452006980802793,572,572,0.0034904013961605585,0.9982547993019197,0,0,0,1,0,1,1,0.3333333333333333,0.3333333333333333,0.5,0,0,3,1,0,1,18,3.3082708345352603,0,0,0,0,1,1,0,0,34,28,0,0,0,1,1,0,0,0,0,0,0,0,17,70,2.8903717578961645,4.2626798770413155
001-cli-word-counter,0,0,0,0,0,1,1,0,0,0,2,0,0,0,2,1.0,1.0,0.002484472049689441,804,804,0.0012422360248447205,0.9987577639751553,0,0,1,1,0,1,1,0.5,0.3333333333333333,0.3333333333333333,0,0,4,1,0,1,20,3.6841837197791887,0,0,0,0,1,0,0,0,0,28,1,0,0,1,1,0,0,0,0,0,0,0,12,45,2.5649493574615367,3.828641396489095
001-custom-test,0,0,0,0,0,1,1,0,0,0,1,0,0,0,1,0.5,0.5,0.0005640157924421884,1772,1549,0.0005640157924421884,0.8736604624929498,0,0,1,1,0,1,1,0.5,0.5,0.5,0,0,3,1,0,1,15,3.1898980954642875,0,0,0,0,1,0,0,0,0,28,1,0,0,1,1,0,0,0,0,0,0,0,13,55,2.6390573296152584,4.02535169073515
001-mypackage,0,0,0,0,0,2,1,0,1,0,2,0,0,0,2,0.6666666666666666,0.6666666666666666,0.001098901098901099,1819,1549,0.001098901098901099,0.8510989010989011,0,0,1,1,0,1,1,0.3333333333333333,0.3333333333333333,0.3333333333333333,0,0,2,1,0,1,13,3.3927474104487847,0,0,0,0,1,0,0,0,0,28,1,0,0,1,1,0,0,0,0,0,0,0,10,57,2.3978952727983707,4.060443010546419
001-nodelist,0,0,0,0,0,1,1,0,0,0,0,0,0,0,0,0.0,0.0,0.0,2807,1549,0.00035612535612535614,0.5516381766381766,0,0,1,1,0,1,1,0.5,1.0,1.0,0,0,2,1,0,1,12,3.4182958340544896,0,0,0,0,1,0,0,0,0,28,1,0,0,1,1,0,0,0,0,0,0,0,10,48,2.3978952727983707,3.8918202981106265
001-npm,0,0,0,0,0,1,1,0,0,0,1,0,0,0,1,0.5,0.5,0.00029824038174768865,3352,1480,0.00029824038174768865,0.4413957649865792,0,0,1,1,0,1,1,0.5,0.5,0.5,0,0,2,1,0,1,7,2.521640636343318,0,0,0,0,1,1,1,2,18,28,0,0,0,2,1,0,0,0,0,0,0,0,16,78,2.833213344056216,4.3694478524670215
001-semantic-release-tutorial,0,0,0,0,0,30,1,0,10,0,0,3,0,0,3,0.0,0.0967741935483871,0.0,634,519,0.047244094488188976,0.8173228346456692,0,0,0,1,0,1,1,0.03225806451612903,0.25,1.0,0,0,4,1,0,1,29,3.7454064259382482,0,0,0,0,0,1,0,0,42,28,0,0,0,1,1,0,0,0,0,0,0,0,44,314,3.8066624897703196,5.752572638825633
001-simple-calculator,0,0,0,0,0,2,1,0,1,0,1,1,0,0,2,0.3333333333333333,0.6666666666666666,0.0012062726176115801,828,828,0.0024125452352231603,0.9987937273823885,0,0,1,1,0,1,1,0.3333333333333333,0.3333333333333333,0.5,0,0,3,1,0,1,21,3.7849418274376427,0,0,0,0,1,1,0,0,0,28,1,0,0,1,1,0,0,0,0,0,0,0,14,69,2.70805020110221,4.248495242049359
001-student-management-system,0,0,0,0,0,1,1,0,0,0,1,1,0,0,2,0.5,1.0,0.0012610340479192938,792,792,0.0012610340479192938,0.9987389659520807,0,0,1,1,0,1,1,0.5,0.3333333333333333,0.5,0,0,4,1,0,1,29,3.5124792706912316,0,0,0,0,1,0,0,0,0,28,1,0,0,1,1,0,0,0,0,0,0,0,10,40,2.3978952727983707,3.713572066704308
001-updated-version-calculator,0,0,0,0,0,1,1,0,0,0,1,1,0,0,2,0.5,1.0,0.0013123359580052493,761,761,0.0013123359580052493,0.9986876640419947,0,0,1,1,0,1,1,0.5,0.3333333333333333,0.5,0,0,4,1,0,1,30,3.989898095464287,0,0,0,0,1,1,0,0,44,68,0,0,0,1,1,0,0,0,0,0,0,0,12,67,2.5649493574615367,4.219507705176107
001-webpack-numbers,0,0,0,0,0,1,1,1,1,0,0,5,0,0,5,0.0,2.5,0.0,1226,1226,0.0008149959250203749,0.9991850040749797,0,0,1,1,0,1,1,0.5,0.16666666666666666,1.0,0,0,3,1,0,1,19,3.8268748818646374,0,0,0,0,1,0,0,0,0,28,1,0,0,1,1,0,0,0,0,0,0,0,15,60,2.772588722239781,4.110873864173311
001-word-counter,0,0,0,0,0,1,1,0,0,0,1,1,0,0,2,0.5,1.0,0.0012437810945273632,803,803,0.0012437810945273632,0.9987562189054726,0,0,1,1,0,1,1,0.5,0.3333333333333333,0.5,0,0,3,1,0,1,16,3.5,0,0,0,0,1,0,0,0,0,28,1,0,0,1,1,0,0,0,0,0,0,0,12,58,2.5649493574615367,4.07753744390572
0010-currency-converter,0,0,0,0,0,1,1,0,0,0,2,1,0,0,3,1.0,1.5,0.0024479804161566705,816,816,0.0012239902080783353,0.9987760097919217,0,0,1,1,0,1,1,0.5,0.25,0.3333333333333333,0,0,3,1,0,1,23,3.3816201079487347,0,0,0,0,1,0,0,0,37,20,0,0,0,1,1,0,0,0,0,0,0,0,10,33,2.3978952727983707,3.5263605246161616
001010game,0,0,0,0,0,1,1,0,0,0,1,2,0,0,3,0.5,1.5,0.001282051282051282,779,779,0.001282051282051282,0.9987179487179487,0,0,1,1,0,1,1,0.5,0.25,0.5,0,0,1,0,0,1,10,2.3219280948873626,0,0,0,0,1,1,0,0,0,28,1,0,0,1,1,0,0,0,0,0,0,0,13,60,2.6390573296152584,4.110873864173311
001128jsckgcl,0,0,0,0,0,1,1,0,0,0,1,0,0,0,1,0.5,0.5,0.0004868549172346641,2053,1549,0.0004868549172346641,0.7541382667964946,0,0,1,1,0,1,1,0.5,0.5,0.5,0,0,1,0,0,1,13,3.238901256602631,0,0,0,0,1,0,0,0,0,28,1,0,0,1,1,0,0,0,0,0,0,0,10,43,2.3978952727983707,3.784189633918261
00114atmapp,0,0,0,0,0,1,1,0,1,0,1,1,0,0,2,0.5,1.0,0.0012106537530266344,825,825,0.0012106537530266344,0.9987893462469734,0,0,1,1,0,1,1,0.5,0.3333333333333333,0.5,0,0,1,0,0,1,11,2.7321588913645702,0,0,0,0,1,0,0,0,15,18,0,0,0,1,1,0,0,0,0,0,0,0,14,49,2.70805020110221,3.912023005428146
0012currency_converter,0,0,0,0,0,1,1,0,0,0,1,1,0,0,2,0.5,1.0,0.0012391573729863693,806,806,0.0012391573729863693,0.9987608426270136,0,0,1,1,0,1,1,0.5,0.3333333333333333,0.5,0,0,2,0,0,1,22,3.481714572986073,0,0,0,0,1,0,0,0,0,28,1,0,0,1,1,0,0,0,0,0,0,0,12,56,2.5649493574615367,4.04305126783455
001_multiple-choice,0,0,0,0,0,1,1,0,1,0,1,1,0,0,2,0.5,1.0,0.0012738853503184713,784,784,0.0012738853503184713,0.9987261146496815,0,0,1,1,0,1,1,0.5,0.3333333333333333,0.5,0,0,3,1,0,1,19,3.7216117239699007,0,0,0,0,1,0,0,0,0,28,1,0,0,1,1,0,0,0,0,0,0,0,11,45,2.4849066497880004,3.828641396489095
001_numbersguessingame,0,0,0,0,0,3,1,0,2,0,2,2,0,0,4,0.5,1.0,0.0024009603841536613,832,832,0.003601440576230492,0.9987995198079231,0,0,1,1,0,1,1,0.25,0.2,0.3333333333333333,0,0,2,0,0,1,22,3.572623663895164,0,0,0,0,1,0,0,0,38,28,0,0,0,1,1,0,0,0,0,0,0,0,17,87,2.8903717578961645,4.477336814478207
001_skt,0,0,0,0,0,1,0,0,1,0,0,0,0,0,0,0.0,0.0,0.0,4345,1480,0.0002300966405890474,0.34054302807179015,0,0,1,1,0,1,1,0.5,1.0,1.0,0,0,2,0,0,1,7,2.521640636343318,0,0,0,0,0,1,0,0,30,28,0,0,0,0,0,0,0,0,0,0,0,0,16,74,2.833213344056216,4.31748811353631
001_test,0,0,0,0,0,1,0,0,1,0,0,0,0,0,0,0.0,0.0,0.0,4345,1480,0.0002300966405890474,0.34054302807179015,0,0,1,1,0,1,1,0.5,1.0,1.0,0,0,2,0,0,1,8,2.5,0,0,0,0,0,1,0,0,30,28,0,0,0,0,0,0,0,0,0,0,0,0,13,69,2.6390573296152584,4.248495242049359
001_why_utils,0,0,0,0,0,1,1,0,0,0,0,0,0,0,0,0.0,0.0,0.0,594,594,0.0016806722689075631,0.9983193277310924,0,0,0,1,0,1,1,0.5,1.0,1.0,0,0,3,0,0,1,13,3.3927474104487847,0,0,0,0,1,1,1,4,18,28,0,0,0,0,0,0,0,0,0,0,0,0,10,34,2.3978952727983707,3.5553480614894135
001c-quiz-nh-app,0,0,0,0,0,1,1,0,0,0,1,1,0,0,2,0.5,1.0,0.0013054830287206266,765,765,0.0013054830287206266,0.9986945169712794,0,0,1,1,0,1,1,0.5,0.3333333333333333,0.5,0,0,4,1,0,1,16,3.452819531114783,0,0,0,0,1,1,0,0,24,28,0,0,0,1,1,0,0,0,0,0,0,0,14,63,2.70805020110221,4.1588830833596715
001calclator,0,0,0,0,0,2,1,1,0,0,0,1,0,0,1,0.0,0.3333333333333333,0.0,832,823,0.0024009603841536613,0.9879951980792316,0,0,1,1,0,1,1,0.3333333333333333,0.5,1.0,0,0,1,0,0,1,12,2.9182958340544896,0,0,0,0,1,1,0,0,56,45,0,0,0,1,1,0,0,0,0,0,0,0,22,87,3.1354942159291497,4.477336814478207
001calculator,0,0,0,0,0,1,1,0,0,0,1,1,0,0,2,0.5,1.0,0.001226993865030675,814,814,0.001226993865030675,0.9987730061349693,0,0,1,1,0,1,1,0.5,0.3333333333333333,0.5,0,0,1,0,0,1,13,3.085055102756477,0,0,0,0,1,1,0,0,38,28,0,0,0,1,1,0,0,0,0,0,0,0,14,57,2.70805020110221,4.060443010546419
001cli_simple_caculator,0,0,0,0,0,1,1,0,0,0,1,1,0,0,2,0.5,1.0,0.0014684287812041115,680,680,0.0014684287812041115,0.9985315712187959,0,0,0,1,0,1,1,0.5,0.3333333333333333,0.5,0,0,3,0,0,1,23,3.7622673906514943,0,0,0,0,1,1,0,0,199,28,0,0,0,1,1,0,0,0,0,0,0,0,13,48,2.6390573296152584,3.8918202981106265
001currency-converter,0,0,0,0,0,1,1,0,0,0,1,1,0,0,2,0.5,1.0,0.0012224938875305623,817,817,0.0012224938875305623,0.9987775061124694,0,0,1,1,0,1,1,0.5,0.3333333333333333,0.5,0,0,2,1,0,1,21,3.368042422572716,0,0,0,0,1,0,0,0,0,28,1,0,0,1,1,0,0,0,0,0,0,0,13,50,2.6390573296152584,3.9318256327243257
001get,0,0,0,0,0,1,1,0,0,0,0,0,0,0,0,0.0,0.0,0.0,1234,1234,0.0008097165991902834,0.9991902834008097,0,0,1,1,0,1,1,0.5,1.0,1.0,0,0,1,0,0,1,6,2.2516291673878226,0,0,0,0,1,1,0,0,25,28,0,0,0,1,1,0,0,0,0,0,0,0,12,62,2.5649493574615367,4.143134726391533
001onlinemyatmsystem,0,0,0,0,0,2,1,0,2,0,2,2,0,0,4,0.6666666666666666,1.3333333333333333,0.0024752475247524753,807,807,0.0024752475247524753,0.9987623762376238,0,0,1,1,0,1,1,0.3333333333333333,0.2,0.3333333333333333,0,0,1,0,0,1,20,3.4841837197791885,0,0,0,0,1,0,0,0,0,28,1,0,0,1,1,0,0,0,0,0,0,0,10,52,2.3978952727983707,3.970291913552122
001senge,0,0,0,0,0,1,1,0,0,0,0,0,0,0,0,0.0,0.0,0.0,2809,1549,0.00035587188612099647,0.5512455516014235,0,0,1,1,0,1,1,0.5,1.0,1.0,0,0,1,0,0,1,8,2.5,0,0,0,0,1,0,0,0,15,22,0,0,0,2,1,0,0,0,0,0,0,0,14,57,2.70805020110221,4.060443010546419
001uscurrency_converter,0,0,0,0,0,2,1,1,0,0,1,1,0,0,2,0.3333333333333333,0.6666666666666666,0.001226993865030675,814,814,0.00245398773006135,0.9987730061349693,0,0,1,1,0,1,1,0.3333333333333333,0.3333333333333333,0.5,0,0,2,0,0,1,23,3.501397825434103,0,0,0,0,1,0,0,0,0,28,1,0,0,1,1,0,0,0,0,0,0,0,18,65,2.9444389791664403,4.189654742026425
001word-counter-project,0,0,0,0,0,1,1,0,0,0,1,1,0,0,2,0.5,1.0,0.0012422360248447205,804,804,0.0012422360248447205,0.9987577639751553,0,0,1,1,0,1,1,0.5,0.3333333333333333,0.5,0,0,3,1,0,1,23,3.6753108689123644,0,0,0,0,1,0,0,0,0,28,1,0,0,1,1,0,0,0,0,0,0,0,10,57,2.3978952727983707,4.060443010546419
002,0,0,0,0,0,5,1,0,5,0,0,0,0,0,0,0.0,0.0,0.0,3119,1549,0.0016025641025641025,0.496474358974359,0,0,1,1,0,1,1,0.16666666666666666,1.0,1.0,0,0,1,0,0,1,3,0.9182958340544896,1,1,1,1,1,1,1,12,107,998,0,1,0,3,1,0,0,0,1,0,1,1,8,88,2.1972245773362196,4.48863636973214
002-bao,0,0,0,0,0,1,1,0,0,0,1,0,0,0,1,0.5,0.5,0.0003171582619727244,3152,1549,0.0003171582619727244,0.4912781477957501,0,0,1,1,0,1,1,0.5,0.5,0.5,0,0,2,1,0,1,7,2.521640636343318,0,0,0,0,1,0,0,0,0,28,1,0,0,1,1,0,0,0,0,0,0,0,16,72,2.833213344056216,4.290459441148391
002-cli-number-guessing-game,0,0,0,0,0,1,1,0,0,0,1,1,0,0,2,0.5,1.0,0.001226993865030675,814,814,0.001226993865030675,0.9987730061349693,0,0,1,1,0,1,1,0.5,0.3333333333333333,0.5,0,0,5,1,0,1,28,3.7534343861887853,0,0,0,0,1,0,0,0,37,67,0,0,0,1,1,0,0,0,0,0,0,0,13,51,2.6390573296152584,3.9512437185814275
002-console,0,0,0,0,0,1,1,0,1,0,1,0,0,0,1,0.5,0.5,0.0007380073800738007,1354,1354,0.0007380073800738007,0.9992619926199262,0,0,1,1,0,1,1,0.5,0.5,0.5,0,0,2,1,0,1,11,3.0957952550009344,0,0,0,0,1,1,0,0,0,28,1,0,0,2,1,0,0,0,0,0,0,0,10,35,2.3978952727983707,3.58351893845611
002-console-homework,0,0,0,0,0,1,1,0,0,0,1,0,0,0,1,0.5,0.5,0.007352941176470588,135,135,0.007352941176470588,0.9926470588235294,0,0,0,1,0,1,1,0.5,0.5,0.5,0,0,3,1,0,1,20,3.621928094887362,1,1,1,1,1,1,0,0,0,28,1,0,0,1,1,0,0,0,0,0,0,0,10,39,2.3978952727983707,3.6888794541139363
002-console-test,0,0,0,0,0,1,1,0,0,0,1,0,0,0,1,0.5,0.5,0.001310615989515072,762,762,0.001310615989515072,0.9986893840104849,0,0,1,1,0,1,1,0.5,0.5,0.5,0,0,3,1,0,1,16,3.25,0,0,0,0,1,0,0,0,28,140,0,0,0,1,1,0,0,0,0,0,0,0,11,58,2.4849066497880004,4.07753744390572
002-globals,0,0,0,0,0,1,1,0,0,0,2,0,0,0,2,1.0,1.0,0.0006129328838492185,3262,1480,0.00030646644192460924,0.4535703340484217,0,0,1,1,0,1,1,0.5,0.3333333333333333,0.3333333333333333,0,0,2,1,0,1,11,3.095795255000934,0,0,0,0,1,0,0,0,0,28,1,0,0,1,1,0,0,0,0,0,0,0,12,58,2.5649493574615367,4.07753744390572
002-node-cli,0,0,0,0,0,1,1,0,0,0,8,0,0,0,8,4.0,4.0,0.0045480386583285955,1758,1549,0.0005685048322910744,0.8806139852188744,0,0,1,1,0,1,1,0.5,0.1111111111111111,0.1111111111111111,0,0,3,1,0,1,12,3.2516291673878226,0,0,0,0,1,0,0,0,0,28,1,0,0,1,1,0,0,0,0,0,0,0,14,56,2.70805020110221,4.04305126783455
002-npm,0,0,0,0,0,7,1,0,6,0,2,0,0,0,2,0.25,0.25,0.0005964807634953773,3352,1480,0.0020876826722338203,0.4413957649865792,0,0,1,1,0,1,1,0.125,0.3333333333333333,0.3333333333333333,0,0,2,1,0,1,7,2.521640636343318,0,0,0,0,1,0,0,0,0,28,1,0,0,1,1,0,0,0,0,0,0,0,17,129,2.8903717578961645,4.867534450455582
002-webpack-numbers,0,0,0,0,0,2,1,0,1,0,0,3,0,0,3,0.0,1.0,0.0,1521,1521,0.001314060446780552,0.9993429697766097,0,0,1,1,0,1,1,0.3333333333333333,0.25,1.0,0,0,3,1,0,1,19,3.8268748818646374,0,0,0,0,1,0,0,0,0,28,1,0,0,1,1,0,0,0,0,0,0,0,12,66,2.5649493574615367,4.204692619390966
002number_guessing_game,0,0,0,0,0,1,1,0,0,0,1,1,0,0,2,0.5,1.0,0.0016286644951140066,613,613,0.0016286644951140066,0.998371335504886,0,0,0,1,0,1,1,0.5,0.3333333333333333,0.5,0,0,3,0,0,1,23,3.5883543471732335,0,0,0,0,1,0,0,0,196,225,0,0,0,1,1,0,0,0,0,0,0,0,12,50,2.5649493574615367,3.9318256327243257
002sjh,0,0,0,0,0,2,1,0,1,0,0,0,0,0,0,0.0,0.0,0.0,2121,1549,0.000942507068803016,0.7299717247879359,0,0,1,1,0,1,1,0.3333333333333333,1.0,1.0,0,0,1,0,0,1,6,2.2516291673878226,0,0,0,0,1,0,0,0,0,28,1,0,0,1,1,0,0,0,0,0,0,0,16,74,2.833213344056216,4.31748811353631
002twoweek,0,0,0,0,0,2,1,0,1,0,0,0,0,0,0,0.0,0.0,0.0,3224,1549,0.00062015503875969,0.4803100775193798,0,0,1,1,0,1,1,0.3333333333333333,1.0,1.0,0,0,1,0,0,1,10,2.7219280948873625,0,0,0,0,1,0,0,0,4,4,0,0,0,1,1,0,0,0,0,0,0,0,16,70,2.833213344056216,4.2626798770413155
003,0,0,0,0,0,1,1,0,0,0,0,0,0,0,0,0.0,0.0,0.0,3728,1480,0.0002681684097613301,0.3968892464467686,0,0,1,1,0,1,1,0.5,1.0,1.0,0,0,1,0,0,1,3,0.9182958340544896,1,1,1,1,1,1,0,0,7,89,0,1,0,1,1,0,0,0,0,0,0,0,6,34,1.9459101490553132,3.5553480614894135
003-3,0,0,0,0,0,1,1,0,0,0,0,0,0,0,0,0.0,0.0,0.0,3152,1549,0.0003171582619727244,0.4912781477957501,0,0,1,1,0,1,1,0.5,1.0,1.0,0,0,2,1,0,1,5,1.5219280948873621,0,0,0,0,1,0,0,0,0,28,1,0,0,1,1,0,0,0,0,0,0,0,12,55,2.5649493574615367,4.02535169073515
003-bingpic,0,0,0,0,0,1,1,0,0,0,1,0,0,0,1,0.5,0.5,0.0003109452736318408,3215,1549,0.0003109452736318408,0.4816542288557214,0,0,1,1,0,1,1,0.5,0.5,0.5,0,0,2,1,0,1,11,3.095795255000934,0,0,0,0,1,0,0,0,0,28,1,0,0,1,1,0,0,0,0,0,0,0,10,54,2.3978952727983707,4.007333185232471
003-gas-convert,0,0,0,0,0,1,1,0,1,0,7,0,0,0,7,3.5,3.5,0.008631319358816275,810,810,0.0012330456226880395,0.998766954377312,0,0,1,1,0,1,1,0.5,0.125,0.125,0,0,3,1,0,1,15,3.6402239289418516,1,1,1,1,1,1,1,5,15,52,0,0,0,1,1,0,0,0,0,0,0,0,534,1319,6.282266746896006,7.1853870155804165
003-npm,0,0,0,0,0,1,1,0,0,0,0,0,0,0,0,0.0,0.0,0.0,3415,1480,0.0002927400468384075,0.4332552693208431,0,0,1,1,0,1,1,0.5,1.0,1.0,0,0,2,1,0,1,7,2.521640636343318,0,0,0,0,1,1,1,4,41,53,0,0,0,0,0,0,0,0,0,0,0,0,10,56,2.3978952727983707,4.04305126783455
003-simple-calculator,0,0,0,0,0,10,2,1,3,0,1,1,0,0,2,0.09090909090909091,0.18181818181818182,0.0012121212121212121,824,818,0.012121212121212121,0.9915151515151515,0,0,1,1,0,1,1,0.09090909090909091,0.3333333333333333,0.5,0,0,3,1,0,1,21,3.7849418274376423,0,0,0,0,1,0,0,0,23,28,0,0,0,1,1,0,0,0,0,0,0,0,25,134,3.258096538021482,4.90527477843843
003-w33d,0,0,0,0,0,1,1,0,2,0,1,0,0,0,1,0.5,0.5,0.0005837711617046118,1712,1549,0.0005837711617046118,0.9042615294804437,0,0,1,1,0,1,1,0.5,0.5,0.5,0,0,2,1,0,1,8,2.1556390622295662,0,0,0,0,1,0,0,0,0,28,1,0,0,1,1,0,0,0,0,0,0,0,16,62,2.833213344056216,4.143134726391533
003-webpack-numbers,0,0,0,0,0,1,1,0,10,0,0,0,0,0,0,0.0,0.0,0.0,1226,1226,0.0008149959250203749,0.9991850040749797,0,0,1,1,0,1,1,0.5,1.0,1.0,0,0,3,1,0,1,19,3.8268748818646374,0,0,0,0,1,0,0,0,0,28,1,0,0,1,1,0,0,0,0,0,0,0,10,36,2.3978952727983707,3.6109179126442243
00323cjw,0,0,0,0,0,1,1,0,0,0,0,0,0,0,0,0.0,0.0,0.0,1906,1549,0.0005243838489774515,0.8122705820660724,0,0,1,1,0,1,1,0.5,1.0,1.0,0,0,1,0,0,1,8,2.5,0,0,0,0,1,0,0,0,12,28,0,0,0,1,1,0,0,0,0,0,0,0,11,48,2.4849066497880004,3.8918202981106265
003422mudcalc-2,0,0,0,0,0,4,1,0,4,0,1,2,0,0,3,0.2,0.6,0.0012048192771084338,829,829,0.004819277108433735,0.9987951807228915,0,0,1,1,0,1,1,0.2,0.25,0.5,0,0,2,1,0,1,15,3.323231428797621,0,0,0,0,1,1,0,0,11,28,0,0,0,1,1,0,0,0,0,0,0,0,14,75,2.70805020110221,4.330733340286331
0038-atm-project,0,0,0,0,0,1,1,0,0,0,1,1,0,0,2,0.5,1.0,0.0012626262626262627,791,791,0.0012626262626262627,0.9987373737373737,0,0,1,1,0,1,1,0.5,0.3333333333333333,0.5,0,0,3,1,0,1,16,3.625,0,0,0,0,1,0,0,0,0,28,1,0,0,1,1,0,0,0,0,0,0,0,15,57,2.772588722239781,4.060443010546419
0038-simple-calculator_project,0,0,0,0,0,1,1,0,0,0,1,1,0,0,2,0.5,1.0,0.0013717421124828531,728,728,0.0013717421124828531,0.9986282578875172,0,0,0,1,0,1,1,0.5,0.3333333333333333,0.5,0,0,4,1,0,1,30,4.056564762130953,0,0,0,0,1,0,0,0,0,28,1,0,0,1,1,0,0,0,0,0,0,0,19,57,2.995732273553991,4.060443010546419
0038_adventure_game_project,0,0,0,0,0,2,1,0,1,0,1,1,0,0,2,0.3333333333333333,0.6666666666666666,0.0013869625520110957,720,720,0.0027739251040221915,0.9986130374479889,0,0,0,1,0,1,1,0.3333333333333333,0.3333333333333333,0.5,0,0,4,0,0,1,27,3.9861879650463035,0,0,0,0,1,0,0,0,0,28,1,0,0,1,1,0,0,0,0,0,0,0,13,70,2.6390573296152584,4.2626798770413155
0038_count_down_timer_project,0,0,0,0,0,1,1,0,0,0,2,2,0,0,4,1.0,2.0,0.002785515320334262,717,717,0.001392757660167131,0.9986072423398329,0,0,0,1,0,1,1,0.5,0.2,0.3333333333333333,0,0,5,0,0,1,29,3.9093680639438846,0,0,0,0,1,0,0,0,0,28,1,0,0,1,1,0,0,0,0,0,0,0,9,44,2.302585092994046,3.8066624897703196
0038_currencies_convertor,0,0,0,0,0,1,1,0,0,0,1,1,0,0,2,0.5,1.0,0.0013736263736263737,727,727,0.0013736263736263737,0.9986263736263736,0,0,0,1,0,1,1,0.5,0.3333333333333333,0.5,0,0,3,0,0,1,25,3.623465189601647,0,0,0,0,1,0,0,0,0,28,1,0,0,1,1,0,0,0,0,0,0,0,17,61,2.8903717578961645,4.127134385045092
0038_quiz_system_project,0,0,0,0,0,2,1,0,1,0,1,1,0,0,2,0.3333333333333333,0.6666666666666666,0.0013869625520110957,720,720,0.0027739251040221915,0.9986130374479889,0,0,0,1,0,1,1,0.3333333333333333,0.3333333333333333,0.5,0,0,4,0,0,1,24,4.053508854797679,0,0,0,0,1,0,0,0,0,28,1,0,0,1,1,0,0,0,0,0,0,0,10,39,2.3978952727983707,3.6888794541139363
0038_student_management_system,0,0,0,0,0,1,1,0,0,0,1,1,0,0,2,0.5,1.0,0.0013812154696132596,723,723,0.0013812154696132596,0.9986187845303868,0,0,0,1,0,1,1,0.5,0.3333333333333333,0.5,0,0,4,0,0,1,30,3.6062389286533896,0,0,0,0,1,0,0,0,0,28,1,0,0,1,1,0,0,0,0,0,0,0,13,60,2.6390573296152584,4.110873864173311
0038_todo-list,0,0,0,0,0,1,1,0,0,0,2,1,0,0,3,1.0,1.5,0.00273224043715847,731,731,0.001366120218579235,0.9986338797814208,0,0,1,1,0,1,1,0.5,0.25,0.3333333333333333,0,0,3,1,0,1,14,3.378783493486176,0,0,0,0,1,0,0,0,46,28,0,0,0,1,1,0,0,0,0,0,0,0,16,50,2.833213344056216,3.9318256327243257
0038_word_counter_project,0,0,0,0,0,1,1,0,0,0,1,1,0,0,2,0.5,1.0,0.0013736263736263737,727,727,0.0013736263736263737,0.9986263736263736,0,0,0,1,0,1,1,0.5,0.3333333333333333,0.5,0,0,4,0,0,1,25,3.753269689515108,0,0,0,0,1,0,0,0,0,28,1,0,0,1,1,0,0,0,0,0,0,0,13,55,2.6390573296152584,4.02535169073515
0038cli-number-guessing-game,0,0,0,0,0,1,2,0,1,0,1,1,0,0,2,0.5,1.0,0.0012391573729863693,806,806,0.0012391573729863693,0.9987608426270136,0,0,1,1,0,1,1,0.5,0.3333333333333333,0.5,0,0,4,1,0,1,28,3.869331261111518,0,0,0,0,1,0,0,0,38,63,0,0,0,1,1,0,0,0,0,0,0,0,13,58,2.6390573296152584,4.07753744390572
003_project_simple_atm,0,0,0,0,0,1,1,0,0,0,1,1,0,0,2,0.5,1.0,0.0014245014245014246,701,701,0.0014245014245014246,0.9985754985754985,0,0,0,1,0,1,1,0.5,0.3333333333333333,0.5,0,0,4,0,0,1,22,3.788754913993503,0,0,0,0,1,0,0,0,14,17,0,0,0,1,1,0,0,0,0,0,0,0,12,49,2.5649493574615367,3.912023005428146
003_todo_list,0,0,0,0,0,1,1,0,0,0,3,2,0,0,5,1.5,2.5,0.003816793893129771,785,785,0.001272264631043257,0.9987277353689568,0,0,1,1,0,1,1,0.5,0.16666666666666666,0.25,0,0,3,0,0,1,13,3.085055102756477,0,0,0,0,1,1,0,0,0,28,1,0,0,1,1,0,0,0,0,0,0,0,16,51,2.833213344056216,3.9512437185814275
003threeweek,0,0,0,0,0,1,1,0,0,0,0,0,0,0,0,0.0,0.0,0.0,3223,1549,0.00031017369727047146,0.4804590570719603,0,0,1,1,0,1,1,0.5,1.0,1.0,0,0,1,0,0,1,12,2.751629167387823,0,0,0,0,1,0,0,0,0,28,1,0,0,1,1,0,0,0,0,0,0,0,12,52,2.5649493574615367,3.970291913552122
004-bingpic,0,0,0,0,0,1,1,0,1,0,2,0,0,0,2,1.0,1.0,0.0006218905472636816,3215,1549,0.0003109452736318408,0.4816542288557214,0,0,1,1,0,1,1,0.5,0.3333333333333333,0.3333333333333333,0,0,2,1,0,1,11,3.095795255000934,0,0,0,0,1,0,0,0,17,107,0,0,0,1,1,0,0,0,0,0,0,0,14,49,2.70805020110221,3.912023005428146
004-custom,0,0,0,0,0,1,1,0,0,0,1,0,0,0,1,0.5,0.5,0.0006357279084551812,1572,1549,0.0006357279084551812,0.9847425301970757,0,0,1,1,0,1,1,0.5,0.5,0.5,0,0,2,1,0,1,10,3.1219280948873624,0,0,0,0,1,0,0,0,0,28,1,0,0,1,1,0,0,0,0,0,0,0,11,49,2.4849066497880004,3.912023005428146
004-module,0,0,0,0,0,1,1,0,0,0,2,0,0,0,2,1.0,1.0,0.0006218905472636816,3215,1480,0.0003109452736318408,0.4601990049751244,0,0,1,1,0,1,1,0.5,0.3333333333333333,0.3333333333333333,0,0,2,1,0,1,10,3.1219280948873624,0,0,0,0,1,0,0,0,13,28,0,0,0,1,1,0,0,0,0,0,0,0,10,53,2.3978952727983707,3.9889840465642745
004-week,0,0,0,0,0,1,1,0,0,0,0,0,0,0,0,0.0,0.0,0.0,3223,1549,0.00031017369727047146,0.4804590570719603,0,0,1,1,0,1,1,0.5,1.0,1.0,0,0,2,1,0,1,8,2.5,0,0,0,0,1,0,0,0,0,28,1,0,0,1,1,0,0,0,0,0,0,0,16,53,2.833213344056216,3.9889840465642745
004_npm,0,0,0,0,0,1,1,0,0,0,0,0,0,0,0,0.0,0.0,0.0,1965,1549,0.000508646998982706,0.7878942014242116,0,0,1,1,0,1,1,0.5,1.0,1.0,0,0,2,0,0,1,7,2.521640636343318,0,0,0,0,1,0,0,0,0,28,1,0,0,1,1,0,0,0,0,0,0,0,13,55,2.6390573296152584,4.02535169073515
004a3l,0,0,0,0,0,1,2,0,3,0,0,0,0,0,0,0.0,0.0,0.0,1152,1152,0.0008673026886383347,0.9991326973113617,0,0,1,1,0,1,1,0.5,1.0,1.0,0,0,1,0,0,1,6,2.2516291673878226,0,0,0,0,1,1,0,0,6,567,0,0,0,1,1,0,0,0,0,0,0,0,13,59,2.6390573296152584,4.0943445622221
005,0,0,0,0,0,3,1,0,2,0,0,0,0,0,0,0.0,0.0,0.0,3262,1480,0.0009193993257738277,0.4535703340484217,0,0,1,1,0,1,1,0.25,1.0,1.0,0,0,1,0,0,1,3,0.9182958340544896,0,0,0,0,1,0,0,0,0,28,1,1,0,1,1,0,0,0,0,0,0,0,3,39,1.3862943611198906,3.6888794541139363
005-create-new-package,0,0,0,0,0,2,1,1,0,0,0,0,0,0,0,0.0,0.0,0.0,1090,1090,0.0018331805682859762,0.999083409715857,0,0,1,1,0,1,1,0.3333333333333333,1.0,1.0,0,0,4,1,0,1,22,3.4817145729860726,0,0,0,0,1,0,0,0,0,28,1,0,0,1,1,0,0,0,0,0,0,0,18,71,2.9444389791664403,4.276666119016055
005-gxp,0,0,0,0,0,4,1,0,5,0,0,0,0,0,0,0.0,0.0,0.0,3262,1549,0.001225865767698437,0.4747165185412197,0,0,1,1,0,1,1,0.2,1.0,1.0,0,0,2,1,0,1,7,2.521640636343318,0,0,0,0,1,0,0,0,0,28,1,0,0,1,1,0,0,0,0,0,0,0,20,107,3.044522437723423,4.68213122712422
005-http,0,0,0,0,0,2,1,0,1,0,0,0,0,0,0,0.0,0.0,0.0,3262,1549,0.0006129328838492185,0.4747165185412197,0,0,1,1,0,1,1,0.3333333333333333,1.0,1.0,0,0,2,1,0,1,8,2.5,0,0,0,0,1,0,0,0,0,28,1,0,0,1,1,0,0,0,0,0,0,0,16,63,2.833213344056216,4.1588830833596715
005-http-antao,0,0,0,0,0,1,1,0,7,0,0,0,0,0,0,0.0,0.0,0.0,3262,1480,0.00030646644192460924,0.4535703340484217,0,0,1,1,0,1,1,0.5,1.0,1.0,0,0,3,1,0,1,14,3.039148671903071,0,0,0,0,1,0,0,0,0,28,1,0,0,1,1,0,0,0,0,0,0,0,14,58,2.70805020110221,4.07753744390572
005-http-jin,0,0,0,0,0,3,1,0,2,0,0,0,0,0,0,0.0,0.0,0.0,3262,1480,0.0009193993257738277,0.4535703340484217,0,0,1,1,0,1,1,0.25,1.0,1.0,0,0,3,1,0,1,12,3.084962500721156,0,0,0,0,1,0,0,0,0,28,1,0,0,1,1,0,0,0,0,0,0,0,16,84,2.833213344056216,4.442651256490317
005-http-open,0,0,0,0,0,3,1,0,2,0,0,0,0,0,0,0.0,0.0,0.0,3262,1480,0.0009193993257738277,0.4535703340484217,0,0,1,1,0,1,1,0.25,1.0,1.0,0,0,3,1,0,1,13,3.085055102756477,0,0,0,0,1,0,0,0,0,28,1,0,0,1,1,0,0,0,0,0,0,0,10,66,2.3978952727983707,4.204692619390966
005-https-cxb,0,0,0,0,0,2,1,0,1,0,0,0,0,0,0,0.0,0.0,0.0,3262,1480,0.0006129328838492185,0.4535703340484217,0,0,1,1,0,1,1,0.3333333333333333,1.0,1.0,0,0,3,1,0,1,13,3.238901256602631,0,0,0,0,1,0,0,0,0,28,1,0,0,1,1,0,0,0,0,0,0,0,12,56,2.5649493574615367,4.04305126783455
005currencyconverter,0,0,0,0,0,1,1,0,0,0,1,1,0,0,2,0.5,1.0,0.0012391573729863693,806,806,0.0012391573729863693,0.9987608426270136,0,0,1,1,0,1,1,0.5,0.3333333333333333,0.5,0,0,1,0,0,1,20,3.2464393446710154,0,0,0,0,1,1,0,0,46,72,0,0,0,1,1,0,0,0,0,0,0,0,15,57,2.772588722239781,4.060443010546419
005http,0,0,0,0,0,1,1,0,0,0,0,0,0,0,0,0.0,0.0,0.0,3262,1480,0.00030646644192460924,0.4535703340484217,0,0,1,1,0,1,1,0.5,1.0,1.0,0,0,1,0,0,1,7,2.2359263506290326,0,0,0,0,1,0,0,0,0,28,1,0,0,1,1,0,0,0,0,0,0,0,10,33,2.3978952727983707,3.5263605246161616
006-asad-calculator,0,0,0,0,0,2,1,0,1,0,0,2,0,0,2,0.0,0.6666666666666666,0.0,834,827,0.0023952095808383233,0.9904191616766467,0,0,1,1,0,1,1,0.3333333333333333,0.3333333333333333,1.0,0,0,3,1,0,1,19,3.40582225028569,0,0,0,0,1,0,0,0,57,28,0,0,0,1,1,0,0,0,0,0,0,0,12,63,2.5649493574615367,4.1588830833596715
0067-cli-number-guessing,0,0,0,0,0,1,1,0,0,0,1,1,0,0,2,0.5,1.0,0.0013679890560875513,730,730,0.0013679890560875513,0.9986320109439124,0,0,1,1,0,1,1,0.5,0.3333333333333333,0.5,0,0,4,1,0,1,24,3.8035088547976783,0,0,0,0,1,1,0,0,38,28,0,0,0,1,1,0,0,0,0,0,0,0,9,50,2.302585092994046,3.9318256327243257
006sx6,0,0,0,0,0,1,2,0,0,0,0,0,0,0,0,0.0,0.0,0.0,1152,1152,0.0008673026886383347,0.9991326973113617,0,0,1,1,0,1,1,0.5,1.0,1.0,0,0,1,0,0,1,6,1.9182958340544896,0,0,0,0,1,1,0,0,6,764,0,0,0,1,1,0,0,0,0,0,0,0,16,65,2.833213344056216,4.189654742026425
006wordcounter,0,0,0,0,0,1,1,0,0,0,1,1,0,0,2,0.5,1.0,0.0012406947890818859,805,805,0.0012406947890818859,0.9987593052109182,0,0,1,1,0,1,1,0.5,0.3333333333333333,0.5,0,0,1,0,0,1,14,3.378783493486176,0,0,0,0,1,1,0,0,45,65,0,0,0,1,1,0,0,0,0,0,0,0,14,60,2.70805020110221,4.110873864173311
007,0,0,0,0,0,3,0,0,2,0,0,2,0,0,2,0.0,0.5,0.0,4723,1480,0.0006350550381033022,0.31329381879762913,0,0,1,1,0,1,1,0.25,0.3333333333333333,1.0,0,0,1,0,0,1,3,0.9182958340544896,1,1,0,1,1,1,0,0,70,1307,0,1,0,1,1,0,0,0,0,0,0,0,7,47,2.0794415416798357,3.871201010907891
007-atm,0,0,0,0,0,1,1,0,0,0,1,0,0,0,1,0.5,0.5,0.0012135922330097086,823,823,0.0012135922330097086,0.9987864077669902,0,0,1,1,0,1,1,0.5,0.5,0.5,0,0,2,1,0,1,7,2.521640636343318,0,0,0,0,1,0,0,0,0,28,1,0,0,1,1,0,0,0,0,0,0,0,12,50,2.5649493574615367,3.9318256327243257
007-atm-machine,0,0,0,0,0,1,1,0,0,0,2,0,0,0,2,1.0,1.0,0.0026560424966799467,752,752,0.0013280212483399733,0.99867197875166,0,0,1,1,0,1,1,0.5,0.3333333333333333,0.3333333333333333,0,0,3,1,0,1,15,3.373557262275185,0,0,0,0,1,1,0,0,29,28,0,0,0,1,1,0,0,0,0,0,0,0,21,61,3.091042453358316,4.127134385045092
007-calculator,0,0,0,0,0,6,1,0,5,0,2,2,0,0,4,0.2857142857142857,0.5714285714285714,0.0019193857965451055,1041,1041,0.005758157389635317,0.9990403071017274,0,0,1,1,0,1,1,0.14285714285714285,0.2,0.3333333333333333,0,0,2,1,0,1,14,3.2359263506290326,0,0,0,0,1,0,0,0,0,28,1,0,0,1,1,0,0,0,0,0,0,0,14,92,2.70805020110221,4.532599493153256
007-currency-converter,0,0,0,0,0,1,1,0,0,0,2,1,0,0,3,1.0,1.5,0.002466091245376079,810,810,0.0012330456226880395,0.998766954377312,0,0,1,1,0,1,1,0.5,0.25,0.3333333333333333,0,0,3,1,0,1,22,3.3908054820769817,0,0,0,0,1,0,0,0,0,28,1,0,0,1,1,0,0,0,0,0,0,0,9,37,2.302585092994046,3.6375861597263857
007-custom7,0,0,0,0,0,1,1,0,0,0,1,0,0,0,1,0.5,0.5,0.0005810575246949448,1720,1549,0.0005810575246949448,0.9000581057524695,0,0,1,1,0,1,1,0.5,0.5,0.5,0,0,2,1,0,1,11,3.095795255000934,0,0,0,0,1,0,0,0,0,28,1,0,0,1,1,0,0,0,0,0,0,0,11,61,2.4849066497880004,4.127134385045092
007-danish-calculator,0,0,0,0,0,1,1,0,0,0,2,2,0,0,4,1.0,2.0,0.002430133657351154,822,822,0.001215066828675577,0.9987849331713244,0,0,1,1,0,1,1,0.5,0.2,0.3333333333333333,0,0,3,1,0,1,21,3.7849418274376423,0,0,0,0,1,0,0,0,0,28,1,0,0,1,1,0,0,0,0,0,0,0,18,67,2.9444389791664403,4.219507705176107
007-danish-currency-converter,0,0,0,0,0,1,1,0,0,0,1,1,0,0,2,0.5,1.0,0.0013386880856760374,746,746,0.0013386880856760374,0.998661311914324,0,0,1,1,0,1,1,0.5,0.3333333333333333,0.5,0,0,4,1,0,1,29,3.857306856898128,0,0,0,0,1,1,0,0,36,28,0,0,0,1,1,0,0,0,0,0,0,0,16,56,2.833213344056216,4.04305126783455
007-danish-word-counter,0,0,0,0,0,1,1,0,0,0,1,1,0,0,2,0.5,1.0,0.0013440860215053765,743,743,0.0013440860215053765,0.9986559139784946,0,0,1,1,0,1,1,0.5,0.3333333333333333,0.5,0,0,4,1,0,1,23,3.8820451081368628,0,0,0,0,1,1,0,0,32,28,0,0,0,1,1,0,0,0,0,0,0,0,12,53,2.5649493574615367,3.9889840465642745
007-danny-guess-game,0,0,0,0,0,1,1,0,0,0,1,2,0,0,3,0.5,1.5,0.0012165450121654502,821,821,0.0012165450121654502,0.9987834549878345,0,0,1,1,0,1,1,0.5,0.25,0.5,0,0,4,1,0,1,20,3.4841837197791885,0,0,0,0,1,0,0,0,0,28,1,0,0,1,1,0,0,0,0,0,0,0,13,44,2.6390573296152584,3.8066624897703196
007-guessgame,0,0,0,0,0,2,1,0,1,0,5,4,0,0,9,1.6666666666666667,3.0,0.004803073967339097,1040,1040,0.0019212295869356388,0.9990393852065321,0,0,1,1,0,1,1,0.3333333333333333,0.1,0.16666666666666666,0,0,2,1,0,1,13,3.085055102756477,0,0,0,0,1,0,0,0,0,28,1,0,0,1,1,0,0,0,0,0,0,0,13,71,2.6390573296152584,4.276666119016055
007-library-test,0,0,0,0,0,5,1,0,6,0,0,3,0,0,3,0.0,0.5,0.0,1556,1549,0.0032113037893384713,0.9948619139370585,0,0,1,1,0,1,1,0.16666666666666666,0.25,1.0,0,0,3,1,0,1,16,3.5,0,0,0,0,1,0,0,0,0,28,1,0,0,1,1,0,0,0,0,0,0,0,16,89,2.833213344056216,4.499809670330265
007-nodejs,0,0,0,0,0,3,2,5,3,0,7,8,0,0,15,1.75,3.75,0.002776675922253074,2520,1549,0.001190003966679889,0.614438714795716,0,0,1,1,0,1,1,0.25,0.0625,0.125,0,0,2,1,0,1,10,3.1219280948873624,0,0,0,0,1,1,0,0,72,28,0,0,0,10,1,0,0,0,1,0,1,1,17,81,2.8903717578961645,4.406719247264253
007-quiz1,0,0,0,0,0,2,1,0,1,0,4,4,0,0,8,1.3333333333333333,2.6666666666666665,0.003835091083413231,1042,1041,0.0019175455417066154,0.9980824544582934,0,0,1,1,0,1,1,0.3333333333333333,0.1111111111111111,0.2,0,0,2,1,0,1,9,2.9477027792200903,0,0,0,0,1,0,0,0,0,28,1,0,0,1,1,0,0,0,0,0,0,0,14,59,2.70805020110221,4.0943445622221
007-randomguessgame,0,0,0,0,0,1,1,0,0,0,3,3,0,0,6,1.5,3.0,0.002881844380403458,1040,1040,0.0009606147934678194,0.9990393852065321,0,0,1,1,0,1,1,0.5,0.14285714285714285,0.25,0,0,2,1,0,1,19,3.616348566075164,0,0,0,0,1,0,0,0,0,28,1,0,0,1,1,0,0,0,0,0,0,0,9,44,2.302585092994046,3.8066624897703196
007-simple-calculator,0,0,0,0,0,1,1,0,0,0,1,1,0,0,2,0.5,1.0,0.001199040767386091,833,833,0.001199040767386091,0.9988009592326139,0,0,1,1,0,1,1,0.5,0.3333333333333333,0.5,0,0,3,1,0,1,21,3.7849418274376423,0,0,0,0,1,0,0,0,102,28,0,0,0,1,1,0,0,0,0,0,0,0,12,49,2.5649493574615367,3.912023005428146
007-simple-cli-calculator,0,0,0,0,0,3,1,2,1,0,1,1,0,0,2,0.25,0.5,0.0012048192771084338,829,828,0.0036144578313253013,0.9975903614457832,0,0,1,1,0,1,1,0.25,0.3333333333333333,0.5,0,0,4,1,0,1,25,3.7034651896016464,0,0,0,0,1,1,0,0,56,28,0,0,0,1,1,0,0,0,0,0,0,0,18,72,2.9444389791664403,4.290459441148391
007-student-management-system,0,0,0,0,0,1,1,0,1,0,2,2,0,0,4,1.0,2.0,0.0027210884353741495,734,734,0.0013605442176870747,0.998639455782313,0,0,1,1,0,1,1,0.5,0.2,0.3333333333333333,0,0,4,1,0,1,29,3.5124792706912316,0,0,0,0,1,1,0,0,45,28,0,0,0,1,1,0,0,0,0,0,0,0,13,64,2.6390573296152584,4.174387269895637
007-todo_list,0,0,0,0,0,1,1,0,0,0,2,0,0,0,2,1.0,1.0,0.0024330900243309003,821,821,0.0012165450121654502,0.9987834549878345,0,0,1,1,0,1,1,0.5,0.3333333333333333,0.3333333333333333,0,0,3,1,0,1,13,3.238901256602631,0,0,0,0,1,1,0,0,0,28,1,0,0,1,1,0,0,0,0,0,0,0,12,51,2.5649493574615367,3.9512437185814275
007-word_counter,0,0,0,0,0,1,1,0,0,0,2,0,0,0,2,1.0,1.0,0.002484472049689441,804,804,0.0012422360248447205,0.9987577639751553,0,0,1,1,0,1,1,0.5,0.3333333333333333,0.3333333333333333,0,0,3,1,0,1,16,3.625,0,0,0,0,1,1,0,0,32,28,0,0,0,1,1,0,0,0,0,0,0,0,9,31,2.302585092994046,3.4657359027997265
007007-simple-calculator,1,1,0,0,0,1,0,0,1,0,0,0,0,0,0,0.0,0.0,0.0,832,832,0.0012004801920768306,0.9987995198079231,0,0,1,1,0,1,1,0.5,1.0,1.0,0,0,3,1,0,1,24,3.7201755214643453,1,1,1,1,1,0,0,0,24,182,0,0,0,1,1,0,0,0,0,0,0,0,27,267,3.332204510175204,5.5909869805108565
007_danish_student_manegment_system,0,0,0,0,0,1,2,0,1,0,2,1,0,0,3,1.0,1.5,0.0027397260273972603,729,729,0.0013698630136986301,0.9986301369863013,0,0,0,1,0,1,1,0.5,0.25,0.3333333333333333,0,0,5,0,0,1,35,3.67914337402601,0,0,0,0,1,1,0,0,42,28,0,0,0,1,1,0,0,0,0,0,0,0,16,50,2.833213344056216,3.9318256327243257
007_student_management_with_iqru,0,0,0,0,0,2,1,0,1,0,2,1,0,0,3,0.6666666666666666,1.0,0.0026954177897574125,741,741,0.0026954177897574125,0.9986522911051213,0,0,1,1,0,1,1,0.3333333333333333,0.25,0.3333333333333333,0,0,5,0,0,1,32,3.890319531114783,0,0,0,0,1,0,0,0,0,28,1,0,0,1,1,0,0,0,0,0,0,0,12,58,2.5649493574615367,4.07753744390572
007bmicalculator,0,0,0,0,0,1,1,0,0,0,0,1,0,0,1,0.0,0.5,0.0,802,802,0.0012453300124533001,0.9987546699875467,0,0,1,1,0,1,1,0.5,0.5,1.0,0,0,1,0,0,1,16,3.5,0,0,0,0,1,1,0,0,34,56,0,0,0,1,1,0,0,0,0,0,0,0,10,42,2.3978952727983707,3.7612001156935624
007devkit,0,0,0,0,0,1,0,1,0,0,6,8,0,0,14,3.0,7.0,0.06666666666666667,89,89,0.011111111111111112,0.9888888888888889,0,0,0,1,0,1,1,0.5,0.06666666666666667,0.14285714285714285,0,0,1,0,0,1,9,2.9477027792200903,1,1,1,1,1,0,1,14,103,8112,0,0,0,7,1,0,0,0,0,0,1,1,14,81,2.70805020110221,4.406719247264253
007malik_cli-number-guessig-game,0,0,0,0,0,3,1,0,2,0,1,1,0,0,2,0.25,0.5,0.0012033694344163659,830,830,0.0036101083032490976,0.9987966305655837,0,0,1,1,0,1,1,0.25,0.3333333333333333,0.5,0,0,5,1,0,1,32,3.944548827786958,0,0,0,0,1,1,0,0,50,28,0,0,0,1,1,0,0,0,0,0,0,0,13,58,2.6390573296152584,4.07753744390572
007putra-my-bot,0,0,0,0,0,1,1,1,1,0,1,0,0,0,1,0.5,0.5,0.0011862396204033216,842,842,0.0011862396204033216,0.9988137603795967,0,0,1,1,0,1,1,0.5,0.5,0.5,0,0,3,1,0,1,15,3.5068905956085192,1,1,1,1,1,1,1,1,18,28,0,0,0,1,1,0,0,0,0,0,0,0,10,51,2.3978952727983707,3.9512437185814275
008-cli,0,0,0,0,0,1,0,1,0,0,3,0,1,0,4,1.5,2.0,0.06666666666666667,44,44,0.022222222222222223,0.9777777777777777,0,0,0,1,0,1,1,0.5,0.2,0.25,0,0,2,1,0,1,7,2.521640636343318,1,1,1,1,1,1,1,9,92,3398,0,0,0,1,1,0,0,0,0,0,0,0,15,67,2.772588722239781,4.219507705176107
008-mysql,0,0,0,0,0,1,1,0,0,0,4,0,0,0,4,2.0,2.0,0.0012311480455524776,3248,1549,0.0003077870113881194,0.476762080640197,0,0,1,1,0,1,1,0.5,0.2,0.2,0,0,2,1,0,1,9,2.9477027792200903,0,0,0,0,1,0,0,0,7,28,0,0,0,1,1,0,0,0,0,0,0,0,12,55,2.5649493574615367,4.02535169073515
008-npm-ejm,0,0,0,0,0,1,1,0,0,0,0,0,0,0,0,0.0,0.0,0.0,1630,1549,0.0006131207847946045,0.9497240956468425,0,0,1,1,0,1,1,0.5,1.0,1.0,0,0,3,1,0,1,11,2.9139770731827523,0,0,0,0,1,1,1,3,18,28,0,0,0,1,1,0,0,0,0,0,0,0,14,49,2.70805020110221,3.912023005428146
008-number-gussing-game,0,0,0,0,0,2,2,0,1,0,1,1,0,0,2,0.3333333333333333,0.6666666666666666,0.0012345679012345679,809,809,0.0024691358024691358,0.9987654320987654,0,0,1,1,0,1,1,0.3333333333333333,0.3333333333333333,0.5,0,0,4,1,0,1,23,3.5883543471732335,0,0,0,0,1,0,0,0,39,64,0,0,0,1,1,0,0,0,0,0,0,0,10,49,2.3978952727983707,3.912023005428146
008-somepackage,0,0,0,0,0,1,1,1,1,0,0,0,0,0,0,0.0,0.0,0.0,4038,1480,0.0002475860361475613,0.3664273334983907,0,0,1,1,0,1,1,0.5,1.0,1.0,0,0,2,1,0,1,15,3.5068905956085183,0,0,0,0,1,1,1,1,12,28,0,0,0,1,1,0,0,0,0,0,0,0,12,52,2.5649493574615367,3.970291913552122
008currency-converter,0,0,0,0,0,1,1,0,2,0,1,1,0,0,2,0.5,1.0,0.0012239902080783353,816,816,0.0012239902080783353,0.9987760097919217,0,0,1,1,0,1,1,0.5,0.3333333333333333,0.5,0,0,2,1,0,1,21,3.368042422572716,0,0,0,0,1,0,0,0,0,28,1,0,0,1,1,0,0,0,0,0,0,0,19,56,2.995732273553991,4.04305126783455
009,0,0,0,0,0,1,0,0,0,0,0,0,0,0,0,0.0,0.0,0.0,3914,1480,0.0002554278416347382,0.3780332056194125,0,0,1,1,0,1,1,0.5,1.0,1.0,0,0,1,0,0,1,3,0.9182958340544896,0,0,0,0,1,1,0,0,0,28,1,1,0,0,0,0,0,0,0,0,0,0,6,37,1.9459101490553132,3.6375861597263857
0091atm,0,0,0,0,0,1,1,0,0,0,1,1,0,0,2,0.5,1.0,0.0012515644555694619,798,798,0.0012515644555694619,0.9987484355444305,0,0,1,1,0,1,1,0.5,0.3333333333333333,0.5,0,0,1,0,0,1,7,2.521640636343318,0,0,0,0,1,0,0,0,0,28,1,0,0,1,1,0,0,0,0,0,0,0,13,46,2.6390573296152584,3.8501476017100584
009_countdown_timer,0,0,0,0,0,1,1,0,0,0,1,0,0,0,1,0.5,0.5,0.0010309278350515464,969,969,0.0010309278350515464,0.9989690721649485,0,0,1,1,0,1,1,0.5,0.5,0.5,0,0,3,0,0,1,19,3.7216117239699007,0,0,0,0,1,1,0,0,0,28,1,0,0,1,1,0,0,0,0,0,0,0,13,49,2.6390573296152584,3.912023005428146
00_1calculater,0,0,0,0,0,1,2,0,1,0,3,1,0,0,4,1.5,2.0,0.0036540803897685747,820,820,0.001218026796589525,0.9987819732034104,0,0,1,1,0,1,1,0.5,0.2,0.25,0,0,2,0,0,1,14,3.2359263506290326,0,0,0,0,1,0,0,0,0,28,1,0,0,1,1,0,0,0,0,0,0,0,11,52,2.4849066497880004,3.970291913552122
00_atm,0,0,0,0,0,1,1,2,0,0,3,3,0,0,6,1.5,3.0,0.0023006134969325155,1303,1303,0.0007668711656441718,0.9992331288343558,0,0,1,1,0,1,1,0.5,0.14285714285714285,0.25,0,0,2,0,0,1,6,2.2516291673878226,0,0,0,0,1,0,0,0,0,28,1,0,0,1,1,0,0,0,0,0,0,0,11,55,2.4849066497880004,4.02535169073515
00_calculator,0,0,0,0,0,1,1,1,0,0,3,3,0,0,6,1.5,3.0,0.0023006134969325155,1303,1303,0.0007668711656441718,0.9992331288343558,0,0,1,1,0,1,1,0.5,0.14285714285714285,0.25,0,0,2,0,0,1,13,3.085055102756477,0,0,0,0,1,0,0,0,9,321,0,0,0,1,1,0,0,0,0,0,0,0,13,36,2.6390573296152584,3.6109179126442243
00_calculator_project,0,0,0,0,0,1,1,0,3,0,4,2,0,0,6,2.0,3.0,0.004530011325028313,882,882,0.0011325028312570782,0.9988674971687429,0,0,1,1,0,1,1,0.5,0.14285714285714285,0.2,0,0,3,0,0,1,21,3.499227541723357,0,0,0,0,1,0,0,0,0,28,1,0,0,1,1,0,0,0,0,0,0,0,11,46,2.4849066497880004,3.8501476017100584
00_currency_converter,0,0,0,0,0,4,1,5,0,0,3,3,0,0,6,0.6,1.2,0.0023112480739599386,1297,1297,0.0030816640986132513,0.9992295839753467,0,0,1,1,0,1,1,0.2,0.14285714285714285,0.25,0,0,3,0,0,1,21,3.2728043273346206,0,0,0,0,1,0,0,0,0,28,1,0,0,1,1,0,0,0,0,0,0,0,13,93,2.6390573296152584,4.543294782270004
00_minicalculator,0,0,0,0,0,4,1,0,3,0,1,1,0,0,2,0.2,0.4,0.0012091898428053204,826,826,0.0048367593712212815,0.9987908101571947,0,0,1,1,0,1,1,0.2,0.3333333333333333,0.5,0,0,2,0,0,1,17,3.4992275471326932,0,0,0,0,1,1,0,0,71,28,0,0,0,1,1,0,0,0,0,0,0,0,13,80,2.6390573296152584,4.394449154672439
00_number_guessing_game,0,0,0,0,0,1,1,0,0,0,2,0,0,0,2,1.0,1.0,0.0015337423312883436,1303,1303,0.0007668711656441718,0.9992331288343558,0,0,1,1,0,1,1,0.5,0.3333333333333333,0.3333333333333333,0,0,4,0,0,1,23,3.4685766296878655,0,0,0,0,1,0,0,0,0,28,1,0,0,1,1,0,0,0,0,0,0,0,9,39,2.302585092994046,3.6888794541139363
00_to_do_app,0,0,0,0,0,1,1,0,0,0,1,0,0,0,1,0.5,0.5,0.0012165450121654502,821,821,0.0012165450121654502,0.9987834549878345,0,0,1,1,0,1,1,0.5,0.5,0.5,0,0,4,0,0,1,12,2.688721875540867,0,0,0,0,1,0,0,0,0,28,1,0,0,1,1,0,0,0,0,0,0,0,10,38,2.3978952727983707,3.6635616461296463
00_todo_list,0,0,0,0,0,3,1,3,0,0,3,3,0,0,6,0.75,1.5,0.0023023791250959325,1302,1299,0.0023023791250959325,0.9969301611665388,0,0,1,1,0,1,1,0.25,0.14285714285714285,0.25,0,0,3,0,0,1,12,2.918295834054489,0,0,0,0,1,0,0,0,0,28,1,0,0,1,1,0,0,0,0,0,0,0,16,87,2.833213344056216,4.477336814478207
00_web3_sc12cket,0,0,0,0,0,1,1,0,0,0,1,0,0,0,1,0.5,0.5,0.0013351134846461949,748,748,0.0013351134846461949,0.9986648865153538,0,0,1,1,0,1,1,0.5,0.5,0.5,0,0,3,0,0,1,16,3.5,0,0,0,0,1,1,1,1,47,101,0,0,0,1,1,0,0,0,0,0,0,0,10,44,2.3978952727983707,3.8066624897703196
00_word_counter,0,0,0,0,0,1,1,0,0,0,3,3,0,0,6,1.5,3.0,0.0023112480739599386,1297,1297,0.0007704160246533128,0.9992295839753467,0,0,1,1,0,1,1,0.5,0.14285714285714285,0.25,0,0,3,0,0,1,15,3.373557262275185,0,0,0,0,1,0,0,0,0,28,1,0,0,1,1,0,0,0,0,0,0,0,11,51,2.4849066497880004,3.9512437185814275
00akshatsinha00decomment,0,0,0,0,0,2,1,1,0,0,3,1,0,0,4,1.0,1.3333333333333333,0.008571428571428572,349,349,0.005714285714285714,0.9971428571428571,0,0,0,1,0,1,1,0.3333333333333333,0.2,0.25,0,0,1,0,0,1,24,3.5535088547976783,1,1,1,1,1,1,1,14,52,8046,0,0,0,11,1,0,0,0,0,0,1,1,14,74,2.70805020110221,4.31748811353631
00bx-kiro-gateway,0,0,0,0,0,10,1,0,9,0,0,4,0,0,4,0.0,0.36363636363636365,0.0,142,142,0.06993006993006994,0.993006993006993,0,0,0,1,0,1,1,0.09090909090909091,0.2,1.0,0,0,3,1,0,1,17,3.734521664779752,1,1,1,1,1,1,1,7,89,4054,0,0,0,2,1,0,0,0,0,0,1,1,31,171,3.4657359027997265,5.147494476813453
00bx-photoshop-mcp,0,0,0,0,0,7,1,1,2,0,0,0,0,0,0,0.0,0.0,0.0,141,141,0.04929577464788732,0.9929577464788732,0,0,0,1,0,1,1,0.125,1.0,1.0,0,0,3,1,0,1,18,3.30827083453526,1,1,1,1,1,1,1,12,78,3949,0,0,0,1,1,0,0,1,0,0,1,1,56,229,4.04305126783455,5.438079308923196
00calculator-huzaifa,0,0,0,0,0,2,1,1,0,0,3,4,0,0,7,1.0,2.3333333333333335,0.002297090352220521,1305,1305,0.0015313935681470138,0.9992343032159265,0,0,1,1,0,1,1,0.3333333333333333,0.125,0.25,0,0,2,1,0,1,20,3.521928094887362,0,0,0,0,1,0,0,0,0,28,1,0,0,1,1,0,0,0,0,0,0,0,18,75,2.9444389791664403,4.330733340286331
00dragons-conquest0-battle-game00,0,0,0,0,0,1,2,1,1,0,1,1,0,0,2,0.5,1.0,0.0012531328320802004,797,797,0.0012531328320802004,0.9987468671679198,0,0,1,1,0,1,1,0.5,0.3333333333333333,0.5,0,0,4,1,0,1,33,3.873812589567827,0,0,0,0,1,0,0,0,0,28,1,0,0,1,1,0,0,0,0,0,0,0,15,61,2.772588722239781,4.127134385045092
00ekbmyikxf0,0,0,0,0,0,2,0,12,0,0,0,0,0,0,0,0.0,0.0,0.0,514,513,0.003883495145631068,0.996116504854369,0,0,0,1,0,1,1,0.3333333333333333,1.0,1.0,0,0,1,0,0,1,12,3.0220552088742,0,0,0,0,1,0,0,0,42,28,0,0,0,1,1,0,0,0,0,0,0,0,13,71,2.6390573296152584,4.276666119016055
00feastful_gatherings_restaurant00,0,0,0,0,0,1,1,0,0,0,1,1,0,0,2,0.5,1.0,0.001336898395721925,747,747,0.001336898395721925,0.9986631016042781,0,0,1,1,0,1,1,0.5,0.3333333333333333,0.5,0,0,3,0,0,1,34,3.667913944000622,0,0,0,0,1,0,0,0,0,28,1,0,0,1,1,0,0,0,0,0,0,0,9,46,2.302585092994046,3.8501476017100584
00g-cli-number-guessing-game,0,0,0,0,0,1,2,0,1,0,1,1,0,0,2,0.5,1.0,0.0012468827930174563,801,801,0.0012468827930174563,0.9987531172069826,0,0,1,1,0,1,1,0.5,0.3333333333333333,0.5,0,0,5,1,0,1,28,3.6375375112660517,0,0,0,0,1,0,0,0,0,28,1,0,0,1,1,0,0,0,0,0,0,0,13,52,2.6390573296152584,3.970291913552122
00h-cli-number-guessing-game,0,0,0,0,0,2,2,0,0,0,1,1,0,0,2,0.3333333333333333,0.6666666666666666,0.0012468827930174563,801,801,0.0024937655860349127,0.9987531172069826,0,0,1,1,0,1,1,0.3333333333333333,0.3333333333333333,0.5,0,0,5,1,0,1,28,3.7534343861887844,0,0,0,0,1,0,0,0,0,28,1,0,0,1,1,0,0,0,0,0,0,0,9,53,2.302585092994046,3.9889840465642745
00h-simple-calculator,0,0,0,0,0,6,3,0,4,0,1,1,0,0,2,0.14285714285714285,0.2857142857142857,0.0012453300124533001,802,802,0.007471980074719801,0.9987546699875467,0,0,1,1,0,1,1,0.14285714285714285,0.3333333333333333,0.5,0,0,3,1,0,1,21,3.7849418274376423,0,0,0,0,1,1,0,0,57,28,0,0,0,1,1,0,0,0,0,0,0,0,13,103,2.6390573296152584,4.6443908991413725
00hndw,0,0,0,0,0,1,1,0,2,0,0,0,0,0,0,0.0,0.0,0.0,1151,1151,0.0008680555555555555,0.9991319444444444,0,0,1,1,0,1,1,0.5,1.0,1.0,0,0,1,0,0,1,6,2.2516291673878226,0,0,0,0,1,1,0,0,6,668,0,0,0,1,1,0,0,0,0,0,0,0,13,36,2.6390573296152584,3.6109179126442243
00igrgdeghrt00,0,0,0,0,0,1,2,0,1,0,0,0,0,0,0,0.0,0.0,0.0,1527,1527,0.0006544502617801048,0.9993455497382199,0,0,1,1,0,1,1,0.5,1.0,1.0,0,0,1,0,0,1,14,2.753434386188785,0,0,0,0,1,1,1,1,10,28,0,0,0,1,1,0,0,0,0,0,0,0,10,52,2.3978952727983707,3.970291913552122
00k55b,0,0,0,0,0,1,2,0,7,0,0,0,0,0,0,0.0,0.0,0.0,1151,1151,0.0008680555555555555,0.9991319444444444,0,0,1,1,0,1,1,0.5,1.0,1.0,0,0,1,0,0,1,6,1.9182958340544896,0,0,0,0,1,1,0,0,6,585,0,0,0,1,1,0,0,0,0,0,0,0,10,45,2.3978952727983707,3.828641396489095
00ld8nuivn,0,0,0,0,0,1,2,1,0,0,7,9,0,0,16,3.5,8.0,0.008974358974358974,779,779,0.001282051282051282,0.9987179487179487,0,0,1,1,0,1,1,0.5,0.058823529411764705,0.125,0,0,1,0,0,1,10,2.9219280948873627,0,0,0,0,0,0,0,0,159,1419,0,0,0,4,1,0,0,0,0,0,0,0,14,45,2.70805020110221,3.828641396489095
00mjji,0,0,0,0,0,1,2,2,2,0,0,0,0,0,0,0.0,0.0,0.0,1151,1151,0.0008680555555555555,0.9991319444444444,0,0,1,1,0,1,1,0.5,1.0,1.0,0,0,1,0,0,1,6,1.9182958340544896,0,0,0,0,1,1,0,0,6,559,0,0,0,1,1,0,0,0,0,0,0,0,9,48,2.302585092994046,3.8918202981106265
00new-currency-convertor,0,0,0,0,0,1,1,0,0,0,1,1,0,0,2,0.5,1.0,0.0012484394506866417,800,800,0.0012484394506866417,0.9987515605493134,0,0,1,1,0,1,1,0.5,0.3333333333333333,0.5,0,0,3,1,0,1,24,3.4072682296173893,0,0,0,0,1,0,0,0,0,28,1,0,0,1,1,0,0,0,0,0,0,0,11,48,2.4849066497880004,3.8918202981106265
00newtodo,0,0,0,0,0,1,1,0,0,0,3,1,0,0,4,1.5,2.0,0.003708281829419036,808,808,0.0012360939431396785,0.9987639060568603,0,0,1,1,0,1,1,0.5,0.2,0.25,0,0,1,0,0,1,9,2.725480556997868,0,0,0,0,1,0,0,0,0,28,1,0,0,1,1,0,0,0,0,0,0,0,8,40,2.1972245773362196,3.713572066704308
00o,0,0,0,0,0,2,1,0,1,0,0,0,0,0,0,0.0,0.0,0.0,615,615,0.003246753246753247,0.9983766233766234,0,0,0,1,0,1,1,0.3333333333333333,1.0,1.0,0,0,1,0,0,1,3,0.9182958340544896,0,0,0,0,1,1,0,0,31,28,0,1,0,0,0,0,0,0,0,0,0,0,12,50,2.5649493574615367,3.9318256327243257
00p09p-amy-object-orential-program,0,0,0,0,0,2,2,0,0,0,1,1,0,0,2,0.3333333333333333,0.6666666666666666,0.0013297872340425532,751,751,0.0026595744680851063,0.9986702127659575,0,0,1,1,0,1,1,0.3333333333333333,0.3333333333333333,0.5,0,0,5,1,0,1,34,3.9764499732851233,0,0,0,0,1,0,0,0,0,28,1,0,0,1,1,0,0,0,0,0,0,0,16,66,2.833213344056216,4.204692619390966
00p_introductiooon_explained_with_typescript_console_application_muhammad_alwaz,0,0,0,0,0,1,1,0,0,0,1,2,0,0,3,0.5,1.5,0.0012706480304955528,786,786,0.0012706480304955528,0.9987293519695044,0,0,1,1,0,1,1,0.5,0.25,0.5,0,0,9,0,0,1,79,4.138041269055238,0,0,0,0,1,0,0,0,0,28,1,0,0,1,1,0,0,0,0,0,0,0,9,31,2.302585092994046,3.4657359027997265
00project-8-of-student-management000,0,0,0,0,0,1,1,0,0,0,1,1,0,0,2,0.5,1.0,0.0012484394506866417,800,800,0.0012484394506866417,0.9987515605493134,0,0,1,1,0,1,1,0.5,0.3333333333333333,0.5,0,0,5,1,0,1,36,3.882021446536748,0,0,0,0,1,0,0,0,0,28,1,0,0,1,1,0,0,0,0,0,0,0,13,47,2.6390573296152584,3.871201010907891
00ps,0,0,0,0,0,2,0,1,1,0,0,0,0,0,0,0.0,0.0,0.0,160,111,0.012422360248447204,0.6894409937888198,0,0,0,1,0,1,1,0.3333333333333333,1.0,1.0,0,0,1,0,0,1,4,1.5,1,1,1,1,1,1,1,10,103,5874,0,0,0,2,1,0,0,0,0,0,0,0,13,55,2.6390573296152584,4.02535169073515
00q0q-count_down_timer,0,0,0,0,0,1,1,0,0,0,3,1,0,0,4,1.5,2.0,0.0039164490861618795,765,765,0.0013054830287206266,0.9986945169712794,0,0,1,1,0,1,1,0.5,0.2,0.25,0,0,4,1,0,1,22,3.788754913993503,0,0,0,0,1,1,0,0,23,28,0,0,0,1,1,0,0,0,0,0,0,0,15,44,2.772588722239781,3.8066624897703196
00r5lp,0,0,0,0,0,1,3,0,2,0,0,0,0,0,0,0.0,0.0,0.0,1152,1152,0.0008673026886383347,0.9991326973113617,0,0,1,1,0,1,1,0.5,1.0,1.0,0,0,1,0,0,1,6,2.2516291673878226,0,0,0,0,1,1,0,0,6,519,0,0,0,1,1,0,0,0,0,0,0,0,13,48,2.6390573296152584,3.8918202981106265
00ricardo-utils,0,0,0,0,0,44,3,0,0,0,7,0,0,0,7,0.15555555555555556,0.15555555555555556,0.005533596837944664,1264,685,0.034782608695652174,0.541501976284585,0,0,0,1,0,1,1,0.022222222222222223,0.125,0.125,0,0,2,1,0,1,15,3.506890595608519,1,1,1,1,1,1,1,3,51,614,0,0,0,2,1,0,0,0,0,0,0,0,58,317,4.07753744390572,5.762051382780177
00rqiw31nd,0,0,0,0,0,1,2,1,0,0,7,9,0,0,16,3.5,8.0,0.008860759493670886,789,789,0.0012658227848101266,0.9987341772151899,0,0,1,1,0,1,1,0.5,0.058823529411764705,0.125,0,0,1,0,0,1,10,3.1219280948873624,0,0,0,0,0,0,0,0,159,1419,0,0,0,4,1,0,0,0,0,0,0,0,10,48,2.3978952727983707,3.8918202981106265
00rs4v,0,0,0,0,0,1,3,2,8,0,0,0,0,0,0,0.0,0.0,0.0,1152,1152,0.0008673026886383347,0.9991326973113617,0,0,1,1,0,1,1,0.5,1.0,1.0,0,0,1,0,0,1,6,2.2516291673878226,0,0,0,0,1,1,0,0,6,634,0,0,0,1,1,0,0,0,0,0,0,0,13,54,2.6390573296152584,4.007333185232471
00table-console,0,0,0,0,0,1,1,0,1,0,1,1,0,0,2,0.5,1.0,0.001288659793814433,775,775,0.001288659793814433,0.9987113402061856,0,0,1,1,0,1,1,0.5,0.3333333333333333,0.5,0,0,2,1,0,1,15,3.3735572622751855,0,0,0,0,1,0,0,0,0,28,1,0,0,1,1,0,0,0,0,0,0,0,11,42,2.4849066497880004,3.7612001156935624
00table-creator,0,0,0,0,0,1,1,0,1,0,1,1,0,0,2,0.5,1.0,0.0013550135501355014,737,737,0.0013550135501355014,0.9986449864498645,0,0,1,1,0,1,1,0.5,0.3333333333333333,0.5,0,0,2,1,0,1,15,3.2402239289418526,0,0,0,0,1,0,0,0,0,28,1,0,0,1,1,0,0,0,0,0,0,0,17,50,2.8903717578961645,3.9318256327243257
00tea,0,0,0,0,0,1,1,4,4,0,38,0,0,0,38,19.0,19.0,0.04865556978233035,780,780,0.0012804097311139564,0.998719590268886,0,0,1,1,0,1,1,0.5,0.02564102564102564,0.02564102564102564,0,0,1,0,0,1,5,1.9219280948873623,1,1,1,1,1,0,1,2,8,28,0,0,0,1,1,0,0,0,0,0,0,0,14,61,2.70805020110221,4.127134385045092
00todos.list,0,0,0,0,0,1,1,0,0,0,1,1,0,0,2,0.5,1.0,0.0012135922330097086,823,823,0.0012135922330097086,0.9987864077669902,0,0,1,1,0,1,1,0.5,0.3333333333333333,0.5,0,0,2,0,1,1,12,2.918295834054489,0,0,0,0,1,1,0,0,0,28,1,0,0,1,1,0,0,0,0,0,0,0,9,30,2.302585092994046,3.4339872044851463
00trivia-quest-choose-the-correct-answer00,0,0,0,0,0,1,1,0,0,0,3,1,0,0,4,1.5,2.0,0.0037688442211055275,795,795,0.001256281407035176,0.9987437185929648,0,0,1,1,0,1,1,0.5,0.2,0.25,0,0,6,1,0,1,42,3.7855568643177127,0,0,0,0,1,0,0,0,0,28,1,0,0,1,1,0,0,0,0,0,0,0,10,50,2.3978952727983707,3.9318256327243257
00u1tt,0,0,0,0,0,1,3,0,1,0,0,0,0,0,0,0.0,0.0,0.0,1152,1152,0.0008673026886383347,0.9991326973113617,0,0,1,1,0,1,1,0.5,1.0,1.0,0,0,1,0,0,1,6,1.9182958340544896,0,0,0,0,1,1,0,0,6,547,0,0,0,1,1,0,0,0,0,0,0,0,47,138,3.871201010907891,4.9344739331306915
00wc-word-counter,0,0,0,0,0,1,1,0,0,0,1,1,0,0,2,0.5,1.0,0.0013123359580052493,761,761,0.0013123359580052493,0.9986876640419947,0,0,1,1,0,1,1,0.5,0.3333333333333333,0.5,0,0,3,1,0,1,17,3.381580488309164,0,0,0,0,1,0,0,0,0,28,1,0,0,1,1,0,0,0,0,0,0,0,10,50,2.3978952727983707,3.9318256327243257
00yybq,0,0,0,0,0,1,2,1,1,0,0,0,0,0,0,0.0,0.0,0.0,1151,1151,0.0008680555555555555,0.9991319444444444,0,0,1,1,0,1,1,0.5,1.0,1.0,0,0,1,0,0,1,6,1.9182958340544896,0,0,0,0,1,1,0,0,6,783,0,0,0,1,1,0,0,0,0,0,0,0,14,56,2.70805020110221,4.04305126783455
01,0,0,0,0,0,1,0,0,1,0,1,0,0,0,1,0.5,0.5,0.0002256317689530686,4431,1480,0.0002256317689530686,0.33393501805054154,0,0,1,1,0,1,1,0.5,0.5,0.5,0,0,1,0,0,1,2,1.0,0,0,0,0,0,1,1,3,4,28,0,1,0,0,0,0,0,0,0,0,0,0,10,59,2.3978952727983707,4.0943445622221
01---command-line-calculator,0,0,0,0,0,1,1,0,0,0,0,4,0,0,4,0.0,2.0,0.0,819,819,0.0012195121951219512,0.998780487804878,0,0,1,1,0,1,1,0.5,0.2,1.0,0,0,6,1,0,1,28,3.6689869584530603,0,0,0,0,1,0,0,0,0,28,1,0,0,1,1,0,0,0,0,0,0,0,13,41,2.6390573296152584,3.7376696182833684
01-03,0,0,0,0,0,1,1,0,0,0,0,1,0,0,1,0.0,0.5,0.0,3084,1549,0.00032414910858995135,0.5021069692058346,0,0,1,1,0,1,1,0.5,0.5,1.0,0,0,2,1,0,1,5,1.9219280948873623,0,0,0,0,1,0,0,0,0,28,1,0,0,2,1,0,0,0,0,0,0,0,15,58,2.772588722239781,4.07753744390572
01-0redi7qgbz0uv,1,1,0,0,0,1,1,0,0,0,40,0,0,0,40,20.0,20.0,0.049019607843137254,815,815,0.0012254901960784314,0.9987745098039216,0,0,1,1,0,1,1,0.5,0.024390243902439025,0.024390243902439025,0,0,2,1,0,1,16,3.702819531114783,0,0,0,0,1,1,0,0,0,28,1,0,0,1,1,0,0,0,0,0,0,0,60,313,4.110873864173311,5.749392985908253
01-a8da2-guest-verification-cli,0,0,0,0,0,1,1,0,0,0,1,1,0,0,2,0.5,1.0,0.0013089005235602095,763,763,0.0013089005235602095,0.9986910994764397,0,0,1,1,0,1,1,0.5,0.3333333333333333,0.5,0,0,5,1,0,1,31,4.091135423220312,0,0,0,0,1,1,0,0,84,28,0,0,0,1,1,0,0,0,0,0,0,0,12,48,2.5649493574615367,3.8918202981106265
01-a8da2-table-printing.cli,0,0,0,0,0,2,1,0,2,0,1,1,0,0,2,0.3333333333333333,0.6666666666666666,0.00130718954248366,764,764,0.00261437908496732,0.9986928104575163,0,0,1,1,0,1,1,0.3333333333333333,0.3333333333333333,0.5,0,0,5,1,1,1,27,4.004344446367528,0,0,0,0,1,1,0,0,100,28,0,0,0,1,1,0,0,0,0,0,0,0,13,49,2.6390573296152584,3.912023005428146
01-aa-coding-cli-calculator,0,0,0,0,0,1,1,0,0,0,1,1,0,0,2,0.5,1.0,0.0013568521031207597,736,736,0.0013568521031207597,0.9986431478968792,0,0,1,1,0,1,1,0.5,0.3333333333333333,0.5,0,0,5,1,0,1,27,3.5417435206018593,0,0,0,0,1,0,0,0,0,28,1,0,0,1,1,0,0,0,0,0,0,0,19,56,2.995732273553991,4.04305126783455
01-ahmyy-calculator,0,0,0,0,0,1,1,0,0,0,1,2,0,0,3,0.5,1.5,0.0012547051442910915,796,796,0.0012547051442910915,0.998745294855709,0,0,1,1,0,1,1,0.5,0.25,0.5,0,0,3,1,0,1,19,3.5766176449086653,0,0,0,0,1,0,0,0,0,18,1,0,0,1,1,0,0,0,0,0,0,0,11,57,2.4849066497880004,4.060443010546419
01-atm-machine,0,0,0,0,0,1,1,0,0,0,2,1,0,0,3,1.0,1.5,0.002564102564102564,779,779,0.001282051282051282,0.9987179487179487,0,0,1,1,0,1,1,0.5,0.25,0.3333333333333333,0,0,3,1,0,1,14,3.3787834934861767,0,0,0,0,1,0,0,0,67,70,0,0,0,1,1,0,0,0,0,0,0,0,11,36,2.4849066497880004,3.6109179126442243
01-basics,0,0,0,0,0,1,0,1,0,0,3,0,0,0,3,1.5,1.5,0.0023492560689115116,1276,1276,0.0007830853563038371,0.9992169146436961,0,0,1,1,0,1,1,0.5,0.25,0.25,0,0,2,1,0,1,9,2.94770277922009,0,0,0,0,1,1,0,0,0,28,1,0,0,1,1,0,0,0,0,0,0,0,13,55,2.6390573296152584,4.02535169073515
01-bibliotheque,0,0,0,0,0,2,1,0,1,0,0,0,0,0,0,0.0,0.0,0.0,2715,1549,0.0007363770250368188,0.5703240058910162,0,0,1,1,0,1,1,0.3333333333333333,1.0,1.0,0,0,2,1,0,1,15,3.5068905956085183,0,0,0,0,1,1,0,0,26,28,0,0,0,1,1,0,0,0,0,0,0,0,14,60,2.70805020110221,4.110873864173311
01-buildings,0,0,0,0,0,2,1,0,1,0,0,0,0,0,0,0.0,0.0,0.0,1723,1549,0.001160092807424594,0.898491879350348,0,0,1,1,0,1,1,0.3333333333333333,1.0,1.0,0,0,2,1,0,1,12,3.418295834054489,0,0,0,0,1,0,0,0,0,28,1,0,0,1,1,0,0,0,0,0,0,0,14,60,2.70805020110221,4.110873864173311
01-buildins,0,0,0,0,0,3,3,0,0,0,1,0,0,0,1,0.25,0.25,0.0006485084306095979,1541,1541,0.0019455252918287938,0.9993514915693904,0,0,1,1,0,1,1,0.25,0.5,0.5,0,0,2,1,0,1,11,3.277613436819116,0,0,0,0,1,0,0,0,0,28,1,0,0,1,1,0,0,0,0,0,0,0,14,89,2.70805020110221,4.499809670330265
01-calc,0,0,0,0,0,2,2,0,0,0,0,0,0,0,0,0.0,0.0,0.0,3238,1549,0.0006174745291756715,0.4782340228465576,0,0,1,1,0,1,1,0.3333333333333333,1.0,1.0,0,0,2,1,0,1,7,2.521640636343318,0,0,0,0,1,0,1,1,22,231,0,0,0,1,1,0,0,0,0,0,0,0,12,44,2.5649493574615367,3.8066624897703196
01-calculator,0,0,0,0,0,1,1,0,0,0,3,4,0,0,7,1.5,3.5,0.0028846153846153848,1039,1039,0.0009615384615384616,0.9990384615384615,0,0,1,1,0,1,1,0.5,0.125,0.25,0,0,2,1,0,1,13,3.238901256602631,0,0,0,0,1,0,0,0,0,28,1,0,0,1,1,0,0,0,0,0,0,0,13,46,2.6390573296152584,3.8501476017100584
01-calculator-of-laiba,0,0,0,0,0,1,1,0,0,0,1,2,0,0,3,0.5,1.5,0.0012515644555694619,798,798,0.0012515644555694619,0.9987484355444305,0,0,1,1,0,1,1,0.5,0.25,0.5,0,0,4,1,0,1,22,3.4817145729860726,0,0,0,0,1,0,0,0,0,28,1,0,0,1,1,0,0,0,0,0,0,0,11,39,2.4849066497880004,3.6888794541139363
01-cli-currency-converter-project,0,0,0,0,0,1,1,0,1,0,3,0,0,0,3,1.5,1.5,0.0036900369003690036,812,812,0.0012300123001230013,0.998769987699877,0,0,1,1,0,1,1,0.5,0.25,0.25,0,0,5,1,0,1,33,3.6741128784834953,0,0,0,0,1,0,0,0,255,318,0,0,0,1,1,0,0,0,0,0,0,0,17,48,2.8903717578961645,3.8918202981106265
01-cli-mini-calculator,0,0,0,0,0,1,1,0,0,0,2,1,0,0,3,1.0,1.5,0.002398081534772182,833,833,0.001199040767386091,0.9988009592326139,0,0,1,1,0,1,1,0.5,0.25,0.3333333333333333,0,0,4,1,0,1,22,3.503997527334848,1,1,1,1,1,1,0,0,57,46,0,0,0,1,1,0,0,0,0,0,0,0,4,32,1.6094379124341003,3.4965075614664802
01-cli-number-guess,0,0,0,0,0,1,1,0,0,0,1,0,0,0,1,0.5,0.5,0.001282051282051282,779,779,0.001282051282051282,0.9987179487179487,0,0,1,1,0,1,1,0.5,0.5,0.5,0,0,4,1,0,1,19,3.6818808028034016,0,0,0,0,1,1,0,0,42,27,0,0,0,1,1,0,0,0,0,0,0,0,13,36,2.6390573296152584,3.6109179126442243
01-code-with-saeed-simple-calculator,0,0,0,0,0,2,1,0,1,0,1,1,0,0,2,0.3333333333333333,0.6666666666666666,0.0013003901170351106,768,768,0.002600780234070221,0.9986996098829649,0,0,1,1,0,1,1,0.3333333333333333,0.3333333333333333,0.5,0,0,6,1,0,1,36,3.9511943630832227,0,0,0,0,1,0,0,0,17,28,0,0,0,1,1,0,0,0,0,0,0,0,13,49,2.6390573296152584,3.912023005428146
01-count-down-timer-,0,0,0,0,0,1,1,0,0,0,1,1,0,0,2,0.5,1.0,0.0012787723785166241,781,781,0.0012787723785166241,0.9987212276214834,0,0,1,1,0,1,1,0.5,0.3333333333333333,0.5,0,0,5,1,0,1,20,3.621928094887362,0,0,0,0,1,0,0,0,0,28,1,0,0,1,1,0,0,0,0,0,0,0,13,53,2.6390573296152584,3.9889840465642745
01-custom,0,0,0,0,0,1,1,0,0,0,1,0,0,0,1,0.5,0.5,0.0005120327700972862,1952,1549,0.0005120327700972862,0.7931387608806963,0,0,1,1,0,1,1,0.5,0.5,0.5,0,0,2,1,0,1,9,3.169925001442312,0,0,0,0,1,0,0,0,0,28,1,0,0,1,1,0,0,0,0,0,0,0,17,53,2.8903717578961645,3.9889840465642745
01-custom-library-npm,0,0,0,0,0,3,1,0,2,0,0,3,0,0,3,0.0,0.75,0.0,1585,1549,0.0018915510718789407,0.9766708701134931,0,0,1,1,0,1,1,0.25,0.25,1.0,0,0,4,1,0,1,21,3.975418017913833,0,0,0,0,1,0,0,0,174,2501,0,0,0,2,1,0,0,0,0,0,0,0,11,56,2.4849066497880004,4.04305126783455
01-cute,0,0,0,0,0,2,0,0,2,0,2,0,0,0,2,0.6666666666666666,0.6666666666666666,0.0007032348804500703,2843,1549,0.0007032348804500703,0.5446554149085795,0,0,1,1,0,1,1,0.3333333333333333,0.3333333333333333,0.3333333333333333,0,0,2,1,0,1,7,2.807354922057604,0,0,0,0,1,1,1,2,4,28,0,0,0,1,1,0,0,0,0,0,0,0,14,65,2.70805020110221,4.189654742026425
01-dengh-test,0,0,0,0,0,3,1,0,2,0,2,0,0,0,2,0.5,0.5,0.001635322976287817,1222,1221,0.0024529844644317253,0.9983646770237122,0,0,1,1,0,1,1,0.25,0.3333333333333333,0.3333333333333333,0,0,3,1,0,1,13,3.238901256602631,0,0,0,0,1,0,0,0,0,28,1,0,0,1,1,0,0,0,0,0,0,0,16,75,2.833213344056216,4.330733340286331
01-dev,0,0,0,0,0,1,1,0,0,0,3,0,0,0,3,1.5,1.5,0.0015128593040847202,1982,1549,0.0005042864346949068,0.7811396873424105,0,0,1,1,0,1,1,0.5,0.25,0.25,0,0,2,1,0,1,6,2.584962500721156,0,0,0,0,1,0,0,0,0,28,1,0,0,1,1,0,0,0,0,0,0,0,11,45,2.4849066497880004,3.828641396489095
01-dj,0,0,0,0,0,1,0,0,0,0,0,0,0,0,0,0.0,0.0,0.0,2721,1549,0.0003673769287288758,0.5690668626010287,0,0,1,1,0,1,1,0.5,1.0,1.0,0,0,2,1,0,1,5,2.321928094887362,1,1,1,1,1,1,0,0,11,7,0,0,0,1,1,0,0,0,0,0,0,0,15,49,2.772588722239781,3.912023005428146
01-dome,0,0,0,0,0,1,1,0,0,0,0,0,0,0,0,0.0,0.0,0.0,1384,1384,0.0007220216606498195,0.9992779783393502,0,0,1,1,0,1,1,0.5,1.0,1.0,0,0,2,1,0,1,7,2.807354922057604,0,0,0,0,1,0,0,0,0,28,1,0,0,1,1,0,0,0,0,0,0,0,14,48,2.70805020110221,3.8918202981106265
01-esm,0,0,0,0,0,1,1,0,0,0,0,0,0,0,0,0.0,0.0,0.0,1518,1518,0.0006583278472679394,0.9993416721527321,0,0,1,1,0,1,1,0.5,1.0,1.0,0,0,2,1,0,1,6,2.584962500721156,0,0,0,0,1,1,0,0,0,28,1,0,0,1,1,0,0,0,0,0,0,0,17,50,2.8903717578961645,3.9318256327243257
01-fabubao2222,0,0,0,0,0,1,1,0,0,0,0,0,0,0,0,0.0,0.0,0.0,1562,1549,0.0006397952655150352,0.9910428662827895,0,0,1,1,0,1,1,0.5,1.0,1.0,0,0,2,1,0,1,14,2.950212064914747,0,0,0,0,1,0,0,0,0,28,1,0,0,1,1,0,0,0,0,0,0,0,12,49,2.5649493574615367,3.912023005428146
01-fabubaoll,0,0,0,0,0,2,1,1,0,0,1,0,0,0,1,0.3333333333333333,0.3333333333333333,0.0005924170616113745,1687,1549,0.001184834123222749,0.917654028436019,0,0,1,1,0,1,1,0.3333333333333333,0.5,0.5,0,0,2,1,0,1,12,3.084962500721156,0,0,0,0,1,0,0,0,0,28,1,0,0,1,1,0,0,0,0,0,0,0,18,61,2.9444389791664403,4.127134385045092
01-flask,0,0,0,0,0,1,0,1,0,0,15,11,0,0,26,7.5,13.0,0.009946949602122016,1507,1507,0.000663129973474801,0.9993368700265252,0,0,1,1,0,1,1,0.5,0.037037037037037035,0.0625,0,0,2,1,0,1,8,3.0,1,1,1,1,1,0,1,9,58,26691,0,0,0,7,1,0,0,0,1,0,1,1,13,86,2.6390573296152584,4.465908118654584
01-frontend-lib,0,0,0,0,0,3,1,0,2,0,4,7,0,0,11,1.0,2.75,0.0016863406408094434,2371,1549,0.0012647554806070826,0.653035413153457,0,0,1,1,0,1,1,0.25,0.08333333333333333,0.2,0,0,3,1,0,1,15,3.6402239289418516,0,0,0,0,1,0,0,0,0,28,1,0,0,2,1,0,0,0,0,0,0,0,10,55,2.3978952727983707,4.02535169073515
01-hhtclac,0,0,0,0,0,1,1,0,0,0,0,0,0,0,0,0.0,0.0,0.0,2766,1549,0.0003614022406938923,0.5598120708348392,0,0,1,1,0,1,1,0.5,1.0,1.0,0,0,2,1,0,1,10,2.9219280948873623,0,0,0,0,1,0,1,1,45,230,0,0,0,1,1,0,0,0,0,0,0,0,17,46,2.8903717578961645,3.8501476017100584
01-hiking,0,0,0,0,0,1,1,0,0,0,0,0,0,0,0,0.0,0.0,0.0,2194,1549,0.00045558086560364467,0.7056947608200456,0,0,1,1,0,1,1,0.5,1.0,1.0,0,0,2,1,0,1,9,2.94770277922009,0,0,0,0,1,0,0,0,0,28,1,0,0,1,1,0,0,0,0,0,0,0,13,41,2.6390573296152584,3.7376696182833684
01-init,0,0,0,0,0,1,1,0,1,0,0,0,0,0,0,0.0,0.0,0.0,1595,1549,0.0006265664160401002,0.9705513784461153,0,0,1,1,0,1,1,0.5,1.0,1.0,0,0,2,1,0,1,7,2.5216406363433186,0,0,0,0,1,0,0,0,0,28,1,0,0,1,1,0,0,0,0,0,0,0,13,47,2.6390573296152584,3.871201010907891
01-install-react,0,0,0,0,0,1,0,0,0,0,2,10,0,0,12,1.0,6.0,0.0031847133757961785,627,627,0.0015923566878980893,0.9984076433121019,0,0,0,1,0,1,1,0.5,0.07692307692307693,0.3333333333333333,0,0,3,1,0,1,16,3.5,0,0,0,0,0,0,0,0,99,451,0,0,0,4,1,0,0,0,0,0,0,0,12,53,2.5649493574615367,3.9889840465642745
01-introduction,0,0,0,0,0,1,1,0,0,0,0,1,0,0,1,0.0,0.5,0.0,375,375,0.0026595744680851063,0.9973404255319149,0,0,0,1,0,1,1,0.5,0.5,1.0,0,0,2,1,0,1,15,3.373557262275185,0,0,0,0,0,0,0,0,0,28,1,0,0,1,1,0,0,0,0,0,0,0,12,54,2.5649493574615367,4.007333185232471
01-jyd-tools-r,0,0,0,0,0,1,1,0,0,0,0,0,0,0,0,0.0,0.0,0.0,1431,1431,0.0006983240223463687,0.9993016759776536,0,0,1,1,0,1,1,0.5,1.0,1.0,0,0,4,1,0,1,14,3.3248629576173574,0,0,0,0,1,1,1,3,8,28,0,0,0,1,1,0,0,0,0,0,0,0,12,42,2.5649493574615367,3.7612001156935624
01-local-payment-flow,0,0,0,0,0,1,1,0,0,0,2,0,0,0,2,1.0,1.0,0.3333333333333333,5,5,0.16666666666666666,0.8333333333333334,1,1,0,1,0,1,1,0.5,0.3333333333333333,0.3333333333333333,0,0,4,1,0,1,21,3.748994803525096,0,0,0,0,1,0,0,0,0,28,1,0,0,1,1,0,0,0,0,0,0,0,129,129,4.867534450455582,4.867534450455582
01-math-01,0,0,0,0,0,1,1,0,2,0,0,4,0,0,4,0.0,2.0,0.0,1636,1549,0.0006108735491753207,0.9462431276725718,0,0,1,1,0,1,1,0.5,0.2,1.0,0,0,3,1,0,1,10,2.7219280948873625,0,0,0,0,1,0,0,0,0,28,1,0,0,1,1,0,0,0,0,0,0,0,15,41,2.772588722239781,3.7376696182833684
01-math-02,0,0,0,0,0,1,1,0,2,0,0,4,0,0,4,0.0,2.0,0.0,1631,1549,0.0006127450980392157,0.9491421568627451,0,0,1,1,0,1,1,0.5,0.2,1.0,0,0,3,1,0,1,10,2.9219280948873623,0,0,0,0,1,0,0,0,0,28,1,0,0,1,1,0,0,0,0,0,0,0,16,57,2.833213344056216,4.060443010546419
01-math-03,0,0,0,0,0,3,1,0,4,0,0,4,0,0,4,0.0,1.0,0.0,1631,1549,0.001838235294117647,0.9491421568627451,0,0,1,1,0,1,1,0.25,0.2,1.0,0,0,3,1,0,1,10,2.9219280948873623,0,0,0,0,1,0,0,0,0,28,1,0,0,1,1,0,0,0,0,0,0,0,19,54,2.995732273553991,4.007333185232471
01-mj-test,0,0,0,0,0,2,1,0,1,0,2,0,0,0,2,0.6666666666666666,0.6666666666666666,0.0011968880909634949,1670,1549,0.0011968880909634949,0.9269898264512269,0,0,1,1,0,1,1,0.3333333333333333,0.3333333333333333,0.3333333333333333,0,0,3,1,0,1,10,2.9219280948873623,0,0,0,0,1,0,1,2,16,28,0,0,0,1,1,0,0,0,0,0,0,0,12,39,2.5649493574615367,3.6888794541139363
01-mudules,0,0,0,0,0,2,1,0,1,0,1,0,0,0,1,0.3333333333333333,0.3333333333333333,0.0006891798759476223,1450,1450,0.0013783597518952446,0.9993108201240524,0,0,1,1,0,1,1,0.3333333333333333,0.5,0.5,0,0,2,1,0,1,10,3.121928094887362,0,0,0,0,1,0,0,0,0,28,1,0,0,1,1,0,0,0,0,0,0,0,12,61,2.5649493574615367,4.127134385045092
01-my_npm,0,0,0,0,0,1,1,0,0,0,0,0,0,0,0,0.0,0.0,0.0,1530,1530,0.0006531678641410843,0.999346832135859,0,0,1,1,0,1,1,0.5,1.0,1.0,0,0,3,1,0,1,9,2.94770277922009,0,0,0,0,1,1,0,0,0,28,1,0,0,1,1,0,0,0,0,0,0,0,14,44,2.70805020110221,3.8066624897703196
01-myproject,0,0,0,0,0,1,1,0,0,0,0,0,0,0,0,0.0,0.0,0.0,1925,1549,0.0005192107995846313,0.8042575285565939,0,0,1,1,0,1,1,0.5,1.0,1.0,0,0,2,1,0,1,12,3.584962500721156,0,0,0,0,1,0,0,0,0,28,1,0,0,1,1,0,0,0,0,0,0,0,12,39,2.5649493574615367,3.6888794541139363
01-n0urhussain_gest_verification-cli,0,0,0,0,0,1,1,0,2,0,1,1,0,0,2,0.5,1.0,0.0012953367875647669,771,771,0.0012953367875647669,0.9987046632124352,0,0,1,1,0,1,1,0.5,0.3333333333333333,0.5,0,0,5,1,0,1,36,4.083274571476652,0,0,0,0,1,1,0,0,81,28,0,0,0,1,1,0,0,0,0,0,0,0,16,47,2.833213344056216,3.871201010907891
01-new-todo-list,0,0,0,0,0,1,1,0,0,0,1,1,0,0,2,0.5,1.0,0.001326259946949602,753,753,0.001326259946949602,0.9986737400530504,0,0,1,1,0,1,1,0.5,0.3333333333333333,0.5,0,0,4,1,0,1,16,3.452819531114783,0,0,0,0,1,1,0,0,14,28,0,0,0,1,1,0,0,0,0,0,0,0,12,50,2.5649493574615367,3.9318256327243257
01-nhussain_gest_verification-cli,0,0,0,0,0,1,1,0,0,0,1,1,0,0,2,0.5,1.0,0.0012953367875647669,771,771,0.0012953367875647669,0.9987046632124352,0,0,1,1,0,1,1,0.5,0.3333333333333333,0.5,0,0,5,1,0,1,33,4.040775468486825,0,0,0,0,1,1,0,0,81,28,0,0,0,1,1,0,0,0,0,0,0,0,12,52,2.5649493574615367,3.970291913552122
01-node-lib-an,0,0,0,0,0,1,1,0,0,0,1,0,0,0,1,0.5,0.5,0.0014265335235378032,700,700,0.0014265335235378032,0.9985734664764622,0,0,0,1,0,1,1,0.5,0.5,0.5,0,0,4,1,0,1,14,3.3248629576173574,1,1,1,1,1,1,0,0,15,28,0,0,0,2,1,0,0,0,0,0,0,0,15,48,2.772588722239781,3.8918202981106265
01-node-lib-avs,0,0,0,0,0,1,1,0,0,0,1,0,0,0,1,0.5,0.5,0.001440922190201729,693,693,0.001440922190201729,0.9985590778097982,0,0,0,1,0,1,1,0.5,0.5,0.5,0,0,4,1,0,1,15,3.589898095464287,1,1,1,1,1,1,0,0,0,19,1,0,0,3,1,0,0,0,0,0,0,0,13,32,2.6390573296152584,3.4965075614664802
01-node-npm,0,0,0,0,0,1,1,0,0,0,2,0,0,0,2,1.0,1.0,0.0058309037900874635,342,342,0.0029154518950437317,0.9970845481049563,0,0,0,1,0,1,1,0.5,0.3333333333333333,0.3333333333333333,0,0,3,1,0,1,11,3.095795255000934,0,0,0,0,1,1,1,2,21,28,0,0,0,4,1,0,0,0,0,0,0,0,13,53,2.6390573296152584,3.9889840465642745
01-npm-send-first,0,0,0,0,0,1,1,0,0,0,1,0,0,0,1,0.5,0.5,0.0005350454788657035,1868,1549,0.0005350454788657035,0.8287854467629748,0,0,1,1,0,1,1,0.5,0.5,0.5,0,0,4,1,0,1,17,3.572469458770136,0,0,0,0,1,0,0,0,0,28,1,0,0,1,1,0,0,0,0,0,0,0,19,55,2.995732273553991,4.02535169073515
01-npm-testing-lib,0,0,0,0,0,1,1,0,0,0,0,1,0,0,1,0.0,0.5,0.0,450,450,0.0022172949002217295,0.9977827050997783,0,0,0,1,0,1,1,0.5,0.5,1.0,0,0,4,1,0,1,18,3.5724312513221195,1,1,1,1,1,1,0,0,60,92,0,0,0,3,1,0,0,0,0,0,0,0,16,91,2.833213344056216,4.5217885770490405
01-npmsample,0,0,0,0,0,2,0,0,1,0,1,0,0,0,1,0.3333333333333333,0.3333333333333333,0.0005473453749315818,1826,1549,0.0010946907498631637,0.8478379857690203,0,0,1,1,0,1,1,0.3333333333333333,0.5,0.5,0,0,2,1,0,1,12,3.2516291673878226,0,0,0,0,1,1,1,2,9,112,0,0,0,1,1,0,0,0,0,0,0,0,13,67,2.6390573296152584,4.219507705176107
01-numacert,0,0,0,0,0,6,3,0,0,0,4,6,0,0,10,0.5714285714285714,1.4285714285714286,0.0013097576948264572,3053,1549,0.0019646365422396855,0.5072036673215455,0,0,1,1,0,1,1,0.14285714285714285,0.09090909090909091,0.2,0,0,2,1,0,1,11,3.459431618637298,1,1,1,1,1,1,0,0,16,13,0,0,0,5,1,0,0,0,0,0,0,0,16,160,2.833213344056216,5.081404364984463
01-numbers-webpack-test,0,0,0,0,0,2,1,0,1,0,0,3,0,0,3,0.0,1.0,0.0,505,505,0.003952569169960474,0.9980237154150198,0,0,0,1,0,1,1,0.3333333333333333,0.25,1.0,0,0,4,1,0,1,23,3.8492239123906247,0,0,0,0,1,0,0,0,0,28,1,0,0,1,1,0,0,0,0,0,0,0,10,38,2.3978952727983707,3.6635616461296463
01-o,0,0,0,0,0,1,1,0,0,0,0,1,0,0,1,0.0,0.5,0.0,2102,1549,0.00047551117451260106,0.7365668093200191,0,0,1,1,0,1,1,0.5,0.5,1.0,0,0,2,1,0,1,4,2.0,0,0,0,0,1,0,0,0,2,28,0,0,0,1,1,0,0,0,0,0,0,0,13,54,2.6390573296152584,4.007333185232471
01-password-generator,0,0,0,0,0,1,1,0,0,0,0,1,0,0,1,0.0,0.5,0.0,513,513,0.0019455252918287938,0.9980544747081712,0,0,0,1,0,1,1,0.5,0.5,1.0,0,0,3,1,0,1,21,3.689703732199547,0,0,0,0,1,0,0,0,0,28,1,0,0,1,1,0,0,0,0,0,0,0,12,52,2.5649493574615367,3.970291913552122
01-plugin,0,0,0,0,0,1,0,1,0,0,2,5,0,0,7,1.0,3.5,0.0007621951219512195,2623,1549,0.00038109756097560977,0.5903201219512195,0,0,1,1,0,1,1,0.5,0.125,0.3333333333333333,0,0,2,1,0,1,9,3.169925001442312,0,0,0,0,0,0,0,0,36,362,0,0,0,2,1,0,0,0,0,0,0,0,14,81,2.70805020110221,4.406719247264253
01-practicemyself,0,0,0,0,0,1,1,0,0,0,0,0,0,0,0,0.0,0.0,0.0,2766,1549,0.0003614022406938923,0.5598120708348392,0,0,1,1,0,1,1,0.5,1.0,1.0,0,0,2,1,0,1,17,3.8521687236032816,0,0,0,0,1,0,1,2,0,28,1,0,0,1,1,0,0,0,0,0,0,0,19,51,2.995732273553991,3.9512437185814275
01-project-1-table-printing,0,0,0,0,0,1,1,0,2,0,1,1,0,0,2,0.5,1.0,0.0013020833333333333,767,767,0.0013020833333333333,0.9986979166666666,0,0,1,1,0,1,1,0.5,0.3333333333333333,0.5,0,0,5,1,0,1,27,3.8380398168981555,0,0,0,0,1,0,0,0,96,28,0,0,0,1,1,0,0,0,0,0,0,0,10,43,2.3978952727983707,3.784189633918261
01-qiwang,0,0,0,0,0,2,1,2,0,0,1,0,0,0,1,0.3333333333333333,0.3333333333333333,0.0005920663114268798,1688,1549,0.0011841326228537595,0.9171107164002368,0,0,1,1,0,1,1,0.3333333333333333,0.5,0.5,0,0,2,1,0,1,9,3.169925001442312,0,0,0,0,1,0,0,0,0,28,1,0,0,1,1,0,0,0,0,0,0,0,14,63,2.70805020110221,4.1588830833596715
01-reconciler,0,0,0,0,0,1,1,0,0,0,0,0,0,0,0,0.0,0.0,0.0,1051,1051,0.0009505703422053232,0.9990494296577946,0,0,1,1,0,1,1,0.5,1.0,1.0,0,0,2,1,0,1,13,3.238901256602631,0,0,0,0,1,0,0,0,186,558,0,0,0,1,1,0,0,0,0,0,0,0,9,29,2.302585092994046,3.4011973816621555
01-rubab_calculator,0,0,0,0,0,1,1,0,0,0,1,2,0,0,3,0.5,1.5,0.001277139208173691,782,782,0.001277139208173691,0.9987228607918263,0,0,1,1,0,1,1,0.5,0.25,0.5,0,0,3,1,0,1,19,3.471354487013929,0,0,0,0,1,0,0,0,0,28,1,0,0,1,1,0,0,0,0,0,0,0,11,50,2.4849066497880004,3.9318256327243257
01-sajid_calculator,0,0,0,0,0,1,1,0,0,0,1,2,0,0,3,0.5,1.5,0.001277139208173691,782,782,0.001277139208173691,0.9987228607918263,0,0,1,1,0,1,1,0.5,0.25,0.5,0,0,3,1,0,1,19,3.7871439606981387,0,0,0,0,1,0,0,0,0,28,1,0,0,1,1,0,0,0,0,0,0,0,13,49,2.6390573296152584,3.912023005428146
01-simple,0,0,0,0,0,7,1,0,6,0,2,0,0,0,2,0.25,0.25,0.0004972650422675286,4021,1480,0.00174042764793635,0.3679761312779712,0,0,1,1,0,1,1,0.125,0.3333333333333333,0.3333333333333333,0,0,2,1,0,1,9,3.169925001442312,1,1,1,1,1,1,1,1,62,9,0,0,0,2,1,0,0,0,0,0,0,0,15,101,2.772588722239781,4.624972813284271
01-simple-cli-calc,0,0,0,0,0,2,1,0,1,0,6,0,0,0,6,2.0,2.0,0.004573170731707317,1311,1310,0.001524390243902439,0.9984756097560976,0,0,1,1,0,1,1,0.3333333333333333,0.14285714285714285,0.14285714285714285,0,0,4,1,0,1,18,3.266332639970623,0,0,0,0,1,0,0,0,0,28,1,0,0,2,1,0,0,0,0,0,0,0,18,70,2.9444389791664403,4.2626798770413155
01-support,0,0,0,0,0,1,1,0,0,0,0,0,0,0,0,0.0,0.0,0.0,1385,1385,0.0007215007215007215,0.9992784992784993,0,0,1,1,0,1,1,0.5,1.0,1.0,0,0,2,1,0,1,10,3.121928094887362,0,0,0,0,1,1,0,0,0,28,1,0,0,1,1,0,0,0,0,0,0,0,10,30,2.3978952727983707,3.4339872044851463
01-szhm-wb,0,0,0,0,0,3,1,0,2,0,0,0,0,0,0,0.0,0.0,0.0,2813,1549,0.0010660980810234541,0.5504619758351101,0,0,1,1,0,1,1,0.25,1.0,1.0,0,0,3,1,0,1,10,3.1219280948873624,0,0,0,0,1,1,1,3,7,123,0,0,0,1,1,0,0,0,0,0,0,0,11,48,2.4849066497880004,3.8918202981106265
01-szhmqd25calc,0,0,0,0,0,2,1,1,0,0,0,0,0,0,0,0.0,0.0,0.0,2766,1549,0.0007228044813877846,0.5598120708348392,0,0,1,1,0,1,1,0.3333333333333333,1.0,1.0,0,0,2,1,0,1,15,3.773557262275185,0,0,0,0,1,0,1,2,45,234,0,0,0,1,1,0,0,0,0,0,0,0,20,66,3.044522437723423,4.204692619390966
01-szhmqd27cale,0,0,0,0,0,1,1,0,0,0,0,0,0,0,0,0.0,0.0,0.0,2722,1549,0.0003672420124862284,0.5688578773411679,0,0,1,1,0,1,1,0.5,1.0,1.0,0,0,2,1,0,1,15,3.906890595608518,0,0,0,0,1,1,1,3,19,28,0,0,0,1,1,0,0,0,0,0,0,0,24,57,3.2188758248682006,4.060443010546419
01-table-project,0,0,0,0,0,1,1,0,0,0,1,1,0,0,2,0.5,1.0,0.001288659793814433,775,775,0.001288659793814433,0.9987113402061856,0,0,1,1,0,1,1,0.5,0.3333333333333333,0.5,0,0,3,1,0,1,16,3.625,0,0,0,0,1,1,0,0,99,28,0,0,0,1,1,0,0,0,0,0,0,0,13,51,2.6390573296152584,3.9512437185814275
01-tableprinting,0,0,0,0,0,1,1,0,2,0,1,1,0,0,2,0.5,1.0,0.0012919896640826874,773,773,0.0012919896640826874,0.9987080103359173,0,0,1,1,0,1,1,0.5,0.3333333333333333,0.5,0,0,2,1,0,1,16,3.625,0,0,0,0,1,1,0,0,133,28,0,0,0,1,1,0,0,0,0,0,0,0,11,45,2.4849066497880004,3.828641396489095
01-taoge,0,0,0,0,0,1,1,0,0,0,0,0,0,0,0,0.0,0.0,0.0,1636,1549,0.0006108735491753207,0.9462431276725718,0,0,1,1,0,1,1,0.5,1.0,1.0,0,0,2,1,0,1,8,3.0,0,0,0,0,1,0,0,0,0,28,1,0,0,1,1,0,0,0,0,0,0,0,12,45,2.5649493574615367,3.828641396489095
01-test-button,0,0,0,0,0,4,1,0,3,0,5,15,0,0,20,1.0,4.0,0.0041390728476821195,1207,1205,0.0033112582781456954,0.9975165562913907,0,0,1,1,0,1,1,0.2,0.047619047619047616,0.16666666666666666,0,0,3,1,0,1,14,3.09306920777189,0,0,0,0,1,0,0,0,24,267,0,0,0,3,1,0,0,0,0,0,0,0,16,85,2.833213344056216,4.454347296253507
01-todo-list-project,0,0,0,0,0,3,2,0,1,0,3,0,0,0,3,0.75,0.75,0.0036496350364963502,821,819,0.0036496350364963502,0.9963503649635036,0,0,1,1,0,1,1,0.25,0.25,0.25,0,0,4,1,0,1,20,3.608694969562842,0,0,0,0,1,0,0,0,0,19,1,0,0,1,1,0,0,0,0,0,0,0,15,65,2.772588722239781,4.189654742026425
01-upload,0,0,0,0,0,1,1,0,0,0,0,0,0,0,0,0.0,0.0,0.0,2813,1549,0.00035536602700781805,0.5504619758351101,0,0,1,1,0,1,1,0.5,1.0,1.0,0,0,2,1,0,1,9,3.169925001442312,0,0,0,0,1,1,1,2,14,205,0,0,0,1,1,0,0,0,0,0,0,0,13,60,2.6390573296152584,4.110873864173311
01-utillib,0,0,0,0,0,1,1,0,0,0,0,2,0,0,2,0.0,1.0,0.0,847,847,0.0011792452830188679,0.9988207547169812,0,0,1,1,0,1,1,0.5,0.3333333333333333,1.0,0,0,2,1,0,1,10,2.9219280948873623,0,0,0,0,1,0,0,0,0,28,1,0,0,2,1,0,0,0,0,0,0,0,13,49,2.6390573296152584,3.912023005428146
01-vue3-vite,0,0,0,0,0,1,0,0,0,0,6,2,0,0,8,3.0,4.0,0.007692307692307693,779,779,0.001282051282051282,0.9987179487179487,0,0,1,1,0,1,1,0.5,0.1111111111111111,0.14285714285714285,0,0,3,1,0,1,12,3.084962500721156,0,0,0,0,0,0,0,0,0,28,1,0,0,2,1,0,0,0,0,0,0,0,17,58,2.8903717578961645,4.07753744390572
01-webbot-detector,0,0,0,0,0,1,1,0,0,0,0,0,0,0,0,0.0,0.0,0.0,1169,1169,0.0008547008547008547,0.9991452991452991,0,0,1,1,0,1,1,0.5,1.0,1.0,0,0,3,1,0,1,18,3.3082708345352603,0,0,0,0,1,1,1,1,62,28,0,0,0,1,1,0,0,0,0,0,0,0,10,29,2.3978952727983707,3.4011973816621555
01-wjh-pub,0,0,0,0,0,1,1,0,0,0,0,0,0,0,0,0.0,0.0,0.0,1080,1080,0.0009250693802035153,0.9990749306197965,0,0,1,1,0,1,1,0.5,1.0,1.0,0,0,3,1,0,1,10,3.1219280948873624,0,0,0,0,1,0,0,0,9,11,0,0,0,1,1,0,0,0,0,0,0,0,12,42,2.5649493574615367,3.7612001156935624
01-xiaoxaio,0,0,0,0,0,2,1,0,1,0,0,0,0,0,0,0.0,0.0,0.0,1601,1549,0.0012484394506866417,0.966916354556804,0,0,1,1,0,1,1,0.3333333333333333,1.0,1.0,0,0,2,1,0,1,11,2.7321588913645702,0,0,0,0,1,0,0,0,0,28,1,0,0,1,1,0,0,0,0,0,0,0,17,68,2.8903717578961645,4.23410650459726
01-zdyzl,0,0,0,0,0,1,1,0,0,0,11,3,0,0,14,5.5,7.0,0.0048415492957746475,2271,1549,0.00044014084507042255,0.6817781690140845,0,0,1,1,0,1,1,0.5,0.06666666666666667,0.08333333333333333,0,0,2,1,0,1,8,2.75,0,0,0,0,1,0,0,0,0,28,1,0,0,1,1,0,0,0,0,0,0,0,11,50,2.4849066497880004,3.9318256327243257
01-zxz-numtowords,0,0,0,0,0,2,1,0,1,0,2,20,0,0,22,0.6666666666666666,7.333333333333333,0.0014958863126402393,1336,1336,0.0014958863126402393,0.9992520568436799,0,0,1,1,0,1,1,0.3333333333333333,0.043478260869565216,0.3333333333333333,0,0,3,1,0,1,17,3.734521664779752,0,0,0,0,1,0,0,0,0,28,1,0,0,2,1,0,0,0,0,0,0,0,15,64,2.772588722239781,4.174387269895637
01.22pagination,0,0,0,0,0,2,1,0,1,0,1,13,0,0,14,0.3333333333333333,4.666666666666667,0.0003243593902043464,3082,1549,0.0006487187804086928,0.5024326954265326,0,0,1,1,0,1,1,0.3333333333333333,0.06666666666666667,0.5,0,0,2,0,1,1,15,3.373557262275186,0,0,0,0,1,1,0,0,16,320,0,0,0,2,1,0,0,0,0,0,0,0,19,74,2.995732273553991,4.31748811353631
01.lyy_untils,0,0,0,0,0,1,1,0,0,0,0,0,0,0,0,0.0,0.0,0.0,1460,1460,0.0006844626967830253,0.999315537303217,0,0,1,1,0,1,1,0.5,1.0,1.0,0,0,3,0,1,1,13,3.3927474104487847,0,0,0,0,1,0,0,0,0,28,1,0,0,1,1,0,0,0,0,0,0,0,12,50,2.5649493574615367,3.9318256327243257
01.test-cnpm,0,0,0,0,0,2,1,1,0,0,0,0,0,0,0,0.0,0.0,0.0,3285,1480,0.0006086427267194157,0.45039561777236764,0,0,1,1,0,1,1,0.3333333333333333,1.0,1.0,0,0,3,1,1,1,12,3.4182958340544896,0,0,0,0,1,1,1,1,2,178,0,0,0,1,1,0,0,0,0,0,0,0,10,48,2.3978952727983707,3.8918202981106265
01.webpack-base,0,0,0,0,0,1,1,0,0,0,0,1,0,0,1,0.0,0.5,0.0,2105,1549,0.0004748338081671415,0.7355175688509021,0,0,1,1,0,1,1,0.5,0.5,1.0,0,0,3,1,1,1,15,3.5068905956085183,0,0,0,0,1,0,0,0,0,28,1,0,0,1,1,0,0,0,0,0,0,0,14,58,2.70805020110221,4.07753744390572
01.webpack-study,0,0,0,0,0,1,1,0,0,0,8,20,0,0,28,4.0,14.0,0.0033783783783783786,2367,1549,0.0004222972972972973,0.6541385135135135,0,0,1,1,0,1,1,0.5,0.034482758620689655,0.1111111111111111,0,0,3,1,1,1,16,4.0,0,0,0,0,1,0,0,0,0,28,1,0,0,2,1,0,0,0,0,0,0,0,13,62,2.6390573296152584,4.143134726391533
010-static-http-server,0,0,0,0,0,1,1,0,0,0,0,0,0,0,0,0.0,0.0,0.0,3409,1480,0.0002932551319648094,0.4340175953079179,0,0,1,1,0,1,1,0.5,1.0,1.0,0,0,4,1,0,1,22,3.51602764126623,0,0,0,0,1,0,0,0,39,99,0,0,0,1,1,0,0,0,0,0,0,0,12,38,2.5649493574615367,3.6635616461296463
0101-agents,0,0,0,0,0,10,0,2,0,0,0,0,0,0,0,0.0,0.0,0.0,50,19,0.19607843137254902,0.37254901960784315,1,0,0,1,0,1,1,0.09090909090909091,1.0,1.0,0,0,2,1,0,1,11,3.0957952550009344,0,0,1,0,1,0,1,4,56,206,0,0,0,0,0,0,0,0,0,0,0,0,82,616,4.418840607796598,6.424869023905388
0101_hamza_currancy_exchange,0,0,0,0,0,1,1,0,0,0,2,0,0,0,2,1.0,1.0,0.0024968789013732834,800,800,0.0012484394506866417,0.9987515605493134,0,0,1,1,0,1,1,0.5,0.3333333333333333,0.3333333333333333,0,0,4,0,0,1,28,3.7534343861887853,0,0,0,0,1,1,0,0,0,28,1,0,0,1,1,0,0,0,0,0,0,0,9,36,2.302585092994046,3.6109179126442243
0101todolist,0,0,0,0,0,1,1,0,0,0,2,2,0,0,4,1.0,2.0,0.0024271844660194173,823,823,0.0012135922330097086,0.9987864077669902,0,0,1,1,0,1,1,0.5,0.2,0.3333333333333333,0,0,1,0,0,1,12,2.918295834054489,0,0,0,0,1,1,0,0,12,28,0,0,0,1,1,0,0,0,0,0,0,0,12,46,2.5649493574615367,3.8501476017100584
0105_number-guessing-game,0,0,0,0,0,1,1,0,0,0,2,0,0,0,2,1.0,1.0,0.0024242424242424242,824,824,0.0012121212121212121,0.9987878787878788,0,0,1,1,0,1,1,0.5,0.3333333333333333,0.3333333333333333,0,0,4,1,0,1,25,3.783465189601647,0,0,0,0,1,1,0,0,14,28,0,0,0,1,1,0,0,0,0,0,0,0,15,46,2.772588722239781,3.8501476017100584
0107_zhkkaoshi,0,0,0,0,0,2,1,0,1,0,2,0,0,0,2,0.6666666666666666,0.6666666666666666,0.000998502246630055,2002,1549,0.000998502246630055,0.7733399900149776,0,0,1,1,0,1,1,0.3333333333333333,0.3333333333333333,0.3333333333333333,0,0,2,0,0,1,14,3.378783493486176,0,0,0,0,1,0,0,0,0,28,1,0,0,1,1,0,0,0,0,0,0,0,12,51,2.5649493574615367,3.9512437185814275
010_lion-lib,0,0,0,0,0,2,1,1,0,0,0,0,0,0,0,0.0,0.0,0.0,1135,1135,0.0017605633802816902,0.9991197183098591,0,0,1,1,0,1,1,0.3333333333333333,1.0,1.0,0,0,3,1,0,1,12,3.084962500721156,0,0,0,0,1,0,0,0,0,28,1,0,0,1,1,0,0,0,0,0,0,0,12,64,2.5649493574615367,4.174387269895637
010i4a,0,0,0,0,0,1,1,1,7,0,0,0,0,0,0,0.0,0.0,0.0,1153,1153,0.0008665511265164644,0.9991334488734835,0,0,1,1,0,1,1,0.5,1.0,1.0,0,0,1,0,0,1,6,2.2516291673878226,0,0,0,0,1,1,0,0,6,564,0,0,0,1,1,0,0,0,0,0,0,0,16,56,2.833213344056216,4.04305126783455
010m-calculator-simple,0,0,0,0,0,1,1,0,0,0,1,1,0,0,2,0.5,1.0,0.0012738853503184713,784,784,0.0012738853503184713,0.9987261146496815,0,0,1,1,0,1,1,0.5,0.3333333333333333,0.5,0,0,3,1,0,1,22,3.788754913993503,0,0,0,0,1,1,0,0,55,28,0,0,0,1,1,0,0,0,0,0,0,0,9,35,2.302585092994046,3.58351893845611
010words_counter_app,0,0,0,0,0,1,2,0,3,0,1,1,0,0,2,0.5,1.0,0.0012437810945273632,803,803,0.0012437810945273632,0.9987562189054726,0,0,1,1,0,1,1,0.5,0.3333333333333333,0.5,0,0,3,0,0,1,20,3.821928094887362,0,0,0,0,1,0,0,0,0,28,1,0,0,1,1,0,0,0,0,0,0,0,8,39,2.1972245773362196,3.6888794541139363
011-fabubao,0,0,0,0,0,1,1,1,0,0,1,0,0,0,1,0.5,0.5,0.0005920663114268798,1688,1549,0.0005920663114268798,0.9171107164002368,0,0,1,1,0,1,1,0.5,0.5,0.5,0,0,2,1,0,1,11,2.9139770731827523,0,0,0,0,1,0,0,0,0,28,1,0,0,1,1,0,0,0,0,0,0,0,11,34,2.4849066497880004,3.5553480614894135
011-web-crawler,0,0,0,0,0,4,1,0,3,0,6,1,0,0,7,1.2,1.4,0.006507592190889371,921,917,0.004338394793926247,0.9945770065075922,0,0,1,1,0,1,1,0.2,0.125,0.14285714285714285,0,0,3,1,0,1,15,3.2402239289418517,1,1,1,1,1,1,0,0,0,20,1,0,0,2,1,0,0,0,0,0,0,0,13,86,2.6390573296152584,4.465908118654584
0110ss,0,0,0,0,0,1,1,0,0,0,0,0,0,0,0,0.0,0.0,0.0,1998,1549,0.0005002501250625312,0.7748874437218609,0,0,1,1,0,1,1,0.5,1.0,1.0,0,0,1,0,0,1,6,1.584962500721156,0,0,0,0,1,0,0,0,0,28,1,0,0,1,1,0,0,0,0,0,0,0,12,54,2.5649493574615367,4.007333185232471
0110zk,0,0,0,0,0,1,1,0,0,0,3,0,0,0,3,1.5,1.5,0.001834862385321101,1634,531,0.0006116207951070336,0.3247706422018349,0,0,0,1,0,1,1,0.5,0.25,0.25,0,0,1,0,0,1,6,1.9182958340544896,0,0,0,0,1,0,0,0,0,28,1,0,1,1,1,0,0,0,0,0,0,0,11,39,2.4849066497880004,3.6888794541139363
0111-wy-chunk,0,0,0,0,0,1,1,0,0,0,0,0,0,0,0,0.0,0.0,0.0,1751,1549,0.0005707762557077625,0.8841324200913242,0,0,1,1,0,1,1,0.5,1.0,1.0,0,0,3,1,0,1,13,3.180832987205441,0,0,0,0,1,0,0,0,0,28,1,0,0,1,1,0,0,0,0,0,0,0,13,60,2.6390573296152584,4.110873864173311
0111js,0,0,0,0,0,1,1,0,0,0,1,0,0,0,1,0.5,0.5,0.0005002501250625312,1998,1549,0.0005002501250625312,0.7748874437218609,0,0,1,1,0,1,1,0.5,0.5,0.5,0,0,1,0,0,1,6,1.7924812503605778,0,0,0,0,1,0,0,0,0,28,1,0,0,1,1,0,0,0,0,0,0,0,16,52,2.833213344056216,3.970291913552122
0116neirong,0,0,0,0,0,1,1,0,0,0,0,0,0,0,0,0.0,0.0,0.0,1627,1549,0.0006142506142506142,0.9514742014742015,0,0,1,1,0,1,1,0.5,1.0,1.0,0,0,1,0,0,1,11,3.0957952550009344,0,0,0,0,1,0,0,0,0,28,1,0,0,2,1,0,0,0,0,0,0,0,9,45,2.302585092994046,3.828641396489095
0118salman-saleem-cli-number-guesing,0,0,0,0,0,1,1,0,0,0,1,1,0,0,2,0.5,1.0,0.0012610340479192938,792,792,0.0012610340479192938,0.9987389659520807,0,0,1,1,0,1,1,0.5,0.3333333333333333,0.5,0,0,5,1,0,1,36,3.8428572928084965,0,0,0,0,1,0,0,0,0,28,1,0,0,1,1,0,0,0,0,0,0,0,9,39,2.302585092994046,3.6888794541139363
011_99,0,0,0,0,0,1,1,0,0,0,1,0,0,0,1,0.5,0.5,0.0007369196757553427,1356,1356,0.0007369196757553427,0.9992630803242447,0,0,1,1,0,1,1,0.5,0.5,0.5,0,0,2,0,0,1,6,1.9182958340544893,0,0,0,0,1,0,0,0,0,28,1,0,0,1,1,0,0,0,0,0,0,0,10,36,2.3978952727983707,3.6109179126442243
011_currency_converter,0,0,0,0,0,1,1,0,0,0,2,1,0,0,3,1.0,1.5,0.0024479804161566705,816,816,0.0012239902080783353,0.9987760097919217,0,0,1,1,0,1,1,0.5,0.25,0.3333333333333333,0,0,3,0,0,1,22,3.3908054820769817,0,0,0,0,1,0,0,0,25,28,0,0,0,1,1,0,0,0,0,0,0,0,17,55,2.8903717578961645,4.02535169073515
011_oop_mybank,0,0,0,0,0,1,1,0,0,0,1,4,0,0,5,0.5,2.5,0.0010298661174047373,970,970,0.0010298661174047373,0.9989701338825953,0,0,1,1,0,1,1,0.5,0.16666666666666666,0.5,0,0,3,0,0,1,14,3.378783493486176,0,0,0,0,1,1,0,0,0,28,1,0,0,1,1,0,0,0,0,0,0,0,9,45,2.302585092994046,3.828641396489095
011server,0,0,0,0,0,1,1,0,0,0,0,0,0,0,0,0.0,0.0,0.0,2807,1549,0.00035612535612535614,0.5516381766381766,0,0,1,1,0,1,1,0.5,1.0,1.0,0,0,1,0,0,1,9,2.5032583347756456,0,0,0,0,1,1,0,0,4,28,0,0,0,1,1,0,0,0,0,0,0,0,14,54,2.70805020110221,4.007333185232471
011xwztpjn,0,0,0,0,0,1,1,0,0,0,2,0,0,0,2,1.0,1.0,0.004784688995215311,417,417,0.0023923444976076554,0.9976076555023924,0,0,0,1,0,1,1,0.5,0.3333333333333333,0.3333333333333333,0,0,1,0,0,1,10,3.121928094887362,1,1,1,1,1,0,0,0,34,28,0,0,0,1,1,0,0,0,0,0,0,0,11,60,2.4849066497880004,4.110873864173311
0126af95c0e2d9b0a7c78738c4c00a860b04acc8,0,0,0,0,0,2,1,0,0,0,1,2,0,0,3,0.3333333333333333,1.0,0.0002563445270443476,3900,1480,0.0005126890540886952,0.37938990002563444,0,0,1,1,0,1,1,0.3333333333333333,0.25,0.5,0,0,1,0,0,1,40,3.6740244208650212,1,1,1,1,1,1,1,7,12,790,0,0,0,1,1,0,0,0,0,0,0,0,18,70,2.9444389791664403,4.2626798770413155
012_todo-list,0,0,0,0,0,2,1,0,1,0,1,1,0,0,2,0.3333333333333333,0.6666666666666666,0.0013089005235602095,763,763,0.002617801047120419,0.9986910994764397,0,0,1,1,0,1,1,0.3333333333333333,0.3333333333333333,0.5,0,0,3,1,0,1,13,3.3927474104487847,0,0,0,0,1,0,0,0,0,28,1,0,0,1,1,0,0,0,0,0,0,0,13,51,2.6390573296152584,3.9512437185814275
013-carrousel-multipe,0,0,0,0,0,1,1,0,0,0,11,2,0,0,13,5.5,6.5,0.0056179775280898875,1957,1549,0.0005107252298263534,0.7911133810010215,0,0,1,1,0,1,1,0.5,0.07142857142857142,0.08333333333333333,0,0,3,1,0,1,21,3.916126946588284,0,0,0,0,1,0,0,0,42,28,0,0,0,4,1,0,0,0,0,0,0,0,16,55,2.833213344056216,4.02535169073515
014_npm,0,0,0,0,0,1,1,0,0,0,1,0,0,0,1,0.5,0.5,0.0012422360248447205,804,804,0.0012422360248447205,0.9987577639751553,0,0,1,1,0,1,1,0.5,0.5,0.5,0,0,2,0,0,1,7,2.807354922057604,0,0,0,0,1,0,0,0,0,28,1,0,0,1,1,0,0,0,0,0,0,0,15,53,2.772588722239781,3.9889840465642745
017sa7ao,0,0,0,0,0,2,1,0,0,0,0,0,0,0,0,0.0,0.0,0.0,194,194,0.010256410256410256,0.9948717948717949,0,0,0,1,0,1,1,0.3333333333333333,1.0,1.0,0,0,1,0,0,1,8,2.5,0,0,0,0,1,0,0,0,12,0,0,0,0,1,1,0,0,0,0,0,0,0,14,64,2.70805020110221,4.174387269895637
0182dc86,0,0,0,0,0,2,1,0,1,0,0,0,0,0,0,0.0,0.0,0.0,213,213,0.009345794392523364,0.9953271028037384,0,0,0,1,0,1,1,0.3333333333333333,1.0,1.0,0,0,1,0,0,1,8,2.75,0,0,0,0,1,0,0,0,0,28,1,0,0,1,1,0,0,0,0,0,0,0,8,40,2.1972245773362196,3.713572066704308
0182ff59,0,0,0,0,0,1,1,0,0,0,0,0,0,0,0,0.0,0.0,0.0,213,213,0.004672897196261682,0.9953271028037384,0,0,0,1,0,1,1,0.5,1.0,1.0,0,0,1,0,0,1,8,2.75,0,0,0,0,1,0,0,0,0,28,1,0,0,1,1,0,0,0,0,0,0,0,11,48,2.4849066497880004,3.8918202981106265
0199388f,0,0,0,0,0,7,0,0,20,0,2,4,0,0,6,0.25,0.75,0.006802721088435374,293,292,0.023809523809523808,0.9931972789115646,0,0,0,1,0,1,1,0.125,0.14285714285714285,0.3333333333333333,0,0,1,0,0,1,8,2.5,0,0,0,0,1,0,0,0,0,28,1,0,0,3,1,0,0,0,0,0,0,0,13,114,2.6390573296152584,4.74493212836325
0199388fz,0,0,0,0,0,2,0,0,20,0,0,2,0,0,2,0.0,0.6666666666666666,0.0,293,292,0.006802721088435374,0.9931972789115646,0,0,0,1,0,1,1,0.3333333333333333,0.3333333333333333,1.0,0,0,1,0,0,1,9,2.725480556997868,0,0,0,0,1,0,0,0,0,28,1,0,0,4,1,0,0,0,0,0,0,0,17,69,2.8903717578961645,4.248495242049359
01_01_node_moment_practice_ray,0,0,0,0,0,1,1,0,0,0,1,0,0,0,1,0.5,0.5,0.00030959752321981426,3229,1480,0.00030959752321981426,0.4582043343653251,0,0,1,1,0,1,1,0.5,0.5,0.5,0,0,6,0,0,1,30,3.761406329721842,0,0,0,0,1,1,0,0,34,28,0,0,0,1,1,0,0,0,0,0,0,0,14,45,2.70805020110221,3.828641396489095
01_786_table_printing_cli-project,0,0,0,0,0,1,1,0,2,0,1,1,0,0,2,0.5,1.0,0.0012903225806451613,774,774,0.0012903225806451613,0.9987096774193548,0,0,1,1,0,1,1,0.5,0.3333333333333333,0.5,0,0,6,1,0,1,33,4.150158513166728,0,0,0,0,1,1,0,0,98,28,0,0,0,1,1,0,0,0,0,0,0,0,8,43,2.1972245773362196,3.784189633918261
01_aamir_guest_verification_cli,0,0,0,0,0,1,1,0,0,0,1,1,0,0,2,0.5,1.0,0.001314060446780552,760,760,0.001314060446780552,0.9986859395532195,0,0,1,1,0,1,1,0.5,0.3333333333333333,0.5,0,0,5,0,0,1,31,3.9101792788836396,0,0,0,0,1,1,0,0,82,28,0,0,0,1,1,0,0,0,0,0,0,0,14,55,2.70805020110221,4.02535169073515
01_aamir_table_printing_cli,0,0,0,0,0,1,1,0,2,0,1,1,0,0,2,0.5,1.0,0.001314060446780552,760,760,0.001314060446780552,0.9986859395532195,0,0,1,1,0,1,1,0.5,0.3333333333333333,0.5,0,0,5,0,0,1,27,3.689891668750007,0,0,0,0,1,1,0,0,98,28,0,0,0,1,1,0,0,0,0,0,0,0,11,53,2.4849066497880004,3.9889840465642745
01_add,0,0,0,0,0,1,1,0,0,0,0,3,0,0,3,0.0,1.5,0.0,2526,1549,0.0003957261574990107,0.6129798179659676,0,0,1,1,0,1,1,0.5,0.25,1.0,0,0,2,0,0,1,6,2.251629167387823,0,0,0,0,1,0,0,0,0,28,1,0,0,3,1,0,0,0,0,1,1,1,18,60,2.9444389791664403,4.110873864173311
01_alizanaeem1_guest_verification_cli,0,0,0,0,0,1,1,0,0,0,1,1,0,0,2,0.5,1.0,0.0012953367875647669,771,771,0.0012953367875647669,0.9987046632124352,0,0,1,1,0,1,1,0.5,0.3333333333333333,0.5,0,0,5,0,0,1,37,3.976760379833361,0,0,0,0,1,1,0,0,76,28,0,0,0,1,1,0,0,0,0,0,0,0,10,45,2.3978952727983707,3.828641396489095
01_atm,0,0,0,0,0,2,1,1,0,0,3,3,0,0,6,1.0,2.0,0.002297090352220521,1305,1305,0.0015313935681470138,0.9992343032159265,0,0,1,1,0,1,1,0.3333333333333333,0.14285714285714285,0.25,0,0,2,0,0,1,6,2.584962500721156,0,0,0,0,1,0,0,0,0,28,1,0,0,1,1,0,0,0,0,0,0,0,17,78,2.8903717578961645,4.3694478524670215
01_atm_project,0,0,0,0,0,1,1,0,0,0,1,1,0,0,2,0.5,1.0,0.001379310344827586,724,724,0.001379310344827586,0.9986206896551724,0,0,0,1,0,1,1,0.5,0.3333333333333333,0.5,0,0,3,0,0,1,14,3.521640636343319,0,0,0,0,1,1,0,0,49,28,0,0,0,1,1,0,0,0,0,0,0,0,13,42,2.6390573296152584,3.7612001156935624
01_basic_webpack,0,0,0,0,0,9,1,0,8,0,3,26,0,0,29,0.3,2.9,0.002386634844868735,1256,1256,0.007159904534606206,0.9992044550517104,0,0,1,1,0,1,1,0.1,0.03333333333333333,0.25,0,0,3,0,0,1,16,3.5,0,0,0,0,1,1,0,0,2,28,0,0,0,2,1,0,0,0,0,0,0,0,23,113,3.1780538303479458,4.736198448394496
01_cli_table_generator_kiranwahid,0,0,0,0,0,1,1,0,0,0,2,1,0,0,3,1.0,1.5,0.0025806451612903226,774,774,0.0012903225806451613,0.9987096774193548,0,0,1,1,0,1,1,0.5,0.25,0.3333333333333333,0,0,5,0,0,1,33,3.945464952495108,0,0,0,0,1,1,0,0,32,28,0,0,0,1,1,0,0,0,0,0,0,0,13,42,2.6390573296152584,3.7612001156935624
01_contact_number_menu,0,0,0,0,0,1,1,0,0,0,1,1,0,0,2,0.5,1.0,0.0013175230566534915,758,758,0.0013175230566534915,0.9986824769433466,0,0,1,1,0,1,1,0.5,0.3333333333333333,0.5,0,0,4,0,0,1,22,3.572623663895164,0,0,0,0,1,1,0,0,29,28,0,0,0,1,1,0,0,0,0,0,0,0,8,48,2.1972245773362196,3.8918202981106265
01_cpcpcp,0,0,0,0,0,1,1,0,0,0,1,0,0,0,1,0.5,0.5,0.0005302226935312832,1885,1549,0.0005302226935312832,0.8213149522799575,0,0,1,1,0,1,1,0.5,0.5,0.5,0,0,2,0,0,1,9,2.113283334294875,0,0,0,0,1,0,1,4,37,28,0,0,0,1,1,0,0,0,0,0,0,0,20,60,3.044522437723423,4.110873864173311
01_currency_converter,0,0,0,0,0,1,1,0,0,0,0,2,0,0,2,0.0,1.0,0.0,769,769,0.0012987012987012987,0.9987012987012988,0,0,1,1,0,1,1,0.5,0.3333333333333333,1.0,0,0,3,0,0,1,21,3.3680424225727155,0,0,0,0,1,0,0,0,0,28,1,0,0,1,1,0,0,0,0,0,0,0,9,41,2.302585092994046,3.7376696182833684
01_dev_harun_pitchaipandi_environment,0,0,0,0,0,1,1,0,0,0,0,0,0,0,0,0.0,0.0,0.0,2248,1549,0.00044464206313917296,0.6887505558025789,0,0,1,1,0,1,1,0.5,1.0,1.0,0,0,5,0,0,1,37,3.881901595932633,1,1,1,1,1,0,0,0,28,28,0,0,0,1,1,0,0,0,0,0,0,0,16,63,2.833213344056216,4.1588830833596715
01_ghtverification_cli,0,0,0,0,0,1,1,0,0,0,1,1,0,0,2,0.5,1.0,0.0013003901170351106,768,768,0.0013003901170351106,0.9986996098829649,0,0,1,1,0,1,1,0.5,0.3333333333333333,0.5,0,0,3,0,0,1,22,3.8230679822736597,0,0,0,0,1,0,0,0,82,28,0,0,0,1,1,0,0,0,0,0,0,0,16,59,2.833213344056216,4.0943445622221
01_guessing_number,0,0,0,0,0,1,1,1,0,0,3,2,0,0,5,1.5,2.5,0.0023715415019762848,1264,1264,0.0007905138339920949,0.9992094861660079,0,0,1,1,0,1,1,0.5,0.16666666666666666,0.25,0,0,3,0,0,1,18,3.503258334775645,0,0,0,0,1,0,0,0,0,28,1,0,0,2,1,0,0,0,0,0,0,0,11,53,2.4849066497880004,3.9889840465642745
01_guest_verification_cli,0,0,0,0,0,1,1,0,0,0,2,0,0,0,2,1.0,1.0,0.0025906735751295338,771,771,0.0012953367875647669,0.9987046632124352,0,0,1,1,0,1,1,0.5,0.3333333333333333,0.3333333333333333,0,0,4,0,0,1,25,3.8936606896881854,0,0,0,0,1,1,0,0,81,28,0,0,0,1,1,0,0,0,0,0,0,0,15,59,2.772588722239781,4.0943445622221
01_harun_pitchaipandi_dev_environment,0,0,0,0,0,1,1,0,0,0,1,0,0,0,1,0.5,0.5,0.00044464206313917296,2248,1549,0.00044464206313917296,0.6887505558025789,0,0,1,1,0,1,1,0.5,0.5,0.5,0,0,5,0,0,1,37,3.881901595932633,1,1,1,1,1,0,0,0,28,28,0,0,0,1,1,0,0,0,0,0,0,0,12,59,2.5649493574615367,4.0943445622221
01_ib_guest_verification_cli,0,0,0,0,0,1,1,0,0,0,1,1,0,0,2,0.5,1.0,0.0012903225806451613,774,774,0.0012903225806451613,0.9987096774193548,0,0,1,1,0,1,1,0.5,0.3333333333333333,0.5,0,0,5,0,0,1,28,3.892724905113432,0,0,0,0,1,1,0,0,82,28,0,0,0,1,1,0,0,0,0,0,0,0,13,42,2.6390573296152584,3.7612001156935624
01_ib_table_printing_cli,0,0,0,0,0,3,1,0,3,0,1,1,0,0,2,0.25,0.5,0.001288659793814433,775,772,0.003865979381443299,0.9948453608247423,0,0,1,1,0,1,1,0.25,0.3333333333333333,0.5,0,0,5,0,0,1,24,3.584962500721156,0,0,0,0,1,1,0,0,98,28,0,0,0,1,1,0,0,0,0,0,0,0,13,63,2.6390573296152584,4.1588830833596715
01_imooc-test,0,0,0,0,0,2,1,0,1,0,1,0,0,0,1,0.3333333333333333,0.3333333333333333,0.0010131712259371835,986,986,0.002026342451874367,0.9989868287740629,0,0,1,1,0,1,1,0.3333333333333333,0.5,0.5,0,0,3,1,0,1,13,3.3927474104487847,0,0,0,0,1,0,0,0,65,2141,0,0,0,2,1,0,0,0,0,0,0,0,13,62,2.6390573296152584,4.143134726391533
01_kiranwahid_cli_table_generator,0,0,0,0,0,1,1,0,2,0,2,1,0,0,3,1.0,1.5,0.0025806451612903226,774,774,0.0012903225806451613,0.9987096774193548,0,0,1,1,0,1,1,0.5,0.25,0.3333333333333333,0,0,5,0,0,1,33,3.945464952495108,0,0,0,0,1,1,0,0,32,28,0,0,0,1,1,0,0,0,0,0,0,0,9,41,2.302585092994046,3.7376696182833684
01_kt_guest_verification_cli,0,0,0,0,0,1,1,0,0,0,1,1,0,0,2,0.5,1.0,0.0012953367875647669,771,771,0.0012953367875647669,0.9987046632124352,0,0,1,1,0,1,1,0.5,0.3333333333333333,0.5,0,0,5,0,0,1,28,3.9232517969803378,0,0,0,0,1,1,0,0,82,28,0,0,0,1,1,0,0,0,0,0,0,0,11,49,2.4849066497880004,3.912023005428146
01_kt_table-printing-_cli,0,0,0,0,0,2,1,0,1,0,1,1,0,0,2,0.3333333333333333,0.6666666666666666,0.0012919896640826874,773,773,0.002583979328165375,0.9987080103359173,0,0,1,1,0,1,1,0.3333333333333333,0.3333333333333333,0.5,0,0,6,1,0,1,25,3.8332696895151077,0,0,0,0,1,1,0,0,99,28,0,0,0,1,1,0,0,0,0,0,0,0,8,45,2.1972245773362196,3.828641396489095
01_library,0,0,0,0,0,1,1,0,0,0,3,0,0,0,3,1.5,1.5,0.0011792452830188679,2543,1549,0.00039308176100628933,0.6088836477987422,0,0,1,1,0,1,1,0.5,0.25,0.25,0,0,2,0,0,1,10,3.1219280948873624,0,0,0,0,1,1,0,0,0,28,1,0,0,1,1,0,0,0,0,0,0,0,9,60,2.302585092994046,4.110873864173311
01_mini_calculator_cli,0,0,0,0,0,1,1,0,0,0,1,1,0,0,2,0.5,1.0,0.0013192612137203166,757,757,0.0013192612137203166,0.9986807387862797,0,0,1,1,0,1,1,0.5,0.3333333333333333,0.5,0,0,4,0,0,1,22,3.503997527334848,0,0,0,0,1,1,0,0,33,28,0,0,0,1,1,0,0,0,0,0,0,0,18,40,2.9444389791664403,3.713572066704308
01_minicalculator-v1,0,0,0,0,0,3,1,0,2,0,2,1,0,0,3,0.5,0.75,0.0024183796856106408,826,819,0.0036275695284159614,0.9903264812575574,0,0,1,1,0,1,1,0.25,0.25,0.3333333333333333,0,0,3,1,0,1,20,3.821928094887362,0,0,0,0,1,1,0,0,255,27,0,0,0,1,1,0,0,0,0,0,0,0,26,81,3.295836866004329,4.406719247264253
01_mjlcode_utils,0,0,0,0,0,3,1,1,1,0,0,0,0,0,0,0.0,0.0,0.0,447,447,0.006696428571428571,0.9977678571428571,0,0,0,1,0,1,1,0.25,1.0,1.0,0,0,3,0,0,1,16,3.75,0,0,0,0,1,0,0,0,0,22,1,0,0,1,1,0,0,0,0,0,0,0,15,85,2.772588722239781,4.454347296253507
01_npm_demo,0,0,0,0,0,1,1,0,0,0,1,0,0,0,1,0.5,0.5,0.0006968641114982578,1434,1434,0.0006968641114982578,0.9993031358885017,0,0,1,1,0,1,1,0.5,0.5,0.5,0,0,3,0,0,1,11,3.0957952550009344,0,0,0,0,1,0,0,0,0,28,1,0,0,1,1,0,0,0,0,0,0,0,11,44,2.4849066497880004,3.8066624897703196
01_npmshangchuan,0,0,0,0,0,1,1,0,0,0,0,0,0,0,0,0.0,0.0,0.0,1386,1386,0.0007209805335255948,0.9992790194664743,0,0,1,1,0,1,1,0.5,1.0,1.0,0,0,2,0,0,1,16,3.452819531114783,0,0,0,0,1,1,1,2,0,28,1,0,0,1,1,0,0,0,0,0,0,0,12,52,2.5649493574615367,3.970291913552122
01_number_guessing-game,0,0,0,0,0,2,1,0,1,0,1,1,0,0,2,0.3333333333333333,0.6666666666666666,0.0013054830287206266,765,765,0.0026109660574412533,0.9986945169712794,0,0,1,1,0,1,1,0.3333333333333333,0.3333333333333333,0.5,0,0,4,1,0,1,23,3.675310868912364,0,0,0,0,1,0,0,0,0,28,1,0,0,1,1,0,0,0,0,0,0,0,8,48,2.1972245773362196,3.8918202981106265
01_numberguessinggame_kanwal,0,0,0,0,0,1,1,0,0,0,1,1,0,0,2,0.5,1.0,0.0013422818791946308,744,744,0.0013422818791946308,0.9986577181208054,0,0,1,1,0,1,1,0.5,0.3333333333333333,0.5,0,0,3,0,0,1,28,3.842370993177109,0,0,0,0,1,0,0,0,0,28,1,0,0,1,1,0,0,0,0,0,0,0,9,31,2.302585092994046,3.4657359027997265
01_numguessing,0,0,0,0,0,1,1,0,0,0,6,3,0,0,9,3.0,4.5,0.006787330316742082,883,883,0.0011312217194570137,0.998868778280543,0,0,1,1,0,1,1,0.5,0.1,0.14285714285714285,0,0,2,0,0,1,14,3.2359263506290334,0,0,0,0,1,0,0,0,0,28,1,0,0,1,1,0,0,0,0,0,0,0,13,44,2.6390573296152584,3.8066624897703196
01_output_77,0,0,0,0,0,2,1,1,0,0,0,0,0,0,0,0.0,0.0,0.0,1260,1260,0.0015860428231562252,0.9992069785884219,0,0,1,1,0,1,1,0.3333333333333333,1.0,1.0,0,0,3,0,0,1,12,2.9182958340544896,0,0,0,0,1,1,1,2,11,28,0,0,0,1,1,0,0,0,0,0,0,0,14,65,2.70805020110221,4.189654742026425
01_phil_modules,0,0,0,0,0,1,1,0,0,0,1,0,0,0,1,0.5,0.5,0.0005991611743559018,1668,1549,0.0005991611743559018,0.9281006590772918,0,0,1,1,0,1,1,0.5,0.5,0.5,0,0,3,0,0,1,15,3.6402239289418516,0,0,0,0,1,0,0,0,0,28,1,0,0,2,1,0,0,0,0,0,0,0,15,59,2.772588722239781,4.0943445622221
01_publish_package,0,0,0,0,0,1,1,0,0,0,1,1,0,0,2,0.5,1.0,0.0005249343832020997,1904,1549,0.0005249343832020997,0.8131233595800524,0,0,1,1,0,1,1,0.5,0.3333333333333333,0.5,0,0,3,0,0,1,18,3.8365916681089787,0,0,0,0,1,0,0,0,0,28,1,0,0,1,1,0,0,0,0,0,0,0,11,53,2.4849066497880004,3.9889840465642745
01_rameez_table_cli_project,0,0,0,0,0,2,1,0,2,0,1,1,0,0,2,0.3333333333333333,0.6666666666666666,0.0012919896640826874,773,773,0.002583979328165375,0.9987080103359173,0,0,1,1,0,1,1,0.3333333333333333,0.3333333333333333,0.5,0,0,5,0,0,1,27,3.7919245392005054,0,0,0,0,1,1,0,0,34,28,0,0,0,1,1,0,0,0,0,0,0,0,16,66,2.833213344056216,4.204692619390966
01_sana66i_mini_calculater,0,0,0,0,0,1,1,0,2,0,1,2,0,0,3,0.5,1.5,0.0013192612137203166,757,757,0.0013192612137203166,0.9986807387862797,0,0,1,1,0,1,1,0.5,0.25,0.5,0,0,4,0,0,1,26,3.719294525666979,0,0,0,0,1,1,0,0,37,28,0,0,0,1,1,0,0,0,0,0,0,0,9,47,2.302585092994046,3.871201010907891
01_simple_calculater,0,0,0,0,0,1,1,0,0,0,1,1,0,0,2,0.5,1.0,0.0013774104683195593,725,725,0.0013774104683195593,0.9986225895316805,0,0,0,1,0,1,1,0.5,0.3333333333333333,0.5,0,0,3,0,0,1,20,3.6841837197791887,0,0,0,0,1,1,0,0,57,28,0,0,0,1,1,0,0,0,0,0,0,0,13,52,2.6390573296152584,3.970291913552122
01_simple_calculator,0,0,0,0,0,1,1,0,0,0,1,1,0,0,2,0.5,1.0,0.0011976047904191617,834,834,0.0011976047904191617,0.9988023952095808,0,0,1,1,0,1,1,0.5,0.3333333333333333,0.5,0,0,3,0,0,1,20,3.784183719779189,0,0,0,0,1,0,0,0,57,28,0,0,0,1,1,0,0,0,0,0,0,0,11,46,2.4849066497880004,3.8501476017100584
01_table_printing_cli_alam,0,0,0,0,0,1,1,0,0,0,1,1,0,0,2,0.5,1.0,0.0013003901170351106,768,768,0.0013003901170351106,0.9986996098829649,0,0,1,1,0,1,1,0.5,0.3333333333333333,0.5,0,0,5,0,0,1,26,3.6902603909683838,0,0,0,0,1,1,0,0,91,28,0,0,0,1,1,0,0,0,0,0,0,0,10,38,2.3978952727983707,3.6635616461296463
01_table_printing_cli_alamzaib,0,0,0,0,0,1,1,0,2,0,1,1,0,0,2,0.5,1.0,0.0013003901170351106,768,768,0.0013003901170351106,0.9986996098829649,0,0,1,1,0,1,1,0.5,0.3333333333333333,0.5,0,0,5,0,0,1,30,3.748394345536403,0,0,0,0,1,1,0,0,91,28,0,0,0,1,1,0,0,0,0,0,0,0,11,47,2.4849066497880004,3.871201010907891
01_tables_cli,0,0,0,0,0,1,1,0,0,0,1,1,0,0,2,0.5,1.0,0.0012903225806451613,774,774,0.0012903225806451613,0.9987096774193548,0,0,1,1,0,1,1,0.5,0.3333333333333333,0.5,0,0,3,0,0,1,13,3.3927474104487847,0,0,0,0,1,1,0,0,92,28,0,0,0,1,1,0,0,0,0,0,0,0,15,48,2.772588722239781,3.8918202981106265
01_tables_cli_f,0,0,0,0,0,1,1,0,3,0,1,1,0,0,2,0.5,1.0,0.0012903225806451613,774,774,0.0012903225806451613,0.9987096774193548,0,0,1,1,0,1,1,0.5,0.3333333333333333,0.5,0,0,4,0,0,1,15,3.4565647621309536,0,0,0,0,1,1,0,0,92,28,0,0,0,1,1,0,0,0,0,0,0,0,15,58,2.772588722239781,4.07753744390572
01_test_cli,0,0,0,0,0,1,1,0,0,0,0,0,0,0,0,0.0,0.0,0.0,1188,1188,0.0008410428931875525,0.9991589571068125,0,0,1,1,0,1,1,0.5,1.0,1.0,0,0,3,0,0,1,11,3.0957952550009344,0,0,0,0,1,0,0,0,0,28,1,0,0,1,1,0,0,0,0,0,0,0,8,33,2.1972245773362196,3.5263605246161616
01_test_cli_lib,0,0,0,0,0,1,1,0,0,0,0,0,0,0,0,0.0,0.0,0.0,1188,1188,0.0008410428931875525,0.9991589571068125,0,0,1,1,0,1,1,0.5,1.0,1.0,0,0,4,0,0,1,15,3.189898095464287,0,0,0,0,1,0,0,0,0,28,1,0,0,1,1,0,0,0,0,0,0,0,9,48,2.302585092994046,3.8918202981106265
01_use_npm,0,0,0,0,0,2,1,0,1,0,3,0,0,0,3,1.0,1.0,0.001978891820580475,1515,1515,0.0013192612137203166,0.9993403693931399,0,0,1,1,0,1,1,0.3333333333333333,0.25,0.25,0,0,3,0,0,1,10,3.121928094887362,0,0,0,0,1,0,0,0,0,28,1,0,0,1,1,0,0,0,0,0,0,0,10,46,2.3978952727983707,3.8501476017100584
01_use_npm_xiaokong,0,0,0,0,0,1,1,0,0,0,2,0,0,0,2,1.0,1.0,0.0013689253935660506,1460,1460,0.0006844626967830253,0.999315537303217,0,0,1,1,0,1,1,0.5,0.3333333333333333,0.3333333333333333,0,0,4,0,0,1,19,3.7871439606981387,0,0,0,0,1,0,0,0,0,28,1,0,0,1,1,0,0,0,0,0,0,0,9,45,2.302585092994046,3.828641396489095
01_user_npm,0,0,0,0,0,1,1,0,1,0,3,0,0,0,3,1.5,1.5,0.002086230876216968,1437,1437,0.0006954102920723226,0.9993045897079277,0,0,1,1,0,1,1,0.5,0.25,0.25,0,0,3,0,0,1,11,3.277613436819116,0,0,0,0,1,0,0,0,0,28,1,0,0,1,1,0,0,0,0,0,0,0,11,56,2.4849066497880004,4.04305126783455
01_utils_bag,0,0,0,0,0,1,1,0,0,0,0,0,0,0,0,0.0,0.0,0.0,1080,1080,0.0009250693802035153,0.9990749306197965,0,0,1,1,0,1,1,0.5,1.0,1.0,0,0,3,0,0,1,12,3.418295834054489,0,0,0,0,1,1,0,0,0,28,1,0,0,1,1,0,0,0,0,0,0,0,15,52,2.772588722239781,3.970291913552122
01_why_utils,0,0,0,0,0,1,1,0,0,0,0,0,0,0,0,0.0,0.0,0.0,1274,1274,0.000784313725490196,0.9992156862745099,0,0,1,1,0,1,1,0.5,1.0,1.0,0,0,3,0,0,1,12,3.418295834054489,0,0,0,0,1,0,0,0,0,28,1,0,0,1,1,0,0,0,0,0,0,0,17,59,2.8903717578961645,4.0943445622221
01a2-adventure-game,0,0,0,0,0,3,1,2,1,0,2,1,0,0,3,0.5,0.75,0.0025252525252525255,791,790,0.003787878787878788,0.9974747474747475,0,0,1,1,0,1,1,0.25,0.25,0.3333333333333333,0,0,3,1,0,1,19,3.6421498816369033,0,0,0,0,1,0,0,0,0,28,1,0,0,1,1,0,0,0,0,0,0,0,14,61,2.70805020110221,4.127134385045092
01aamna-rana-todo-list,0,0,0,0,0,2,1,1,1,0,2,0,0,0,2,0.6666666666666666,0.6666666666666666,0.0025220680958385876,792,792,0.0025220680958385876,0.9987389659520807,0,0,1,1,0,1,1,0.3333333333333333,0.3333333333333333,0.3333333333333333,0,0,4,1,0,1,22,3.4428621651554656,0,0,0,0,1,0,0,0,0,28,1,0,0,1,1,0,0,0,0,0,0,0,17,52,2.8903717578961645,3.970291913552122
01ahras_print_project_cli,0,0,0,0,0,1,1,0,6,0,1,1,0,0,2,0.5,1.0,0.0012903225806451613,774,774,0.0012903225806451613,0.9987096774193548,0,0,1,1,0,1,1,0.5,0.3333333333333333,0.5,0,0,4,0,0,1,25,3.863465189601646,0,0,0,0,1,1,0,0,96,28,0,0,0,1,1,0,0,0,0,0,0,0,11,42,2.4849066497880004,3.7612001156935624
01ahsan-kamal-cli-calculator,0,0,0,0,0,1,1,0,0,0,3,2,0,0,5,1.5,2.5,0.0036275695284159614,826,826,0.0012091898428053204,0.9987908101571947,0,0,1,1,0,1,1,0.5,0.16666666666666666,0.25,0,0,4,1,0,1,28,3.6280852788913944,0,0,0,0,1,0,0,0,0,28,1,0,0,1,1,0,0,0,0,0,0,0,15,55,2.772588722239781,4.02535169073515
01ahsan-kamal-cli-number-guessing,0,0,0,0,0,1,1,0,0,0,3,2,0,0,5,1.5,2.5,0.0036275695284159614,826,826,0.0012091898428053204,0.9987908101571947,0,0,1,1,0,1,1,0.5,0.16666666666666666,0.25,0,0,5,1,0,1,33,3.907734270742486,0,0,0,0,1,0,0,0,0,28,1,0,0,1,1,0,0,0,0,0,0,0,11,45,2.4849066497880004,3.828641396489095
01basic,0,0,0,0,0,1,1,0,0,0,0,0,0,0,0,0.0,0.0,0.0,2471,1549,0.0004045307443365696,0.6266181229773463,0,0,1,1,0,1,1,0.5,1.0,1.0,0,0,1,0,0,1,7,2.807354922057604,0,0,0,0,1,1,0,0,14,28,0,0,0,1,1,0,0,0,0,0,0,0,43,214,3.784189633918261,5.3706380281276624
01basicreact,0,0,0,0,0,10,0,1,9,0,8,0,0,0,8,0.7272727272727273,0.7272727272727273,0.016494845360824743,484,484,0.020618556701030927,0.9979381443298969,0,0,0,1,0,1,1,0.09090909090909091,0.1111111111111111,0.1111111111111111,0,0,1,0,0,1,12,3.2516291673878226,0,0,0,0,0,0,0,0,100,3359,0,0,0,4,1,0,0,0,0,0,0,0,22,146,3.1354942159291497,4.990432586778736
01cli_simple_caculator,0,0,0,0,0,1,1,0,0,0,1,1,0,0,2,0.5,1.0,0.001607717041800643,621,621,0.001607717041800643,0.9983922829581994,0,0,0,1,0,1,1,0.5,0.3333333333333333,0.5,0,0,3,0,0,1,22,3.754441845713345,0,0,0,0,1,0,0,0,124,28,0,0,0,1,1,0,0,0,0,0,0,0,11,39,2.4849066497880004,3.6888794541139363
01cm-new-layout,0,0,0,0,0,2,1,0,9,0,44,44,0,0,88,14.666666666666666,29.333333333333332,0.04417670682730924,995,995,0.002008032128514056,0.998995983935743,0,0,1,1,0,1,1,0.3333333333333333,0.011235955056179775,0.022222222222222223,0,0,3,1,0,1,15,3.773557262275185,1,1,1,1,1,1,0,0,73,4804,0,0,0,9,1,0,0,0,1,0,1,1,12,41,2.5649493574615367,3.7376696182833684
01credit_sdk,0,0,0,0,0,4,0,2,1,0,0,2,0,0,2,0.0,0.4,0.0,89,51,0.044444444444444446,0.5666666666666667,0,0,0,1,0,1,1,0.2,0.3333333333333333,1.0,0,0,2,0,0,1,12,3.418295834054489,1,1,1,1,1,0,1,6,103,28,0,0,0,2,1,0,0,0,0,0,0,0,20,124,3.044522437723423,4.8283137373023015
01da9t,0,0,0,0,0,1,3,1,0,0,0,0,0,0,0,0.0,0.0,0.0,1152,1152,0.0008673026886383347,0.9991326973113617,0,0,1,1,0,1,1,0.5,1.0,1.0,0,0,1,0,0,1,6,2.584962500721156,0,0,0,0,1,1,0,0,6,716,0,0,0,1,1,0,0,0,0,0,0,0,9,29,2.302585092994046,3.4011973816621555
01daxie,0,0,0,0,0,1,1,1,0,0,0,0,0,0,0,0.0,0.0,0.0,1870,1549,0.0005344735435595938,0.8278995189738108,0,0,1,1,0,1,1,0.5,1.0,1.0,0,0,1,0,0,1,7,2.807354922057604,0,0,0,0,1,0,0,0,10,10,0,0,0,1,1,0,0,0,0,0,0,0,17,45,2.8903717578961645,3.828641396489095
01demozz,0,0,0,0,0,1,1,0,0,0,0,0,0,0,0,0.0,0.0,0.0,1310,1310,0.0007627765064836003,0.9992372234935164,0,0,1,1,0,1,1,0.5,1.0,1.0,0,0,1,0,0,1,8,2.75,0,0,0,0,1,1,1,1,9,28,0,0,0,1,1,0,0,0,0,0,0,0,12,42,2.5649493574615367,3.7612001156935624
01dingding,0,0,0,0,0,2,1,0,2,0,0,0,0,0,0,0.0,0.0,0.0,477,477,0.0041841004184100415,0.997907949790795,0,0,0,1,0,1,1,0.3333333333333333,1.0,1.0,0,0,1,0,0,1,10,2.5219280948873624,0,0,0,0,1,1,1,1,7,119,0,0,0,1,1,0,0,0,0,0,0,0,20,74,3.044522437723423,4.31748811353631
01dk01majk,0,0,0,0,0,1,2,1,0,0,7,9,0,0,16,3.5,8.0,0.008838383838383838,791,791,0.0012626262626262627,0.9987373737373737,0,0,1,1,0,1,1,0.5,0.058823529411764705,0.125,0,0,1,0,0,1,10,2.7219280948873625,0,0,0,0,0,0,0,0,159,1419,0,0,0,4,1,0,0,0,0,0,0,0,10,54,2.3978952727983707,4.007333185232471
01e,0,0,0,0,0,1,0,0,1,0,0,0,0,0,0,0.0,0.0,0.0,1787,1549,0.0005592841163310962,0.866331096196868,0,0,1,1,0,1,1,0.5,1.0,1.0,0,0,1,0,0,1,3,1.584962500721156,1,0,0,0,1,1,0,0,0,28,1,1,0,1,1,0,0,0,0,0,0,0,4,28,1.6094379124341003,3.367295829986474
01e21-calculator,0,0,0,0,0,1,1,0,0,0,1,1,0,0,2,0.5,1.0,0.001199040767386091,833,833,0.001199040767386091,0.9988009592326139,0,0,1,1,0,1,1,0.5,0.3333333333333333,0.5,0,0,2,1,0,1,16,3.5,0,0,0,0,1,0,0,0,0,28,1,0,0,1,1,0,0,0,0,0,0,0,11,48,2.4849066497880004,3.8918202981106265
01gind-modulea,0,0,0,0,0,2,1,2,0,0,17,16,0,0,33,5.666666666666667,11.0,0.005345911949685534,3179,1480,0.0006289308176100629,0.46540880503144655,0,0,1,1,0,1,1,0.3333333333333333,0.029411764705882353,0.05555555555555555,0,0,2,1,0,1,14,3.6644977792004623,0,0,0,0,1,0,0,0,81,7667,0,0,0,16,1,0,0,0,0,0,0,0,13,69,2.6390573296152584,4.248495242049359
01homework,0,0,0,0,0,2,1,0,1,0,1,0,0,0,1,0.3333333333333333,0.3333333333333333,0.0004033884630899556,2478,1549,0.0008067769261799112,0.6248487293263413,0,0,1,1,0,1,1,0.3333333333333333,0.5,0.5,0,0,1,0,0,1,10,3.121928094887362,0,0,0,0,1,1,1,1,20,47,0,0,0,1,1,0,0,0,0,0,0,0,18,76,2.9444389791664403,4.343805421853684
01imook-cli,0,0,0,0,0,1,1,0,0,0,0,0,0,0,0,0.0,0.0,0.0,1586,1549,0.000630119722747322,0.9760554505356017,0,0,1,1,0,1,1,0.5,1.0,1.0,0,0,2,1,0,1,11,3.095795255000934,0,0,0,0,1,0,0,0,0,28,1,0,0,1,1,0,0,0,0,0,0,0,15,64,2.772588722239781,4.174387269895637
01lab,0,0,0,0,0,1,1,0,0,0,0,0,0,0,0,0.0,0.0,0.0,2420,1549,0.0004130524576621231,0.6398182569186287,0,0,1,1,0,1,1,0.5,1.0,1.0,0,0,1,0,0,1,5,2.321928094887362,0,0,0,0,1,0,0,0,0,28,1,0,0,1,1,0,0,0,0,0,0,0,14,57,2.70805020110221,4.060443010546419
01lab1,0,0,0,0,0,1,1,0,0,0,0,0,0,0,0,0.0,0.0,0.0,2420,1549,0.0004130524576621231,0.6398182569186287,0,0,1,1,0,1,1,0.5,1.0,1.0,0,0,1,0,0,1,6,2.2516291673878226,0,0,0,0,1,0,0,0,0,28,1,0,0,1,1,0,0,0,0,0,0,0,10,34,2.3978952727983707,3.5553480614894135
01myxiaoxie,0,0,0,0,0,2,1,0,1,0,0,0,0,0,0,0.0,0.0,0.0,1871,1549,0.0010683760683760685,0.8274572649572649,0,0,1,1,0,1,1,0.3333333333333333,1.0,1.0,0,0,1,0,0,1,11,3.095795255000934,0,0,0,0,1,0,0,0,10,10,0,0,0,1,1,0,0,0,0,0,0,0,14,52,2.70805020110221,3.970291913552122
01npm,0,0,0,0,0,1,1,0,0,0,0,0,0,0,0,0.0,0.0,0.0,1870,1549,0.0005344735435595938,0.8278995189738108,0,0,1,1,0,1,1,0.5,1.0,1.0,0,0,1,0,0,1,5,2.321928094887362,0,0,0,0,1,0,0,0,0,28,1,0,0,1,1,0,0,0,0,0,0,0,9,39,2.302585092994046,3.6888794541139363
01npmxiaoxie1,0,0,0,0,0,2,1,1,0,0,0,0,0,0,0,0.0,0.0,0.0,1869,1549,0.0010695187165775401,0.8283422459893048,0,0,1,1,0,1,1,0.3333333333333333,1.0,1.0,0,0,1,0,0,1,13,3.238901256602631,0,0,0,0,1,0,0,0,0,14,1,0,0,1,1,0,0,0,0,0,0,0,14,74,2.70805020110221,4.31748811353631
01number-guessinggame-huzaifa,0,0,0,0,0,1,1,0,0,0,3,4,0,0,7,1.5,3.5,0.0023166023166023165,1294,1294,0.0007722007722007722,0.9992277992277993,0,0,1,1,0,1,1,0.5,0.125,0.25,0,0,3,1,0,1,29,3.8573068568981284,0,0,0,0,1,0,0,0,0,28,1,0,0,1,1,0,0,0,0,0,0,0,12,39,2.5649493574615367,3.6888794541139363
01ovo3,0,0,0,0,0,1,2,0,5,0,0,0,0,0,0,0.0,0.0,0.0,1153,1153,0.0008665511265164644,0.9991334488734835,0,0,1,1,0,1,1,0.5,1.0,1.0,0,0,1,0,0,1,6,2.2516291673878226,0,0,0,0,1,1,0,0,6,581,0,0,0,1,1,0,0,0,0,0,0,0,9,34,2.302585092994046,3.5553480614894135
01pack,0,0,0,0,0,1,1,0,0,0,0,0,0,0,0,0.0,0.0,0.0,2420,1549,0.0004130524576621231,0.6398182569186287,0,0,1,1,0,1,1,0.5,1.0,1.0,0,0,1,0,0,1,6,2.584962500721156,0,0,0,0,1,0,0,0,0,28,1,0,0,1,1,0,0,0,0,0,0,0,8,44,2.1972245773362196,3.8066624897703196
01plus,0,0,0,0,0,1,0,0,1,0,4,15,0,0,19,2.0,9.5,0.0017444395987788923,2292,1549,0.0004361098996947231,0.675534234627126,0,0,1,1,0,1,1,0.5,0.05,0.2,0,0,1,0,0,1,6,2.584962500721156,0,0,0,0,0,0,0,0,36,317,0,0,0,4,1,0,0,0,0,0,0,0,14,60,2.70805020110221,4.110873864173311
01pro,0,0,0,0,0,4,0,0,4,0,4,13,0,0,17,0.8,3.4,0.0017414018284719198,2296,1549,0.0017414018284719198,0.674357858075751,0,0,1,1,0,1,1,0.2,0.05555555555555555,0.2,0,0,1,0,0,1,5,2.321928094887362,0,0,0,0,0,0,0,0,176,758,0,0,0,4,1,0,0,0,0,0,0,0,25,133,3.258096538021482,4.897839799950911
01q,0,0,0,0,0,1,1,5,1,0,38,0,0,0,38,19.0,19.0,0.04865556978233035,780,780,0.0012804097311139564,0.998719590268886,0,0,1,1,0,1,1,0.5,0.02564102564102564,0.02564102564102564,0,0,1,0,0,1,3,1.584962500721156,1,1,1,1,1,0,1,2,8,28,0,1,0,1,1,0,0,0,0,0,0,0,13,52,2.6390573296152584,3.970291913552122
01random,0,0,0,0,0,2,1,1,0,0,0,0,0,0,0,0.0,0.0,0.0,1871,1549,0.0010683760683760685,0.8274572649572649,0,0,1,1,0,1,1,0.3333333333333333,1.0,1.0,0,0,1,0,0,1,8,3.0,0,0,0,0,1,0,0,0,0,28,1,0,0,1,1,0,0,0,0,0,0,0,13,67,2.6390573296152584,4.219507705176107
01runmodel,0,0,0,0,0,2,1,0,4,0,1,0,0,0,1,0.3333333333333333,0.3333333333333333,0.0003729951510630362,2680,1549,0.0007459903021260724,0.577769488996643,0,0,1,1,0,1,1,0.3333333333333333,0.5,0.5,0,0,1,0,0,1,10,3.321928094887362,0,0,0,0,1,0,0,0,7,28,0,0,1,1,1,0,0,0,0,0,0,0,19,65,2.995732273553991,4.189654742026425
01slc_unsolved,0,0,0,0,0,1,1,0,0,0,0,0,0,0,0,0.0,0.0,0.0,2576,1549,0.00038804811796662784,0.6010865347303066,0,0,1,1,0,1,1,0.5,1.0,1.0,0,0,2,0,0,1,14,3.521640636343319,0,0,0,0,1,0,0,0,41,351,0,0,0,1,1,0,0,0,0,0,0,0,11,39,2.4849066497880004,3.6888794541139363
01tawd,0,0,0,0,0,1,1,2,6,0,0,0,0,0,0,0.0,0.0,0.0,1153,1153,0.0008665511265164644,0.9991334488734835,0,0,1,1,0,1,1,0.5,1.0,1.0,0,0,1,0,0,1,6,2.584962500721156,0,0,0,0,1,1,0,0,6,567,0,0,0,1,1,0,0,0,0,0,0,0,13,54,2.6390573296152584,4.007333185232471
01template1,1,1,0,1,0,1,0,0,1,0,0,0,0,0,0,0.0,0.0,0.0,1856,1549,0.0005385029617662897,0.8341410877759827,0,0,1,1,0,1,1,0.5,1.0,1.0,0,0,1,0,0,1,11,2.9139770731827523,1,1,1,1,0,0,0,0,24,288,0,0,0,0,0,0,0,0,0,0,0,0,29,280,3.4011973816621555,5.638354669333745
01test,0,0,0,0,0,1,1,0,0,0,0,0,0,0,0,0.0,0.0,0.0,2404,1549,0.0004158004158004158,0.644074844074844,0,0,1,1,0,1,1,0.5,1.0,1.0,0,0,1,0,0,1,6,2.2516291673878226,0,0,0,0,1,0,0,0,0,28,1,0,0,1,1,0,0,0,0,0,0,0,14,54,2.70805020110221,4.007333185232471
01u46v,0,0,0,0,0,1,3,1,2,0,0,0,0,0,0,0.0,0.0,0.0,1153,1153,0.0008665511265164644,0.9991334488734835,0,0,1,1,0,1,1,0.5,1.0,1.0,0,0,1,0,0,1,6,2.584962500721156,0,0,0,0,1,1,0,0,6,603,0,0,0,1,1,0,0,0,0,0,0,0,13,50,2.6390573296152584,3.9318256327243257
01uppercase,0,0,0,0,0,2,1,1,0,0,0,0,0,0,0,0.0,0.0,0.0,1871,1549,0.0010683760683760685,0.8274572649572649,0,0,1,1,0,1,1,0.3333333333333333,1.0,1.0,0,0,1,0,0,1,11,3.095795255000934,0,0,0,0,1,0,0,0,0,28,1,0,0,1,1,0,0,0,0,0,0,0,26,86,3.295836866004329,4.465908118654584
01v57y,0,0,0,0,0,1,2,2,5,0,0,0,0,0,0,0.0,0.0,0.0,1151,1151,0.0008680555555555555,0.9991319444444444,0,0,1,1,0,1,1,0.5,1.0,1.0,0,0,1,0,0,1,6,2.584962500721156,0,0,0,0,1,1,0,0,6,603,0,0,0,1,1,0,0,0,0,0,0,0,13,50,2.6390573296152584,3.9318256327243257
01web,0,0,0,0,0,1,1,0,0,0,0,0,0,0,0,0.0,0.0,0.0,1329,1329,0.0007518796992481203,0.9992481203007518,0,0,1,1,0,1,1,0.5,1.0,1.0,0,0,1,0,0,1,5,2.321928094887362,0,0,0,0,1,0,0,0,0,28,1,0,0,1,1,0,0,0,0,0,0,0,11,57,2.4849066497880004,4.060443010546419
01whdj,0,0,0,0,0,1,1,2,3,0,0,0,0,0,0,0.0,0.0,0.0,1152,1152,0.0008673026886383347,0.9991326973113617,0,0,1,1,0,1,1,0.5,1.0,1.0,0,0,1,0,0,1,6,2.584962500721156,0,0,0,0,1,1,0,0,6,584,0,0,0,1,1,0,0,0,0,0,0,0,11,40,2.4849066497880004,3.713572066704308
01zbkn,0,0,0,0,0,1,3,1,2,0,0,0,0,0,0,0.0,0.0,0.0,1152,1152,0.0008673026886383347,0.9991326973113617,0,0,1,1,0,1,1,0.5,1.0,1.0,0,0,1,0,0,1,6,2.584962500721156,0,0,0,0,1,1,0,0,6,607,0,0,0,1,1,0,0,0,0,0,0,0,12,50,2.5649493574615367,3.9318256327243257
01zcq7,0,0,0,0,0,1,2,2,0,0,0,0,0,0,0,0.0,0.0,0.0,1153,1153,0.0008665511265164644,0.9991334488734835,0,0,1,1,0,1,1,0.5,1.0,1.0,0,0,1,0,0,1,6,2.584962500721156,0,0,0,0,1,1,0,0,6,603,0,0,0,1,1,0,0,0,0,0,0,0,12,40,2.5649493574615367,3.713572066704308
01zhuanda,0,0,0,0,0,1,1,0,0,0,0,0,0,0,0,0.0,0.0,0.0,1870,1549,0.0005344735435595938,0.8278995189738108,0,0,1,1,0,1,1,0.5,1.0,1.0,0,0,1,0,0,1,9,2.94770277922009,0,0,0,0,1,0,0,0,0,28,1,0,0,1,1,0,0,0,0,0,0,0,12,46,2.5649493574615367,3.8501476017100584
02,0,0,0,0,0,1,1,0,0,0,1,0,0,0,1,0.5,0.5,0.0002858776443682104,3497,1480,0.0002858776443682104,0.4230989136649514,0,0,1,1,0,1,1,0.5,0.5,0.5,0,0,1,0,0,1,2,1.0,1,1,0,1,1,1,1,3,51,26,0,1,0,1,1,0,0,0,0,0,0,0,13,60,2.6390573296152584,4.110873864173311
02---library,0,0,0,0,0,3,1,1,0,0,0,0,0,0,0,0.0,0.0,0.0,885,885,0.003386004514672686,0.9988713318284425,0,0,1,1,0,1,1,0.25,1.0,1.0,0,0,4,1,0,1,12,3.0220552088742005,0,0,0,0,1,1,0,0,19,28,0,0,0,1,1,0,0,0,0,0,0,0,14,83,2.70805020110221,4.430816798843313
02---random-number-library-rz,0,0,0,0,0,1,1,0,0,0,0,0,0,0,0,0.0,0.0,0.0,1437,1437,0.0006954102920723226,0.9993045897079277,0,0,1,1,0,1,1,0.5,1.0,1.0,0,0,7,1,0,1,29,3.64696666827365,0,0,0,0,1,1,1,3,22,312,0,0,0,1,1,0,0,0,0,0,0,0,10,32,2.3978952727983707,3.4965075614664802
02-ahmyy-guess-game,0,0,0,0,0,1,1,0,0,0,1,2,0,0,3,0.5,1.5,0.0012547051442910915,796,796,0.0012547051442910915,0.998745294855709,0,0,1,1,0,1,1,0.5,0.25,0.5,0,0,4,1,0,1,19,3.3660913291191923,0,0,0,0,1,0,0,0,0,28,1,0,0,1,1,0,0,0,0,0,0,0,12,42,2.5649493574615367,3.7612001156935624
02-atm-huzaifak,0,0,0,0,0,1,1,0,0,0,3,4,0,0,7,1.5,3.5,0.002325581395348837,1289,1289,0.0007751937984496124,0.9992248062015504,0,0,1,1,0,1,1,0.5,0.125,0.25,0,0,3,1,0,1,15,3.4565647621309536,0,0,0,0,1,0,0,0,0,28,1,0,0,1,1,0,0,0,0,0,0,0,10,37,2.3978952727983707,3.6375861597263857
02-atm-uzzi,0,0,0,0,0,2,1,0,1,0,1,2,0,0,3,0.3333333333333333,1.0,0.0012987012987012987,769,768,0.0025974025974025974,0.9974025974025974,0,0,1,1,0,1,1,0.3333333333333333,0.25,0.5,0,0,3,1,0,1,11,3.095795255000934,0,0,0,0,1,0,0,0,0,28,1,0,0,1,1,0,0,0,0,0,0,0,13,49,2.6390573296152584,3.912023005428146
02-basic-example,0,0,0,0,0,1,0,0,0,0,3,12,0,0,15,1.5,7.5,0.003134796238244514,956,956,0.0010449320794148381,0.9989550679205852,0,0,1,1,0,1,1,0.5,0.0625,0.25,0,0,3,1,0,1,16,3.625,0,0,0,0,0,0,0,0,0,17,1,0,0,5,1,0,0,0,0,0,0,0,12,48,2.5649493574615367,3.8918202981106265
02-be-modular,0,0,0,0,0,2,1,0,1,0,1,1,0,0,2,0.3333333333333333,0.6666666666666666,0.0003534817956875221,2828,1549,0.0007069635913750442,0.5475433015199718,0,0,1,1,0,1,1,0.3333333333333333,0.3333333333333333,0.5,0,0,3,1,0,1,13,3.5465935642949384,0,0,0,0,1,0,0,0,255,335,0,0,0,1,1,0,0,0,0,0,0,0,14,78,2.70805020110221,4.3694478524670215
02-cp-array,0,0,0,0,0,1,1,0,0,0,0,0,0,0,0,0.0,0.0,0.0,1344,1344,0.0007434944237918215,0.9992565055762082,0,0,1,1,0,1,1,0.5,1.0,1.0,0,0,3,1,0,1,11,2.9139770731827523,0,0,0,0,1,0,1,4,0,28,1,0,0,1,1,0,0,0,0,0,0,0,16,47,2.833213344056216,3.871201010907891
02-currency-converter,0,0,0,0,0,1,1,0,0,0,1,2,0,0,3,0.5,1.5,0.0013020833333333333,767,767,0.0013020833333333333,0.9986979166666666,0,0,1,1,0,1,1,0.5,0.25,0.5,0,0,3,1,0,1,21,3.3680424225727155,0,0,0,0,1,0,0,0,0,28,1,0,0,1,1,0,0,0,0,0,0,0,10,42,2.3978952727983707,3.7612001156935624
02-currency-converter-uzzi,0,0,0,0,0,1,1,0,0,0,1,2,0,0,3,0.5,1.5,0.0013020833333333333,767,767,0.0013020833333333333,0.9986979166666666,0,0,1,1,0,1,1,0.5,0.25,0.5,0,0,4,1,0,1,26,3.613337314045307,0,0,0,0,1,0,0,0,0,28,1,0,0,1,1,0,0,0,0,0,0,0,10,47,2.3978952727983707,3.871201010907891
02-custom-chengjiqiang,0,0,0,0,0,1,1,0,0,0,0,0,0,0,0,0.0,0.0,0.0,2137,1549,0.0004677268475210477,0.724508886810103,0,0,1,1,0,1,1,0.5,1.0,1.0,0,0,3,1,0,1,22,4.004886164091842,0,0,0,0,1,0,0,0,0,28,1,0,0,1,1,0,0,0,0,0,0,0,10,44,2.3978952727983707,3.8066624897703196
02-daluwebpack-numbers,0,0,0,0,0,2,1,0,1,0,0,4,0,0,4,0.0,1.3333333333333333,0.0,1531,1531,0.0013054830287206266,0.9993472584856397,0,0,1,1,0,1,1,0.3333333333333333,0.2,1.0,0,0,3,1,0,1,22,4.004886164091842,0,0,0,0,1,0,0,0,0,28,1,0,0,1,1,0,0,0,0,0,0,0,12,59,2.5649493574615367,4.0943445622221
02-echo,1,1,0,1,0,5,0,0,6,0,1,0,0,0,1,0.16666666666666666,0.16666666666666666,0.0002778549597110308,3598,219,0.0013892747985551543,0.060850236176715755,0,0,0,1,0,1,1,0.16666666666666666,0.5,0.5,0,0,2,1,0,1,7,2.807354922057604,0,0,0,0,0,0,0,0,0,0,1,0,0,0,0,0,0,0,0,0,0,0,31,373,3.4657359027997265,5.924255797414532
02-g_nasir-guest-verification-cli,0,0,0,0,0,1,1,0,0,0,2,1,0,0,3,1.0,1.5,0.0025940337224383916,770,770,0.0012970168612191958,0.9987029831387808,0,0,1,1,0,1,1,0.5,0.25,0.3333333333333333,0,0,6,1,0,1,33,3.9653141049815805,0,0,0,0,1,1,0,0,57,28,0,0,0,1,1,0,0,0,0,0,0,0,12,49,2.5649493574615367,3.912023005428146
02-guess-the-number,0,0,0,0,0,1,1,0,0,0,1,2,0,0,3,0.5,1.5,0.0012515644555694619,798,798,0.0012515644555694619,0.9987484355444305,0,0,1,1,0,1,1,0.5,0.25,0.5,0,0,4,1,0,1,19,3.536886723742167,0,0,0,0,1,0,0,0,0,28,1,0,0,1,1,0,0,0,0,0,0,0,11,45,2.4849066497880004,3.828641396489095
02-guests-verification,0,0,0,0,0,1,1,0,0,0,1,1,0,0,2,0.5,1.0,0.0012987012987012987,769,769,0.0012987012987012987,0.9987012987012988,0,0,1,1,0,1,1,0.5,0.3333333333333333,0.5,0,0,3,1,0,1,22,3.8796640049025934,0,0,0,0,1,1,0,0,92,28,0,0,0,1,1,0,0,0,0,0,0,0,10,46,2.3978952727983707,3.8501476017100584
02-hm-array,0,0,0,0,0,1,1,0,0,0,0,0,0,0,0,0.0,0.0,0.0,1344,1344,0.0007434944237918215,0.9992565055762082,0,0,1,1,0,1,1,0.5,1.0,1.0,0,0,3,1,0,1,11,2.913977073182752,0,0,0,0,1,0,1,2,0,28,1,0,0,1,1,0,0,0,0,0,0,0,16,48,2.833213344056216,3.8918202981106265
02-infrastructure,0,0,0,0,0,1,1,0,0,0,9,5,0,0,14,4.5,7.0,0.003329633740288568,2702,1549,0.0003699593044765076,0.5730669626341103,0,0,1,1,0,1,1,0.5,0.06666666666666667,0.1,0,0,2,1,0,1,17,3.572469458770136,0,0,0,0,1,0,0,0,0,28,1,0,0,3,1,0,0,0,0,0,0,0,10,41,2.3978952727983707,3.7376696182833684
02-jjjc,0,0,0,0,0,2,1,0,1,0,1,1,0,0,2,0.3333333333333333,0.6666666666666666,0.00040551500405515005,2465,1549,0.0008110300081103001,0.6281427412814274,0,0,1,1,0,1,1,0.3333333333333333,0.3333333333333333,0.5,0,0,2,1,0,1,7,2.1280852788913944,1,1,1,1,1,0,1,1,11,28,0,0,0,1,1,0,0,0,0,0,0,0,19,72,2.995732273553991,4.290459441148391
02-learn-cil,0,0,0,0,0,1,1,0,0,0,4,0,0,0,4,2.0,2.0,0.0026827632461435278,1490,1490,0.0006706908115358819,0.9993293091884641,0,0,1,1,0,1,1,0.5,0.2,0.2,0,0,3,1,0,1,12,3.2516291673878226,1,1,1,1,1,1,1,3,0,28,1,0,0,1,1,0,0,0,0,0,0,0,9,36,2.302585092994046,3.6109179126442243
02-li-sen,0,0,0,0,0,1,1,0,0,0,0,0,0,0,0,0.0,0.0,0.0,1637,1549,0.0006105006105006105,0.9456654456654456,0,0,1,1,0,1,1,0.5,1.0,1.0,0,0,3,1,0,1,9,2.94770277922009,0,0,0,0,1,0,0,0,0,28,1,0,0,1,1,0,0,0,0,0,0,0,12,55,2.5649493574615367,4.02535169073515
02-library-lz,0,0,0,0,0,2,1,0,1,0,0,4,0,0,4,0.0,1.3333333333333333,0.0,1410,1409,0.001417434443656981,0.9985825655563431,0,0,1,1,0,1,1,0.3333333333333333,0.2,1.0,0,0,3,1,0,1,13,3.238901256602631,0,0,0,0,1,0,0,0,0,28,1,0,0,1,1,0,0,0,0,0,0,0,10,37,2.3978952727983707,3.6375861597263857
02-library-number,0,0,0,0,0,2,1,0,1,0,0,4,0,0,4,0.0,1.3333333333333333,0.0,1503,1503,0.0013297872340425532,0.9993351063829787,0,0,1,1,0,1,1,0.3333333333333333,0.2,1.0,0,0,3,1,0,1,17,3.572469458770136,0,0,0,0,1,0,0,0,0,28,1,0,0,1,1,0,0,0,0,0,0,0,16,57,2.833213344056216,4.060443010546419
02-library-numbers,0,0,0,0,0,2,1,0,1,0,0,3,0,0,3,0.0,1.0,0.0,944,910,0.0021164021164021165,0.9629629629629629,0,0,1,1,0,1,1,0.3333333333333333,0.25,1.0,0,0,3,1,0,1,18,3.6835423624332306,0,0,0,0,1,0,0,0,0,28,1,0,1,0,0,0,0,0,0,0,0,0,12,64,2.5649493574615367,4.174387269895637
02-module,0,0,0,0,0,2,1,0,1,0,0,0,0,0,0,0.0,0.0,0.0,2092,1549,0.0009555661729574773,0.7400860009555662,0,0,1,1,0,1,1,0.3333333333333333,1.0,1.0,0,0,2,1,0,1,9,3.169925001442312,0,0,0,0,1,1,1,1,9,28,0,0,0,1,1,0,0,0,0,0,0,0,10,55,2.3978952727983707,4.02535169073515
02-modules-kevin,0,0,0,0,0,1,1,0,0,0,0,0,0,0,0,0.0,0.0,0.0,1421,1421,0.0007032348804500703,0.9992967651195499,0,0,1,1,0,1,1,0.5,1.0,1.0,0,0,3,1,0,1,16,3.75,0,0,0,0,1,0,0,0,0,28,1,0,0,1,1,0,0,0,0,0,0,0,14,46,2.70805020110221,3.8501476017100584
02-modules_lty,0,0,0,0,0,2,1,0,1,0,1,0,0,0,1,0.3333333333333333,0.3333333333333333,0.0005737234652897303,1742,1549,0.0011474469305794606,0.8886976477337923,0,0,1,1,0,1,1,0.3333333333333333,0.5,0.5,0,0,3,1,0,1,14,3.6644977792004623,0,0,0,0,1,0,0,0,0,28,1,0,0,1,1,0,0,0,0,0,0,0,10,61,2.3978952727983707,4.127134385045092
02-muskann12-number-guessing-game,0,0,0,0,0,1,1,0,0,0,1,1,0,0,2,0.5,1.0,0.0013175230566534915,758,758,0.0013175230566534915,0.9986824769433466,0,0,1,1,0,1,1,0.5,0.3333333333333333,0.5,0,0,5,1,0,1,33,3.7178960129700496,0,0,0,0,1,0,0,0,0,28,1,0,0,1,1,0,0,0,0,0,0,0,9,53,2.302585092994046,3.9889840465642745
02-my-erqi-package,0,0,0,0,0,1,1,0,0,0,0,0,0,0,0,0.0,0.0,0.0,1759,1549,0.0005681818181818182,0.8801136363636364,0,0,1,1,0,1,1,0.5,1.0,1.0,0,0,4,1,0,1,18,3.6835423624332306,0,0,0,0,1,0,0,0,0,28,1,0,0,1,1,0,0,0,0,0,0,0,9,39,2.302585092994046,3.6888794541139363
02-myfirstnpmpackage,0,0,0,0,0,1,1,0,0,0,0,0,0,0,0,0.0,0.0,0.0,2280,1549,0.00043840420868040335,0.6790881192459448,0,0,1,1,0,1,1,0.5,1.0,1.0,0,0,2,1,0,1,20,4.021928094887363,0,0,0,0,1,0,0,0,0,28,1,0,0,1,1,0,0,0,0,0,0,0,13,44,2.6390573296152584,3.8066624897703196
02-mymockjs-ytf,0,0,0,0,0,1,1,0,0,0,0,0,0,0,0,0.0,0.0,0.0,1756,1549,0.0005691519635742744,0.8816163915765509,0,0,1,1,0,1,1,0.5,1.0,1.0,0,0,3,1,0,1,15,3.5068905956085183,0,0,0,0,1,0,0,0,0,28,1,0,0,1,1,0,0,0,0,0,0,0,12,56,2.5649493574615367,4.04305126783455
02-mypackage,0,0,0,0,0,3,1,0,2,0,0,0,0,0,0,0.0,0.0,0.0,2813,1549,0.0010660980810234541,0.5504619758351101,0,0,1,1,0,1,1,0.25,1.0,1.0,0,0,2,1,0,1,12,3.418295834054489,0,0,0,0,1,1,1,2,8,328,0,0,0,1,1,0,0,0,0,0,0,0,11,62,2.4849066497880004,4.143134726391533
02-myself,0,0,0,0,0,1,1,0,0,0,0,0,0,0,0,0.0,0.0,0.0,2721,1549,0.0003673769287288758,0.5690668626010287,0,0,1,1,0,1,1,0.5,1.0,1.0,0,0,2,1,0,1,9,3.169925001442312,0,0,0,0,1,1,0,0,16,28,0,0,0,1,1,0,0,0,0,0,0,0,10,50,2.3978952727983707,3.9318256327243257
02-newmodule,0,0,0,0,0,1,1,0,0,0,0,0,0,0,0,0.0,0.0,0.0,2867,1549,0.0003486750348675035,0.5400976290097629,0,0,1,1,0,1,1,0.5,1.0,1.0,0,0,2,1,0,1,12,3.4182958340544896,0,0,0,0,1,0,1,1,7,28,0,0,0,1,1,0,0,0,0,0,0,0,12,57,2.5649493574615367,4.060443010546419
02-npm,0,0,0,0,0,2,1,0,2,0,2,1,0,0,3,0.6666666666666666,1.0,0.0009555661729574773,2092,1549,0.0009555661729574773,0.7400860009555662,0,0,1,1,0,1,1,0.3333333333333333,0.25,0.3333333333333333,0,0,2,1,0,1,6,2.584962500721156,1,1,1,1,1,0,1,1,11,57,0,0,0,1,1,0,0,0,0,0,0,0,14,58,2.70805020110221,4.07753744390572
02-npm-fabu,0,0,0,0,0,1,1,0,0,0,0,0,0,0,0,0.0,0.0,0.0,1398,1398,0.0007147962830593281,0.9992852037169406,0,0,1,1,0,1,1,0.5,1.0,1.0,0,0,3,1,0,1,11,3.277613436819116,0,0,0,0,1,0,0,0,0,28,1,0,0,1,1,0,0,0,0,0,0,0,13,53,2.6390573296152584,3.9889840465642745
02-npm-jialetest,0,0,0,0,0,2,1,0,1,0,2,1,0,0,3,0.6666666666666666,1.0,0.0011123470522803114,1797,1549,0.0011123470522803114,0.8615127919911012,0,0,1,1,0,1,1,0.3333333333333333,0.25,0.3333333333333333,0,0,3,1,0,1,16,3.625,0,0,0,0,1,0,0,0,2,28,0,0,0,1,1,0,0,0,0,0,0,0,15,54,2.772588722239781,4.007333185232471
02-npm-ngota,0,0,0,0,0,2,1,1,0,0,3,1,0,0,4,1.0,1.3333333333333333,0.0015463917525773195,1939,1549,0.0010309278350515464,0.7984536082474227,0,0,1,1,0,1,1,0.3333333333333333,0.2,0.25,0,0,3,1,0,1,12,3.2516291673878226,0,0,0,0,1,0,0,0,0,28,1,0,0,1,1,0,0,0,0,0,0,0,19,73,2.995732273553991,4.30406509320417
02-npm-package,0,0,0,0,0,2,1,0,1,0,0,0,0,0,0,0.0,0.0,0.0,149,149,0.013333333333333334,0.9933333333333333,0,0,0,1,0,1,1,0.3333333333333333,1.0,1.0,0,0,3,1,0,1,14,3.3787834934861767,0,0,0,0,1,0,0,0,0,28,1,0,0,1,1,0,0,0,0,0,0,0,10,54,2.3978952727983707,4.007333185232471
02-npmproject,0,0,0,0,0,1,1,0,0,0,2,18,0,0,20,1.0,10.0,0.0007326007326007326,2729,1549,0.0003663003663003663,0.5673992673992674,0,0,1,1,0,1,1,0.5,0.047619047619047616,0.3333333333333333,0,0,2,1,0,1,13,3.5465935642949384,0,0,0,0,1,1,0,0,0,28,1,0,0,1,1,0,0,0,0,0,0,0,13,55,2.6390573296152584,4.02535169073515
02-npmtesasdss,0,0,0,0,0,1,1,0,0,0,3,3,0,0,6,1.5,3.0,0.0015789473684210526,1899,1549,0.0005263157894736842,0.8152631578947368,0,0,1,1,0,1,1,0.5,0.14285714285714285,0.25,0,0,2,1,0,1,14,3.2359263506290334,0,0,0,0,1,0,0,0,0,28,1,0,0,3,1,0,0,0,0,0,0,0,10,50,2.3978952727983707,3.9318256327243257
02-number-guess-uzzi,0,0,0,0,0,1,1,0,0,0,1,2,0,0,3,0.5,1.5,0.0013003901170351106,768,768,0.0013003901170351106,0.9986996098829649,0,0,1,1,0,1,1,0.5,0.25,0.5,0,0,4,1,0,1,20,3.546439344671015,0,0,0,0,1,0,0,0,0,28,1,0,0,1,1,0,0,0,0,0,0,0,14,56,2.70805020110221,4.04305126783455
02-numberguessinggame,0,0,0,0,0,1,1,0,0,0,3,4,0,0,7,1.5,3.5,0.0034602076124567475,866,866,0.0011534025374855825,0.9988465974625144,0,0,1,1,0,1,1,0.5,0.125,0.25,0,0,2,1,0,1,21,3.558518613048906,0,0,0,0,1,0,0,0,123,596,0,0,0,1,1,0,0,0,0,0,0,0,13,50,2.6390573296152584,3.9318256327243257
02-numbers,0,0,0,0,0,1,1,0,0,0,0,4,0,0,4,0.0,2.0,0.0,1331,1331,0.0007507507507507507,0.9992492492492493,0,0,1,1,0,1,1,0.5,0.2,1.0,0,0,2,1,0,1,10,3.321928094887362,0,0,0,0,1,0,0,0,0,28,1,0,0,1,1,0,0,0,0,0,0,0,10,42,2.3978952727983707,3.7612001156935624
02-parameters-insert-plugin,0,0,0,0,0,4,1,0,3,0,0,0,0,0,0,0.0,0.0,0.0,1587,1549,0.0025188916876574307,0.97544080604534,0,0,1,1,0,1,1,0.2,1.0,1.0,0,0,4,1,0,1,27,3.7821222241453056,0,0,0,0,1,1,0,0,0,28,1,0,0,1,1,0,0,0,0,0,0,0,14,78,2.70805020110221,4.3694478524670215
02-publish,0,0,0,0,0,2,1,1,0,0,0,0,0,0,0,0.0,0.0,0.0,1511,1511,0.0013227513227513227,0.9993386243386243,0,0,1,1,0,1,1,0.3333333333333333,1.0,1.0,0,0,2,1,0,1,10,3.321928094887362,0,0,0,0,1,0,0,0,0,28,1,0,0,1,1,0,0,0,0,0,0,0,11,65,2.4849066497880004,4.189654742026425
02-qhlashleycalc,0,0,0,0,0,4,1,0,3,0,0,0,0,0,0,0.0,0.0,0.0,2813,1549,0.0014214641080312722,0.5504619758351101,0,0,1,1,0,1,1,0.2,1.0,1.0,0,0,2,1,0,1,16,3.327819531114783,0,0,0,0,1,1,1,4,18,166,0,0,0,1,1,0,0,0,0,0,0,0,16,89,2.833213344056216,4.499809670330265
02-rbor,0,0,0,0,0,4,0,2,2,0,2,14,0,2,18,0.4,3.6,0.014925373134328358,133,131,0.029850746268656716,0.9776119402985075,0,0,0,1,0,1,1,0.2,0.05263157894736842,0.3333333333333333,0,0,2,1,0,1,7,2.521640636343318,1,1,1,1,1,1,1,9,112,27182,0,0,0,12,1,0,0,0,1,0,1,1,10,91,2.3978952727983707,4.5217885770490405
02-rubab_guess-the-number,0,0,0,0,0,1,1,0,0,0,1,2,0,0,3,0.5,1.5,0.001277139208173691,782,782,0.001277139208173691,0.9987228607918263,0,0,1,1,0,1,1,0.5,0.25,0.5,0,0,5,1,0,1,25,3.723074189428569,0,0,0,0,1,0,0,0,0,28,1,0,0,1,1,0,0,0,0,0,0,0,15,60,2.772588722239781,4.110873864173311
02-self,0,0,0,0,0,1,1,0,0,0,1,0,0,0,1,0.5,0.5,0.0005452562704471102,1833,1549,0.0005452562704471102,0.8446019629225736,0,0,1,1,0,1,1,0.5,0.5,0.5,0,0,2,1,0,1,7,2.807354922057604,0,0,0,0,1,0,0,0,0,28,1,0,0,1,1,0,0,0,0,0,0,0,19,50,2.995732273553991,3.9318256327243257
02-simple-calculator,0,0,0,0,0,1,1,0,0,0,1,1,0,0,2,0.5,1.0,0.0012453300124533001,802,802,0.0012453300124533001,0.9987546699875467,0,0,1,1,0,1,1,0.5,0.3333333333333333,0.5,0,0,3,1,0,1,20,3.7841837197791883,0,0,0,0,1,0,0,0,53,28,0,0,0,1,1,0,0,0,0,0,0,0,12,39,2.5649493574615367,3.6888794541139363
02-sms-async,0,0,0,0,0,1,1,0,0,0,3,0,0,0,3,1.5,1.5,0.0009247842170160296,3243,1549,0.00030826140567200987,0.4774969173859433,0,0,1,1,0,1,1,0.5,0.25,0.25,0,0,3,1,0,1,12,3.0220552088742,0,0,0,0,1,0,0,0,0,28,1,0,0,1,1,0,0,0,0,0,0,0,13,58,2.6390573296152584,4.07753744390572
02-socket-enums-yoavguterman,0,0,0,0,0,3,1,0,2,0,0,1,0,0,1,0.0,0.25,0.0,472,470,0.006342494714587738,0.9936575052854123,0,0,0,1,0,1,1,0.25,0.5,1.0,0,0,4,1,0,1,28,3.967720100474499,0,0,0,0,1,0,0,0,0,28,1,0,0,1,1,0,0,0,0,0,0,0,16,75,2.833213344056216,4.330733340286331
02-songxx,0,0,0,0,0,1,1,0,0,0,0,0,0,0,0,0.0,0.0,0.0,2474,1549,0.00040404040404040404,0.6258585858585859,0,0,1,1,0,1,1,0.5,1.0,1.0,0,0,2,1,0,1,9,2.94770277922009,1,0,0,0,1,1,1,2,28,111,0,0,0,1,1,0,0,0,0,0,0,0,11,39,2.4849066497880004,3.6888794541139363
02-szhm18,0,0,0,0,0,2,1,0,1,0,0,0,0,0,0,0.0,0.0,0.0,2914,1549,0.0006861063464837049,0.5313893653516295,0,0,1,1,0,1,1,0.3333333333333333,1.0,1.0,0,0,2,1,0,1,9,3.169925001442312,0,0,0,0,1,0,1,4,12,28,0,0,0,1,1,0,0,0,0,0,0,0,22,69,3.1354942159291497,4.248495242049359
02-test-project,0,0,0,0,0,1,1,0,0,0,1,1,0,0,2,0.5,1.0,0.00047709923664122136,2095,1549,0.00047709923664122136,0.7390267175572519,0,0,1,1,0,1,1,0.5,0.3333333333333333,0.5,0,0,3,1,0,1,15,3.323231428797621,0,0,0,0,1,1,0,0,21,28,0,0,0,3,1,0,0,0,0,0,0,0,13,56,2.6390573296152584,4.04305126783455
02-there_modules,0,0,0,0,0,1,1,0,0,0,1,0,0,0,1,0.5,0.5,0.00078064012490242,1280,1280,0.00078064012490242,0.9992193598750976,0,0,1,1,0,1,1,0.5,0.5,0.5,0,0,3,1,0,1,16,3.702819531114783,0,0,0,0,1,0,0,0,0,28,1,0,0,1,1,0,0,0,0,0,0,0,16,45,2.833213344056216,3.828641396489095
02-thirtpart,0,0,0,0,0,1,1,0,0,0,1,0,0,0,1,0.5,0.5,0.0005327650506126798,1876,1549,0.0005327650506126798,0.825253063399041,0,0,1,1,0,1,1,0.5,0.5,0.5,0,0,2,1,0,1,12,3.0220552088742005,0,0,0,0,1,0,0,0,0,28,1,0,0,1,1,0,0,0,0,0,0,0,13,40,2.6390573296152584,3.713572066704308
02-tthirdparty,0,0,0,0,0,2,1,0,2,0,1,0,0,0,1,0.3333333333333333,0.3333333333333333,0.0007396449704142012,1351,1351,0.0014792899408284023,0.9992603550295858,0,0,1,1,0,1,1,0.3333333333333333,0.5,0.5,0,0,2,1,0,1,14,3.3248629576173565,0,0,0,0,1,1,0,0,2,28,0,0,0,1,1,0,0,0,0,0,0,0,20,55,3.044522437723423,4.02535169073515
02-use_my_utils,0,0,0,0,0,1,1,0,0,0,0,0,0,0,0,0.0,0.0,0.0,1437,1437,0.0006954102920723226,0.9993045897079277,0,0,1,1,0,1,1,0.5,1.0,1.0,0,0,4,1,0,1,15,3.5068905956085183,0,0,0,0,1,0,0,0,0,28,1,0,0,1,1,0,0,0,0,0,0,0,10,52,2.3978952727983707,3.970291913552122
02-wallet-dev-flow,0,0,0,0,0,1,1,0,0,0,2,0,0,0,2,1.0,1.0,0.3333333333333333,5,5,0.16666666666666666,0.8333333333333334,1,1,0,1,0,1,1,0.5,0.3333333333333333,0.3333333333333333,0,0,4,1,0,1,18,3.419381945646371,0,0,0,0,1,0,0,0,0,28,1,0,0,1,1,0,0,0,0,0,0,0,121,121,4.804021044733257,4.804021044733257
02-wangxu-test-webpack-numbers,0,0,0,0,0,2,1,0,1,0,0,3,0,0,3,0.0,1.0,0.0,1078,1078,0.0018535681186283596,0.9990732159406858,0,0,1,1,0,1,1,0.3333333333333333,0.25,1.0,0,0,5,1,0,1,30,4.01506101220307,0,0,0,0,1,0,0,0,0,28,1,0,0,1,1,0,0,0,0,0,0,0,12,61,2.5649493574615367,4.127134385045092
02-weback-numbers,0,0,0,0,0,2,1,0,1,0,0,3,0,0,3,0.0,1.0,0.0,1578,1549,0.001266624445851805,0.981000633312223,0,0,1,1,0,1,1,0.3333333333333333,0.25,1.0,0,0,3,1,0,1,17,3.734521664779752,0,0,0,0,1,0,0,0,0,28,1,0,0,1,1,0,0,0,0,0,0,0,11,54,2.4849066497880004,4.007333185232471
02-webpac-numbers,0,0,0,0,0,1,1,0,0,0,0,4,0,0,4,0.0,2.0,0.0,206,206,0.004830917874396135,0.9951690821256038,0,0,0,1,0,1,1,0.5,0.2,1.0,0,0,3,1,0,1,17,3.734521664779752,0,0,0,0,1,0,0,0,0,28,1,0,0,1,1,0,0,0,0,0,0,0,10,54,2.3978952727983707,4.007333185232471
02-webpack,0,0,0,0,0,3,1,0,2,0,0,3,0,0,3,0.0,0.75,0.0,1647,1549,0.0018203883495145632,0.9399271844660194,0,0,1,1,0,1,1,0.25,0.25,1.0,0,0,2,1,0,1,10,3.321928094887362,0,0,0,0,1,0,0,0,0,28,1,0,0,1,1,0,0,0,0,0,0,0,14,72,2.70805020110221,4.290459441148391
02-webpack-library,0,0,0,0,0,2,1,0,1,0,0,3,0,0,3,0.0,1.0,0.0,1577,1549,0.0012674271229404308,0.9816223067173637,0,0,1,1,0,1,1,0.3333333333333333,0.25,1.0,0,0,3,1,0,1,18,3.7254805569978675,0,0,0,0,1,0,0,0,0,28,1,0,0,1,1,0,0,0,0,0,0,0,14,64,2.70805020110221,4.174387269895637
02-webpack-nubers,0,0,0,0,0,3,1,0,2,0,0,4,0,0,4,0.0,1.0,0.0,1269,1269,0.002362204724409449,0.9992125984251968,0,0,1,1,0,1,1,0.25,0.2,1.0,0,0,3,1,0,1,17,3.734521664779752,0,0,0,0,1,0,0,0,0,28,1,0,0,1,1,0,0,0,0,0,0,0,15,78,2.772588722239781,4.3694478524670215
02-webpack-number,0,0,0,0,0,1,1,0,0,0,0,5,0,0,5,0.0,2.5,0.0,969,969,0.0010309278350515464,0.9989690721649485,0,0,1,1,0,1,1,0.5,0.16666666666666666,1.0,0,0,3,1,0,1,17,3.734521664779752,0,0,0,0,1,0,0,0,0,28,1,0,0,1,1,0,0,0,0,0,0,0,12,43,2.5649493574615367,3.784189633918261
02-webpack-number6,0,0,0,0,0,2,1,9,1,0,0,5,0,0,5,0.0,1.6666666666666667,0.0,570,570,0.0035026269702276708,0.9982486865148862,0,0,0,1,0,1,1,0.3333333333333333,0.16666666666666666,1.0,0,0,3,1,0,1,18,3.8365916681089787,0,0,0,0,1,0,0,0,0,28,1,0,0,1,1,0,0,0,0,0,0,0,10,35,2.3978952727983707,3.58351893845611
02-webpack-numbers-arrebol,0,0,0,0,0,1,1,0,2,0,0,4,0,0,4,0.0,2.0,0.0,206,206,0.004830917874396135,0.9951690821256038,0,0,0,1,0,1,1,0.5,0.2,1.0,0,0,4,1,0,1,26,3.891995487039019,0,0,0,0,1,0,0,0,0,28,1,0,0,1,1,0,0,0,0,0,0,0,15,51,2.772588722239781,3.9512437185814275
02-webpack-numbers-beta,0,0,0,0,0,2,1,0,1,0,0,3,0,0,3,0.0,1.0,0.0,850,850,0.0023501762632197414,0.9988249118683902,0,0,1,1,0,1,1,0.3333333333333333,0.25,1.0,0,0,4,1,0,1,23,3.816402716644387,0,0,0,0,1,0,0,0,0,28,1,0,0,1,1,0,0,0,0,0,0,0,12,47,2.5649493574615367,3.871201010907891
02-webpack-numbers-ctest,0,0,0,0,0,7,1,0,6,0,0,3,0,0,3,0.0,0.375,0.0,1252,1252,0.00558659217877095,0.9992019154030327,0,0,1,1,0,1,1,0.125,0.25,1.0,0,0,4,1,0,1,24,3.855388542207534,0,0,0,0,1,0,0,0,0,28,1,0,0,1,1,0,0,0,0,0,0,0,14,88,2.70805020110221,4.48863636973214
02-webpack-numbers-demo,0,0,0,0,0,3,1,0,2,0,0,3,0,0,3,0.0,0.75,0.0,1519,1518,0.001973684210526316,0.9986842105263158,0,0,1,1,0,1,1,0.25,0.25,1.0,0,0,4,1,0,1,23,3.9361804341297555,0,0,0,0,1,0,0,0,0,28,1,0,0,1,1,0,0,0,0,0,0,0,16,73,2.833213344056216,4.30406509320417
02-webpack-numbers-gx,0,0,0,0,0,2,1,0,1,0,1,2,0,0,3,0.3333333333333333,1.0,0.0006097560975609756,1639,1549,0.0012195121951219512,0.9445121951219512,0,0,1,1,0,1,1,0.3333333333333333,0.25,0.5,0,0,4,1,0,1,21,3.975418017913833,0,0,0,0,1,0,0,0,0,28,1,0,0,1,1,0,0,0,0,0,0,0,14,65,2.70805020110221,4.189654742026425
02-webpack-numbers-haoyue,0,0,0,0,0,2,1,0,1,0,0,3,0,0,3,0.0,1.0,0.0,1549,1549,0.0012903225806451613,0.9993548387096775,0,0,1,1,0,1,1,0.3333333333333333,0.25,1.0,0,0,4,1,0,1,25,4.023465189601646,0,0,0,0,1,0,0,0,0,28,1,0,0,1,1,0,0,0,0,0,0,0,10,48,2.3978952727983707,3.8918202981106265
02-webpack-numbers-hui,0,0,0,0,0,9,1,0,8,0,1,2,0,0,3,0.1,0.3,0.0006071645415907711,1646,1262,0.00546448087431694,0.7662416514875531,0,0,1,1,0,1,1,0.1,0.25,0.5,0,0,4,1,0,1,22,3.9705730958116843,0,0,0,0,1,0,0,0,0,28,1,0,0,1,1,0,0,0,0,0,0,0,24,101,3.2188758248682006,4.624972813284271
02-webpack-numbers-junny,0,0,0,0,0,2,1,0,1,0,0,3,0,0,3,0.0,1.0,0.0,1510,1510,0.0013236267372600927,0.99933818663137,0,0,1,1,0,1,1,0.3333333333333333,0.25,1.0,0,0,4,1,0,1,24,3.9387218755408675,0,0,0,0,1,0,0,0,0,28,1,0,0,1,1,0,0,0,0,0,0,0,11,50,2.4849066497880004,3.9318256327243257
02-webpack-numbers-testingtest,0,0,0,0,0,4,1,0,3,0,0,3,0,0,3,0.0,0.6,0.0,1527,1527,0.002617801047120419,0.9993455497382199,0,0,1,1,0,1,1,0.2,0.25,1.0,0,0,4,1,0,1,30,3.9232314287976213,0,0,0,0,1,0,0,0,0,28,1,0,0,1,1,0,0,0,0,0,0,0,11,55,2.4849066497880004,4.02535169073515
02-webpack-numbers-tj,0,0,0,0,0,2,1,0,1,0,0,3,0,0,3,0.0,1.0,0.0,1340,1340,0.0014914243102162564,0.9992542878448919,0,0,1,1,0,1,1,0.3333333333333333,0.25,1.0,0,0,4,1,0,1,21,3.975418017913833,0,0,0,0,1,0,0,0,0,28,1,0,0,1,1,0,0,0,0,0,0,0,14,62,2.70805020110221,4.143134726391533
02-webpack-numbers-wj,0,0,0,0,0,2,1,0,1,0,0,3,0,0,3,0.0,1.0,0.0,1231,1231,0.0016233766233766235,0.9991883116883117,0,0,1,1,0,1,1,0.3333333333333333,0.25,1.0,0,0,4,1,0,1,21,3.8801799226757376,0,0,0,0,1,0,0,0,0,28,1,0,0,1,1,0,0,0,0,0,0,0,15,66,2.772588722239781,4.204692619390966
02-webpack-numbers-xiaoyu,0,0,0,0,0,1,1,0,0,0,0,3,0,0,3,0.0,1.5,0.0,1207,1207,0.0008278145695364238,0.9991721854304636,0,0,1,1,0,1,1,0.5,0.25,1.0,0,0,4,1,0,1,25,4.133660689688185,0,0,0,0,1,0,0,0,0,28,1,0,0,1,1,0,0,0,0,0,0,0,10,39,2.3978952727983707,3.6888794541139363
02-webpack-numbers-xie,0,0,0,0,0,2,1,0,1,0,0,3,0,0,3,0.0,1.0,0.0,1484,1484,0.0013468013468013469,0.9993265993265993,0,0,1,1,0,1,1,0.3333333333333333,0.25,1.0,0,0,4,1,0,1,22,3.9362600275315267,0,0,0,0,1,0,0,0,0,28,1,0,0,1,1,0,0,0,0,0,0,0,14,48,2.70805020110221,3.8918202981106265
02-webpack-numbers-yunyunzai,0,0,0,0,0,1,1,0,0,0,0,3,0,0,3,0.0,1.5,0.0,756,756,0.001321003963011889,0.9986789960369881,0,0,1,1,0,1,1,0.5,0.25,1.0,0,0,4,1,0,1,28,4.012188403968661,0,0,0,0,1,0,0,0,0,28,1,0,0,1,1,0,0,0,0,0,0,0,12,51,2.5649493574615367,3.9512437185814275
02-webpack-publish-demo,0,0,0,0,0,2,1,0,1,0,0,3,0,0,3,0.0,1.0,0.0,1495,1495,0.001336898395721925,0.9993315508021391,0,0,1,1,0,1,1,0.3333333333333333,0.25,1.0,0,0,4,1,0,1,23,4.0559581516151235,0,0,0,0,1,0,0,0,0,28,1,0,0,1,1,0,0,0,0,0,0,0,10,54,2.3978952727983707,4.007333185232471
02-wmq-webpack-numbers,0,0,0,0,0,1,1,0,0,0,0,4,0,0,4,0.0,2.0,0.0,1181,1181,0.0008460236886632825,0.9991539763113367,0,0,1,1,0,1,1,0.5,0.2,1.0,0,0,4,1,0,1,22,3.8796640049025934,0,0,0,0,1,0,0,0,0,28,1,0,0,1,1,0,0,0,0,0,0,0,13,44,2.6390573296152584,3.8066624897703196
02-word-counter,0,0,0,0,0,1,1,0,0,0,1,2,0,0,3,0.5,1.5,0.0013003901170351106,768,768,0.0013003901170351106,0.9986996098829649,0,0,1,1,0,1,1,0.5,0.25,0.5,0,0,3,1,0,1,15,3.506890595608518,0,0,0,0,1,0,0,0,0,28,1,0,0,1,1,0,0,0,0,0,0,0,12,50,2.5649493574615367,3.9318256327243257
02-wq-webpack-learn-numbers,0,0,0,0,0,2,1,0,1,0,0,5,0,0,5,0.0,1.6666666666666667,0.0,565,565,0.0035335689045936395,0.9982332155477032,0,0,0,1,0,1,1,0.3333333333333333,0.16666666666666666,1.0,0,0,5,1,0,1,27,3.91211389097223,0,0,0,0,1,0,0,0,0,28,1,0,0,1,1,0,0,0,0,0,0,0,13,64,2.6390573296152584,4.174387269895637
02-xiezhi-webpack-numbers,0,0,0,0,0,1,1,0,1,0,0,3,0,0,3,0.0,1.5,0.0,668,668,0.0014947683109118087,0.9985052316890882,0,0,0,1,0,1,1,0.5,0.25,1.0,0,0,4,1,0,1,25,4.103465189601645,0,0,0,0,1,0,0,0,0,28,1,0,0,1,1,0,0,0,0,0,0,0,11,40,2.4849066497880004,3.713572066704308
02-xtn,0,0,0,0,0,2,1,0,1,0,1,0,0,0,1,0.3333333333333333,0.3333333333333333,0.0006053268765133172,1651,1549,0.0012106537530266344,0.9376513317191283,0,0,1,1,0,1,1,0.3333333333333333,0.5,0.5,0,0,2,1,0,1,6,2.584962500721156,0,0,0,0,1,0,0,0,0,28,1,0,0,1,1,0,0,0,0,0,0,0,20,59,3.044522437723423,4.0943445622221
02-yyy-utils,0,0,0,0,0,1,1,0,0,0,0,0,0,0,0,0.0,0.0,0.0,1455,1455,0.0006868131868131869,0.9993131868131868,0,0,1,1,0,1,1,0.5,1.0,1.0,0,0,3,1,0,1,12,3.0220552088742,0,0,0,0,1,1,0,0,0,28,1,0,0,1,1,0,0,0,0,0,0,0,16,57,2.833213344056216,4.060443010546419
02-zk-array,0,0,0,0,0,1,1,0,0,0,0,0,0,0,0,0.0,0.0,0.0,1342,1342,0.0007446016381236039,0.9992553983618764,0,0,1,1,0,1,1,0.5,1.0,1.0,0,0,3,1,0,1,11,2.9139770731827523,0,0,0,0,1,1,1,3,8,28,0,0,0,1,1,0,0,0,0,0,0,0,14,58,2.70805020110221,4.07753744390572
02.atm-by-alina,0,0,0,0,0,1,1,0,0,0,1,2,0,0,3,0.5,1.5,0.0013245033112582781,754,754,0.0013245033112582781,0.9986754966887417,0,0,1,1,0,1,1,0.5,0.25,0.5,0,0,4,1,1,1,15,3.4565647621309536,0,0,0,0,1,1,0,0,0,28,1,0,0,1,1,0,0,0,0,0,0,0,9,31,2.302585092994046,3.4657359027997265
02.aula,0,0,0,0,0,1,1,0,0,0,1,0,0,0,1,0.5,0.5,0.00045599635202918376,2192,1549,0.00045599635202918376,0.7063383492932056,0,0,1,1,0,1,1,0.5,0.5,0.5,0,0,2,0,1,1,7,2.5216406363433186,0,0,0,0,1,1,0,0,0,28,1,0,0,2,1,0,0,0,0,0,0,0,14,45,2.70805020110221,3.828641396489095
02.koa-demo,0,0,0,0,0,1,1,0,0,0,1,0,0,0,1,0.5,0.5,0.00037397157816005983,2673,1549,0.00037397157816005983,0.5792819745699327,0,0,1,1,0,1,1,0.5,0.5,0.5,0,0,3,1,1,1,11,3.277613436819116,0,0,0,0,1,0,0,0,0,28,1,0,0,1,1,0,0,0,0,0,0,0,14,53,2.70805020110221,3.9889840465642745
02.lijcreatefolder,0,0,0,0,0,2,1,0,1,0,0,0,0,0,0,0.0,0.0,0.0,2907,1549,0.000687757909215956,0.532668500687758,0,0,1,1,0,1,1,0.3333333333333333,1.0,1.0,0,0,2,0,1,1,18,3.6835423624332306,0,0,0,0,1,0,0,0,0,28,1,0,0,1,1,0,0,0,0,0,0,0,14,60,2.70805020110221,4.110873864173311
02.nsm,0,0,0,0,0,1,1,0,0,0,0,0,0,0,0,0.0,0.0,0.0,1871,1549,0.0005341880341880342,0.8274572649572649,0,0,1,1,0,1,1,0.5,1.0,1.0,0,0,2,0,1,1,6,2.584962500721156,0,0,0,0,1,0,0,0,0,28,1,0,0,1,1,0,0,0,0,0,0,0,12,59,2.5649493574615367,4.0943445622221
02.opject,0,0,0,0,0,1,1,0,0,0,0,0,0,0,0,0.0,0.0,0.0,1657,1549,0.0006031363088057901,0.9342581423401689,0,0,1,1,0,1,1,0.5,1.0,1.0,0,0,2,0,1,1,9,3.169925001442312,0,0,0,0,1,0,0,0,0,28,1,0,0,1,1,0,0,0,0,0,0,0,11,44,2.4849066497880004,3.8066624897703196
02.package,0,0,0,0,0,2,1,0,4,0,0,0,0,0,0,0.0,0.0,0.0,1226,1226,0.0016299918500407497,0.9991850040749797,0,0,1,1,0,1,1,0.3333333333333333,1.0,1.0,0,0,2,0,1,1,10,3.121928094887362,0,0,0,0,1,0,0,0,0,28,1,0,0,1,1,0,0,0,0,0,0,0,9,47,2.302585092994046,3.871201010907891
02.webapck-numbers,0,0,0,0,0,2,1,0,1,0,0,3,0,0,3,0.0,1.0,0.0,741,741,0.0026954177897574125,0.9986522911051213,0,0,1,1,0,1,1,0.3333333333333333,0.25,1.0,0,0,3,1,1,1,18,3.94770277922009,0,0,0,0,1,0,0,0,0,28,1,0,0,1,1,0,0,0,0,0,0,0,13,53,2.6390573296152584,3.9889840465642745
02.wenjianmokuai,0,0,0,0,0,1,1,0,0,0,0,0,0,0,0,0.0,0.0,0.0,3630,1480,0.0002754062241806665,0.4076012117873864,0,0,1,1,0,1,1,0.5,1.0,1.0,0,0,2,0,1,1,16,3.625,0,0,0,0,1,0,0,0,0,28,1,0,0,1,1,0,0,0,0,0,0,0,12,52,2.5649493574615367,3.970291913552122
020,0,0,0,0,0,1,1,0,0,0,1,0,0,0,1,0.5,0.5,0.0002858776443682104,3497,1480,0.0002858776443682104,0.4230989136649514,0,0,1,1,0,1,1,0.5,0.5,0.5,0,0,1,0,0,1,3,0.9182958340544896,1,1,0,1,1,1,1,3,51,26,0,1,0,1,1,0,0,0,0,0,0,0,8,56,2.1972245773362196,4.04305126783455
020-webpack-numbers,0,0,0,0,0,2,1,0,1,0,0,3,0,0,3,0.0,1.0,0.0,1584,1549,0.0012618296529968455,0.9772870662460568,0,0,1,1,0,1,1,0.3333333333333333,0.25,1.0,0,0,3,1,0,1,19,3.8268748818646374,0,0,0,0,1,0,0,0,0,28,1,0,0,1,1,0,0,0,0,0,0,0,13,56,2.6390573296152584,4.04305126783455
02022021var,0,0,0,0,0,2,1,0,1,0,0,0,0,0,0,0.0,0.0,0.0,1975,1549,0.0010121457489878543,0.7839068825910931,0,0,1,1,0,1,1,0.3333333333333333,1.0,1.0,0,0,1,0,0,1,11,2.2998963911678914,0,0,0,0,1,0,0,0,0,28,1,0,0,1,1,0,0,0,0,0,0,0,13,62,2.6390573296152584,4.143134726391533
020atm,0,0,0,0,0,1,1,0,0,0,1,1,0,0,2,0.5,1.0,0.0012077294685990338,827,827,0.0012077294685990338,0.998792270531401,0,0,1,1,0,1,1,0.5,0.3333333333333333,0.5,0,0,1,0,0,1,6,2.2516291673878226,0,0,0,0,1,1,0,0,23,28,0,0,0,1,1,0,0,0,0,0,0,0,25,59,3.258096538021482,4.0943445622221
020npmxiaoxie,0,0,0,0,0,2,1,1,0,0,0,0,0,0,0,0.0,0.0,0.0,1870,1549,0.0010689470871191875,0.8278995189738108,0,0,1,1,0,1,1,0.3333333333333333,1.0,1.0,0,0,1,0,0,1,13,3.238901256602631,0,0,0,0,1,0,0,0,0,10,1,0,0,1,1,0,0,0,0,0,0,0,8,44,2.1972245773362196,3.8066624897703196
021-bhittai-sahib-oop-mybank,0,0,0,0,0,1,1,0,0,0,1,1,0,0,2,0.5,1.0,0.0013477088948787063,741,741,0.0013477088948787063,0.9986522911051213,0,0,1,1,0,1,1,0.5,0.3333333333333333,0.5,0,0,5,1,0,1,28,3.7979026896829464,0,0,0,0,1,0,0,0,0,28,1,0,0,1,1,0,0,0,0,0,0,0,11,53,2.4849066497880004,3.9889840465642745
021-webpack-numbers,0,0,0,0,0,3,1,0,2,0,0,3,0,0,3,0.0,0.75,0.0,1542,1542,0.0019442644199611147,0.9993519118600129,0,0,1,1,0,1,1,0.25,0.25,1.0,0,0,3,1,0,1,19,3.9321380397593737,0,0,0,0,1,0,0,0,0,28,1,0,0,1,1,0,0,0,0,0,0,0,13,63,2.6390573296152584,4.1588830833596715
021.2-my-first-package-dancg,0,0,0,0,0,2,1,0,2,0,0,0,0,0,0,0.0,0.0,0.0,1365,1365,0.0014641288433382138,0.9992679355783309,0,0,1,1,0,1,1,0.3333333333333333,1.0,1.0,0,0,6,1,1,1,28,4.137537511266052,1,1,1,1,1,1,0,0,22,2508,0,0,0,1,1,0,0,0,0,0,0,0,13,59,2.6390573296152584,4.0943445622221
02112019lab6,0,0,0,0,0,1,1,0,0,0,2,0,0,0,2,1.0,1.0,0.0008216926869350862,2433,1549,0.0004108463434675431,0.6364009860312243,0,0,1,1,0,1,1,0.5,0.3333333333333333,0.3333333333333333,0,0,1,0,0,1,12,2.855388542207534,0,0,0,0,1,1,0,0,13,28,0,0,0,1,1,0,0,0,0,0,0,0,12,54,2.5649493574615367,4.007333185232471
0212test,0,0,0,0,0,1,1,0,0,0,0,0,0,0,0,0.0,0.0,0.0,2331,1549,0.0004288164665523156,0.6642367066895368,0,0,1,1,0,1,1,0.5,1.0,1.0,0,0,1,0,0,1,8,2.5,0,0,0,0,1,0,0,0,0,28,1,0,0,1,1,0,0,0,0,0,0,0,11,57,2.4849066497880004,4.060443010546419
0213_choma-utils,0,0,0,0,0,1,1,0,0,0,3,0,0,0,3,1.5,1.5,0.001286449399656947,2331,1549,0.0004288164665523156,0.6642367066895368,0,0,1,1,0,1,1,0.5,0.25,0.25,0,0,3,1,0,1,16,4.0,0,0,0,0,1,1,1,9,13,28,0,0,0,1,1,0,0,0,0,0,0,0,17,75,2.8903717578961645,4.330733340286331
0216tool_xiaoye,0,0,0,0,0,3,1,2,0,0,0,2,0,0,2,0.0,0.5,0.0,2031,1549,0.0014763779527559055,0.7623031496062992,0,0,1,1,0,1,1,0.25,0.3333333333333333,1.0,0,0,2,0,0,1,15,3.589898095464287,0,0,0,0,1,0,1,7,11,6104,0,0,0,1,1,0,0,0,0,0,0,0,53,162,3.9889840465642745,5.093750200806762
021ed-webpack-numbers,0,0,0,0,0,2,1,0,1,0,0,3,0,0,3,0.0,1.0,0.0,423,423,0.0047169811320754715,0.9976415094339622,0,0,0,1,0,1,1,0.3333333333333333,0.25,1.0,0,0,3,1,0,1,21,3.975418017913833,0,0,0,0,1,0,0,0,0,28,1,0,0,1,1,0,0,0,0,0,0,0,13,62,2.6390573296152584,4.143134726391533
0221nodejs,0,0,0,0,0,4,1,0,3,0,4,0,0,0,4,0.8,0.8,0.002512562814070352,1591,1549,0.002512562814070352,0.9729899497487438,0,0,1,1,0,1,1,0.2,0.2,0.2,0,0,1,0,0,1,10,3.121928094887362,0,0,0,0,1,1,0,0,11,60,0,0,0,1,1,0,0,0,0,0,0,0,9,58,2.302585092994046,4.07753744390572
0222night,0,0,0,0,0,1,1,0,0,0,0,0,0,0,0,0.0,0.0,0.0,1955,1549,0.0005112474437627812,0.7919222903885481,0,0,1,1,0,1,1,0.5,1.0,1.0,0,0,1,0,0,1,9,2.6416041678685933,0,0,0,0,1,0,0,0,0,28,1,0,0,1,1,0,0,0,0,0,0,0,12,59,2.5649493574615367,4.0943445622221
0222zy,0,0,0,0,0,1,1,0,0,0,0,0,0,0,0,0.0,0.0,0.0,1955,1549,0.0005112474437627812,0.7919222903885481,0,0,1,1,0,1,1,0.5,1.0,1.0,0,0,1,0,0,1,6,1.7924812503605778,0,0,0,0,1,0,0,0,0,28,1,0,0,1,1,0,0,0,0,0,0,0,12,48,2.5649493574615367,3.8918202981106265
0224wyj121,0,0,0,0,0,1,1,0,0,0,0,0,0,0,0,0.0,0.0,0.0,2038,1549,0.0004904364884747426,0.7596861206473762,0,0,1,1,0,1,1,0.5,1.0,1.0,0,0,1,0,0,1,10,2.6464393446710157,0,0,0,0,1,1,0,0,4,28,0,0,0,1,1,0,0,0,0,0,0,0,13,59,2.6390573296152584,4.0943445622221
0224zhoukoa,0,0,0,0,0,1,1,0,0,0,0,0,0,0,0,0.0,0.0,0.0,1954,1549,0.0005115089514066496,0.7923273657289003,0,0,1,1,0,1,1,0.5,1.0,1.0,0,0,1,0,0,1,11,3.095795255000934,0,0,0,0,1,0,0,0,0,28,1,0,0,1,1,0,0,0,0,0,0,0,12,52,2.5649493574615367,3.970291913552122
0226,0,0,0,0,0,1,1,0,0,0,4,2,0,0,6,2.0,3.0,0.0011719894520949312,3412,1480,0.0002929973630237328,0.43363609727512453,0,0,1,1,0,1,1,0.5,0.14285714285714285,0.2,0,0,1,0,0,1,4,1.5,0,0,0,0,1,0,0,0,0,28,1,0,0,1,1,0,0,0,0,0,0,0,2,24,1.0986122886681098,3.2188758248682006
0226rikao,0,0,0,0,0,1,1,0,0,0,0,0,0,0,0,0.0,0.0,0.0,1952,1549,0.0005120327700972862,0.7931387608806963,0,0,1,1,0,1,1,0.5,1.0,1.0,0,0,1,0,0,1,9,2.94770277922009,0,0,0,0,1,0,0,0,0,28,1,0,0,1,1,0,0,0,0,0,0,0,14,51,2.70805020110221,3.9512437185814275
022cli_number_guessing,0,0,0,0,0,2,1,0,1,0,1,1,0,0,2,0.3333333333333333,0.6666666666666666,0.0012239902080783353,816,729,0.0024479804161566705,0.8922888616891065,0,0,0,1,0,1,1,0.3333333333333333,0.3333333333333333,0.5,0,0,3,0,0,1,22,3.73215889136457,0,0,0,0,1,0,0,0,37,62,0,0,0,1,1,0,0,0,0,0,0,0,10,44,2.3978952727983707,3.8066624897703196
023package,0,0,0,0,0,1,1,0,0,0,0,2,0,0,2,0.0,1.0,0.0,2223,1549,0.0004496402877697842,0.6964928057553957,0,0,1,1,0,1,1,0.5,0.3333333333333333,1.0,0,0,1,0,0,1,10,3.121928094887362,0,0,0,0,1,0,0,0,7,28,0,0,0,3,1,0,0,0,0,1,1,1,12,59,2.5649493574615367,4.0943445622221
024d6q,0,0,0,0,0,1,1,1,4,0,0,0,0,0,0,0.0,0.0,0.0,1152,1152,0.0008673026886383347,0.9991326973113617,0,0,1,1,0,1,1,0.5,1.0,1.0,0,0,1,0,0,1,6,2.584962500721156,0,0,0,0,1,1,0,0,6,731,0,0,0,1,1,0,0,0,0,0,0,0,54,146,4.007333185232471,4.990432586778736
024rollapp,0,0,0,0,0,3,0,1,5,0,8,9,0,0,17,2.0,4.25,0.010126582278481013,789,787,0.0037974683544303796,0.9962025316455696,0,0,1,1,0,1,1,0.25,0.05555555555555555,0.1111111111111111,0,0,1,0,0,1,10,2.9219280948873623,1,1,1,1,1,1,0,0,255,2055,0,0,0,4,1,0,0,0,0,0,0,0,10,65,2.3978952727983707,4.189654742026425
02510-atm-code,0,0,0,0,0,1,1,0,2,0,1,1,0,0,2,0.5,1.0,0.0012195121951219512,819,819,0.0012195121951219512,0.998780487804878,0,0,1,1,0,1,1,0.5,0.3333333333333333,0.5,0,0,3,1,0,1,14,3.521640636343319,0,0,0,0,1,0,0,0,0,28,1,0,0,1,1,0,0,0,0,0,0,0,15,51,2.772588722239781,3.9512437185814275
02510-todo-list,0,0,0,0,0,1,1,0,0,0,1,1,0,0,2,0.5,1.0,0.0012195121951219512,819,819,0.0012195121951219512,0.998780487804878,0,0,1,1,0,1,1,0.5,0.3333333333333333,0.5,0,0,3,1,0,1,15,3.3735572622751855,0,0,0,0,1,0,0,0,0,28,1,0,0,1,1,0,0,0,0,0,0,0,12,58,2.5649493574615367,4.07753744390572
0255jvzr8g06f4v9,0,0,0,0,0,1,1,0,0,0,1,0,0,0,1,0.5,0.5,0.0012755102040816326,783,783,0.0012755102040816326,0.9987244897959183,0,0,1,1,0,1,1,0.5,0.5,0.5,0,0,1,0,0,1,16,3.625,0,0,0,0,1,1,1,2,9,28,0,0,0,1,1,0,0,0,0,0,0,0,5,22,1.791759469228055,3.1354942159291497
029testnpm,1,1,0,1,0,1,0,0,1,0,0,0,0,0,0,0.0,0.0,0.0,546,546,0.0018281535648994515,0.9981718464351006,0,0,0,0,1,0,1,0.0,0.0,0.0,0,0,1,0,0,1,10,3.121928094887362,1,0,0,0,0,0,0,0,24,0,0,0,0,0,0,0,0,0,0,0,0,0,25,237,3.258096538021482,5.472270673671475
02_add_lodash,0,0,0,0,0,1,1,0,0,0,10,0,0,0,10,5.0,5.0,0.007173601147776184,1393,1393,0.0007173601147776184,0.9992826398852224,0,0,1,1,0,1,1,0.5,0.09090909090909091,0.09090909090909091,0,0,3,0,0,1,13,3.0269868333592873,0,0,1,0,1,1,1,4,22,28,0,0,0,4,1,0,0,0,0,0,0,0,12,48,2.5649493574615367,3.8918202981106265
02_af_guest_invitation_cli,0,0,0,0,0,1,1,2,0,0,1,1,0,0,2,0.5,1.0,0.00130718954248366,764,764,0.00130718954248366,0.9986928104575163,0,0,1,1,0,1,1,0.5,0.3333333333333333,0.5,0,0,5,0,0,1,26,3.748328660365573,0,0,0,0,1,1,0,0,82,28,0,0,0,1,1,0,0,0,0,0,0,0,11,49,2.4849066497880004,3.912023005428146
02_atm,0,0,0,0,0,1,1,0,4,0,5,2,0,0,7,2.5,3.5,0.005656108597285068,883,883,0.0011312217194570137,0.998868778280543,0,0,1,1,0,1,1,0.5,0.125,0.16666666666666666,0,0,2,0,0,1,6,2.584962500721156,0,0,0,0,1,0,0,0,0,28,1,0,0,1,1,0,0,0,0,0,0,0,9,31,2.302585092994046,3.4657359027997265
02_atm_by_khurram,0,0,0,0,0,1,1,0,1,0,3,1,0,0,4,1.5,2.0,0.003778337531486146,793,793,0.0012594458438287153,0.9987405541561712,0,0,1,1,0,1,1,0.5,0.2,0.25,0,0,4,0,0,1,17,3.4548223999466066,0,0,0,0,1,1,0,0,0,28,1,0,0,1,1,0,0,0,0,0,0,0,9,29,2.302585092994046,3.4011973816621555
02_atm_kanwal,0,0,0,0,0,1,1,0,0,0,1,1,0,0,2,0.5,1.0,0.0013440860215053765,743,743,0.0013440860215053765,0.9986559139784946,0,0,1,1,0,1,1,0.5,0.3333333333333333,0.5,0,0,3,0,0,1,13,3.180832987205441,0,0,0,0,1,0,0,0,0,28,1,0,0,1,1,0,0,0,0,0,0,0,10,49,2.3978952727983707,3.912023005428146
02_atm_project,0,0,0,0,0,1,1,1,0,0,2,1,0,0,3,1.0,1.5,0.0015810276679841897,1264,1264,0.0007905138339920949,0.9992094861660079,0,0,1,1,0,1,1,0.5,0.25,0.3333333333333333,0,0,3,0,0,1,14,3.521640636343319,0,0,0,0,1,0,0,0,0,28,1,0,0,2,1,0,0,0,0,0,0,0,10,39,2.3978952727983707,3.6888794541139363
02_bhagyapatel_assignment06,0,0,0,0,0,1,1,0,0,0,0,0,0,0,0,0.0,0.0,0.0,1210,1210,0.0008257638315441783,0.9991742361684558,0,0,1,1,0,1,1,0.5,1.0,1.0,0,0,3,0,0,1,27,3.9400726873486547,0,0,0,0,1,1,0,0,41,28,0,0,0,0,0,0,0,0,0,0,0,0,13,55,2.6390573296152584,4.02535169073515
02_clone_1025,0,0,0,0,0,1,1,0,0,0,2,1,0,0,3,1.0,1.5,0.0032414910858995136,616,616,0.0016207455429497568,0.9983792544570502,0,0,0,1,0,1,1,0.5,0.25,0.3333333333333333,0,0,3,0,0,1,13,3.238901256602631,0,0,0,0,1,1,1,1,5,28,0,0,0,1,1,0,0,0,0,0,0,0,11,43,2.4849066497880004,3.784189633918261
02_codewei,0,0,0,0,0,1,1,0,0,0,0,0,0,0,0,0.0,0.0,0.0,1339,1339,0.0007462686567164179,0.9992537313432835,0,0,1,1,0,1,1,0.5,1.0,1.0,0,0,2,0,0,1,10,3.1219280948873624,0,0,0,0,1,0,0,0,0,28,1,0,0,1,1,0,0,0,0,0,0,0,12,52,2.5649493574615367,3.970291913552122
02_day,0,0,0,0,0,1,1,0,0,0,0,0,0,0,0,0.0,0.0,0.0,3473,1480,0.0002878526194588371,0.4260218767990789,0,0,1,1,0,1,1,0.5,1.0,1.0,0,0,2,0,0,1,6,2.584962500721156,0,0,0,0,1,1,1,1,9,28,0,0,0,1,1,0,0,0,0,0,0,0,16,43,2.833213344056216,3.784189633918261
02_ghtverification_cli,0,0,0,0,0,1,1,0,0,0,1,1,0,0,2,0.5,1.0,0.0013003901170351106,768,768,0.0013003901170351106,0.9986996098829649,0,0,1,1,0,1,1,0.5,0.3333333333333333,0.5,0,0,3,0,0,1,22,3.8230679822736597,0,0,0,0,1,0,0,0,82,28,0,0,0,1,1,0,0,0,0,0,0,0,10,50,2.3978952727983707,3.9318256327243257
02_git,0,0,0,0,0,3,0,3,0,0,1,3,0,0,4,0.25,1.0,0.019230769230769232,51,51,0.057692307692307696,0.9807692307692307,0,0,0,1,0,1,1,0.25,0.2,0.5,0,0,2,0,0,1,6,2.584962500721156,1,1,1,1,1,1,1,5,118,1908,0,0,0,3,1,0,0,0,0,0,1,1,13,119,2.6390573296152584,4.787491742782046
02_guess_the_hidden_number,0,0,0,0,0,2,1,0,1,0,1,1,0,0,2,0.3333333333333333,0.6666666666666666,0.0012091898428053204,826,819,0.0024183796856106408,0.9903264812575574,0,0,1,1,0,1,1,0.3333333333333333,0.3333333333333333,0.5,0,0,5,0,0,1,26,3.700439718141092,0,0,0,0,1,1,0,0,75,33,0,0,0,1,1,0,0,0,0,0,0,0,13,53,2.6390573296152584,3.9889840465642745
02_guest-verification_cli,0,0,0,0,0,1,1,0,0,0,2,2,0,0,4,1.0,2.0,0.002677376171352075,746,746,0.0013386880856760374,0.998661311914324,0,0,1,1,0,1,1,0.5,0.2,0.3333333333333333,0,0,4,1,0,1,25,4.003856189774724,0,0,0,0,1,0,0,0,0,28,1,0,0,1,1,0,0,0,0,0,0,0,11,52,2.4849066497880004,3.970291913552122
02_guest_verification_cli_hasan,0,0,0,0,0,2,2,0,1,0,1,1,0,0,2,0.3333333333333333,0.6666666666666666,0.0012953367875647669,771,771,0.0025906735751295338,0.9987046632124352,0,0,1,1,0,1,1,0.3333333333333333,0.3333333333333333,0.5,0,0,5,0,0,1,31,3.9621031651557947,0,0,0,0,1,1,0,0,86,28,0,0,0,1,1,0,0,0,0,0,0,0,23,73,3.1780538303479458,4.30406509320417
02_guests_verification_cli,0,0,0,0,0,1,1,0,0,0,1,1,0,0,2,0.5,1.0,0.0013003901170351106,768,768,0.0013003901170351106,0.9986996098829649,0,0,1,1,0,1,1,0.5,0.3333333333333333,0.5,0,0,4,0,0,1,26,3.9021748142117274,0,0,0,0,1,1,0,0,82,28,0,0,0,1,1,0,0,0,0,0,0,0,13,42,2.6390573296152584,3.7612001156935624
02_how-to-npm,0,0,0,0,0,3,1,0,2,0,1,0,0,0,1,0.25,0.25,0.00043649061545176777,2290,1549,0.0013094718463553033,0.6761239633347883,0,0,1,1,0,1,1,0.25,0.5,0.5,0,0,4,1,0,1,13,3.3927474104487847,0,0,0,0,1,1,1,1,24,39,0,0,0,1,1,0,0,0,0,0,0,0,15,77,2.772588722239781,4.356708826689592
02_if_guest_invitation_cli,0,0,0,0,0,1,1,0,0,0,1,1,0,0,2,0.5,1.0,0.0012987012987012987,769,769,0.0012987012987012987,0.9987012987012988,0,0,1,1,0,1,1,0.5,0.3333333333333333,0.5,0,0,5,0,0,1,26,3.686419411348773,0,0,0,0,1,1,0,0,82,28,0,0,0,1,1,0,0,0,0,0,0,0,9,44,2.302585092994046,3.8066624897703196
02_imooc-test-lib,0,0,0,0,0,2,1,1,0,0,0,0,0,0,0,0.0,0.0,0.0,986,986,0.002026342451874367,0.9989868287740629,0,0,1,1,0,1,1,0.3333333333333333,1.0,1.0,0,0,4,1,0,1,17,3.6168746059562227,0,0,0,0,1,0,0,0,0,28,1,0,0,1,1,0,0,0,0,0,0,0,12,62,2.5649493574615367,4.143134726391533
02_learn-cli-cqtext,0,0,0,0,0,1,1,2,0,0,4,0,0,0,4,2.0,2.0,0.002824858757062147,1415,1415,0.0007062146892655367,0.9992937853107344,0,0,1,1,0,1,1,0.5,0.2,0.2,0,0,4,1,0,1,19,3.7216117239699007,0,0,0,0,1,1,1,3,0,28,1,0,0,1,1,0,0,0,0,0,0,0,12,49,2.5649493574615367,3.912023005428146
02_learn_cli,0,0,0,0,0,1,1,0,2,0,3,0,0,0,3,1.5,1.5,0.0015739769150052466,1905,1549,0.0005246589716684155,0.8126967471143757,0,0,1,1,0,1,1,0.5,0.25,0.25,0,0,3,0,0,1,12,3.2516291673878226,0,0,0,0,1,0,0,0,25,297,0,0,0,1,1,0,0,0,0,0,0,0,10,50,2.3978952727983707,3.9318256327243257
02_linlin,0,0,0,0,0,2,1,0,1,0,2,0,0,0,2,0.6666666666666666,0.6666666666666666,0.0011933174224343676,1675,1549,0.0011933174224343676,0.9242243436754176,0,0,1,1,0,1,1,0.3333333333333333,0.3333333333333333,0.3333333333333333,0,0,2,0,0,1,9,2.5032583347756456,0,0,0,0,1,0,0,0,0,28,1,0,0,1,1,0,0,0,0,0,0,0,12,54,2.5649493574615367,4.007333185232471
02_my_cli,0,0,0,0,0,1,1,0,1,0,3,0,0,0,3,1.5,1.5,0.0025210084033613447,1189,1189,0.0008403361344537816,0.9991596638655462,0,0,1,1,0,1,1,0.5,0.25,0.25,0,0,3,0,0,1,9,2.94770277922009,0,0,0,0,1,0,0,0,9,123,0,0,0,1,1,0,0,0,0,0,0,0,14,36,2.70805020110221,3.6109179126442243
02_my_utils,0,0,0,0,0,1,0,0,1,0,0,0,0,0,0,0.0,0.0,0.0,1460,1460,0.0006844626967830253,0.999315537303217,0,0,1,1,0,1,1,0.5,1.0,1.0,0,0,3,0,0,1,11,3.277613436819116,0,0,0,0,1,1,0,0,17,28,0,0,0,1,1,0,0,0,0,0,0,0,9,42,2.302585092994046,3.7612001156935624
02_myhello,0,0,0,0,0,1,1,0,0,0,0,0,0,0,0,0.0,0.0,0.0,1114,1114,0.0008968609865470852,0.9991031390134529,0,0,1,1,0,1,1,0.5,1.0,1.0,0,0,2,0,0,1,10,3.121928094887362,0,0,0,0,1,1,0,0,5,28,0,0,0,1,1,0,0,0,0,0,0,0,13,53,2.6390573296152584,3.9889840465642745
02_nodejs,0,0,0,0,0,2,1,0,1,0,2,1,0,0,3,0.6666666666666666,1.0,0.0009510223490252021,2102,1549,0.0009510223490252021,0.7365668093200191,0,0,1,1,0,1,1,0.3333333333333333,0.25,0.3333333333333333,0,0,2,0,0,1,9,3.169925001442312,1,1,1,1,1,1,1,2,8,56,0,0,0,1,1,0,0,0,0,0,0,0,8,53,2.1972245773362196,3.9889840465642745
02_npm_demo2,0,0,0,0,0,1,1,0,0,0,0,0,0,0,0,0.0,0.0,0.0,1142,1142,0.0008748906386701663,0.9991251093613298,0,0,1,1,0,1,1,0.5,1.0,1.0,0,0,3,0,0,1,12,3.0849625007211556,0,0,0,0,1,0,0,0,0,28,1,0,0,1,1,0,0,0,0,0,0,0,9,42,2.302585092994046,3.7612001156935624
02_npm_repo_self,0,0,0,0,0,1,1,0,0,0,0,0,0,0,0,0.0,0.0,0.0,910,910,0.0010976948408342481,0.9989023051591658,0,0,1,1,0,1,1,0.5,1.0,1.0,0,0,4,0,0,1,16,3.452819531114783,0,0,0,0,1,0,0,0,9,28,0,0,0,1,1,0,0,0,0,0,0,0,11,46,2.4849066497880004,3.8501476017100584
02_project-number-guessing-game,0,0,0,0,0,1,1,0,0,0,2,1,0,0,3,1.0,1.5,0.002403846153846154,831,831,0.001201923076923077,0.9987980769230769,0,0,1,1,0,1,1,0.5,0.25,0.3333333333333333,0,0,5,1,0,1,31,4.0667842134731025,0,0,0,0,1,0,0,0,0,28,1,0,0,1,1,0,0,0,0,0,0,0,11,48,2.4849066497880004,3.8918202981106265
02_rameez_guest_verification_cli_project,0,0,0,0,0,1,1,0,2,0,1,1,0,0,2,0.5,1.0,0.0012987012987012987,769,769,0.0012987012987012987,0.9987012987012988,0,0,1,1,0,1,1,0.5,0.3333333333333333,0.5,0,0,6,0,0,1,40,4.084829508503261,0,0,0,0,1,1,0,0,74,28,0,0,0,1,1,0,0,0,0,0,0,0,9,36,2.302585092994046,3.6109179126442243
02_sahill_guests_verification_cli,0,0,0,0,0,1,1,0,0,0,1,1,0,0,2,0.5,1.0,0.001314060446780552,760,760,0.001314060446780552,0.9986859395532195,0,0,1,1,0,1,1,0.5,0.3333333333333333,0.5,0,0,5,0,0,1,33,3.919563347274704,0,0,0,0,1,1,0,0,82,28,0,0,0,1,1,0,0,0,0,0,0,0,9,50,2.302585092994046,3.9318256327243257
02_testpackage,0,0,0,0,0,1,1,0,0,0,1,0,0,0,1,0.5,0.5,0.0007961783439490446,1255,1255,0.0007961783439490446,0.9992038216560509,0,0,1,1,0,1,1,0.5,0.5,0.5,0,0,2,0,0,1,14,3.378783493486176,0,0,0,0,1,0,0,0,0,28,1,0,0,1,1,0,0,0,0,0,0,0,12,43,2.5649493574615367,3.784189633918261
02_utils,0,0,0,0,0,1,1,0,0,0,0,0,0,0,0,0.0,0.0,0.0,486,486,0.002053388090349076,0.997946611909651,0,0,0,1,0,1,1,0.5,1.0,1.0,0,0,2,0,0,1,8,3.0,0,0,0,0,1,0,0,0,0,28,1,0,0,1,1,0,0,0,0,0,0,0,12,48,2.5649493574615367,3.8918202981106265
02_woori-component,0,0,0,0,0,6,0,0,7,0,2,13,0,2,17,0.2857142857142857,2.4285714285714284,0.011834319526627219,168,168,0.03550295857988166,0.9940828402366864,0,0,0,1,0,1,1,0.14285714285714285,0.05555555555555555,0.3333333333333333,0,0,3,1,0,1,18,3.6143694458867563,0,0,0,0,0,0,0,0,25,480,0,0,0,5,1,0,0,0,0,0,1,1,15,120,2.772588722239781,4.795790545596741
02_xiaobai_utils,0,0,0,0,0,2,1,1,0,0,0,0,0,0,0,0.0,0.0,0.0,1359,1358,0.0014705882352941176,0.9985294117647059,0,0,1,1,0,1,1,0.3333333333333333,1.0,1.0,0,0,3,0,0,1,16,3.452819531114783,0,0,0,0,1,0,0,0,0,28,1,0,0,1,1,0,0,0,0,0,0,0,15,74,2.772588722239781,4.31748811353631
02calc-utils,0,0,0,0,0,1,1,0,0,0,0,0,0,0,0,0.0,0.0,0.0,2550,1549,0.0003920031360250882,0.6072128577028616,0,0,1,1,0,1,1,0.5,1.0,1.0,0,0,2,1,0,1,12,3.2516291673878226,0,0,0,0,1,1,1,3,28,28,0,0,0,1,1,0,0,0,0,0,0,0,15,56,2.772588722239781,4.04305126783455
02cli-number-guessing-game-by-afsheen-khanum,0,0,0,0,0,1,1,0,0,0,1,1,0,0,2,0.5,1.0,0.0012224938875305623,817,817,0.0012224938875305623,0.9987775061124694,0,0,1,1,0,1,1,0.5,0.3333333333333333,0.5,0,0,7,1,0,1,44,3.984571323419546,0,0,0,0,1,1,0,0,41,73,0,0,0,1,1,0,0,0,0,0,0,0,13,51,2.6390573296152584,3.9512437185814275
02cli-quiz-game-umer,0,0,0,0,0,1,1,0,0,0,1,1,0,0,2,0.5,1.0,0.0013605442176870747,734,734,0.0013605442176870747,0.998639455782313,0,0,1,1,0,1,1,0.5,0.3333333333333333,0.5,0,0,4,1,0,1,20,3.6841837197791887,0,0,0,0,1,0,0,0,85,28,0,0,0,1,1,0,0,0,0,0,0,0,10,39,2.3978952727983707,3.6888794541139363
02code-npm,0,0,0,0,0,1,1,0,0,0,2,0,0,0,2,1.0,1.0,0.0014992503748125937,1333,1333,0.0007496251874062968,0.9992503748125937,0,0,1,1,0,1,1,0.5,0.3333333333333333,0.3333333333333333,0,0,2,1,0,1,10,3.321928094887362,0,0,0,0,1,0,0,0,0,28,1,0,0,1,1,0,0,0,0,0,0,0,11,42,2.4849066497880004,3.7612001156935624
02custom-saymyname,0,0,0,0,0,1,1,0,0,0,0,0,0,0,0,0.0,0.0,0.0,760,760,0.001314060446780552,0.9986859395532195,0,0,1,1,0,1,1,0.5,1.0,1.0,0,0,2,1,0,1,18,3.572431251322119,0,0,0,0,1,0,0,0,0,28,1,0,0,1,1,0,0,0,0,0,0,0,9,31,2.302585092994046,3.4657359027997265
02daxie,0,0,0,0,0,1,1,0,0,0,0,0,0,0,0,0.0,0.0,0.0,1870,1549,0.0005344735435595938,0.8278995189738108,0,0,1,1,0,1,1,0.5,1.0,1.0,0,0,1,0,0,1,7,2.807354922057604,0,0,0,0,1,0,0,0,0,28,1,0,0,1,1,0,0,0,0,0,0,0,12,47,2.5649493574615367,3.871201010907891
02day,0,0,0,0,0,1,1,0,0,0,0,0,0,0,0,0.0,0.0,0.0,3373,1480,0.0002963841138114997,0.43864848844101956,0,0,1,1,0,1,1,0.5,1.0,1.0,0,0,1,0,0,1,5,2.321928094887362,0,0,0,0,1,0,1,2,180,186,0,0,0,1,1,0,0,0,0,0,0,0,13,55,2.6390573296152584,4.02535169073515
02day1rikaojiangpeng,0,0,0,0,0,2,1,0,1,0,1,0,0,0,1,0.3333333333333333,0.3333333333333333,0.00046490004649000463,2150,1549,0.0009298000929800093,0.7201301720130172,0,0,1,1,0,1,1,0.3333333333333333,0.5,0.5,0,0,1,0,0,1,20,3.7841837197791888,0,0,0,0,1,0,0,0,0,28,1,0,0,1,1,0,0,0,0,0,0,0,13,61,2.6390573296152584,4.127134385045092
02dongfan,0,0,0,0,0,3,1,0,2,0,0,4,0,0,4,0.0,1.0,0.0,1272,1272,0.002356637863315004,0.9992144540455616,0,0,1,1,0,1,1,0.25,0.2,1.0,0,0,1,0,0,1,9,2.9477027792200903,0,0,0,0,1,0,0,0,0,28,1,0,0,1,1,0,0,0,0,0,0,0,16,74,2.833213344056216,4.31748811353631
02feh6,0,0,0,0,0,1,2,1,7,0,0,0,0,0,0,0.0,0.0,0.0,1151,1151,0.0008680555555555555,0.9991319444444444,0,0,1,1,0,1,1,0.5,1.0,1.0,0,0,1,0,0,1,6,2.584962500721156,0,0,0,0,1,1,0,0,6,574,0,0,0,1,1,0,0,0,0,0,0,0,8,38,2.1972245773362196,3.6635616461296463
02gass,0,0,0,0,0,1,1,1,4,0,3,9,0,0,12,1.5,6.0,0.003605769230769231,831,831,0.001201923076923077,0.9987980769230769,0,0,1,1,0,1,1,0.5,0.07692307692307693,0.25,0,0,1,0,0,1,6,2.2516291673878226,1,1,1,1,1,0,0,0,159,1383,0,0,0,4,1,0,0,0,0,0,0,0,11,53,2.4849066497880004,3.9889840465642745
02hyeok,0,0,0,0,0,1,1,0,0,0,0,1,0,0,1,0.0,0.5,0.0,1910,1549,0.0005232862375719519,0.8105703819989535,0,0,1,1,0,1,1,0.5,0.5,1.0,0,0,1,0,0,1,7,2.807354922057604,1,1,1,1,1,0,0,0,0,28,1,0,0,1,1,0,0,0,0,0,0,0,6,40,1.9459101490553132,3.713572066704308
02iasl,0,0,0,0,0,1,1,3,1,0,0,0,0,0,0,0.0,0.0,0.0,1151,1151,0.0008680555555555555,0.9991319444444444,0,0,1,1,0,1,1,0.5,1.0,1.0,0,0,1,0,0,1,6,2.584962500721156,0,0,0,0,1,1,0,0,6,752,0,0,0,1,1,0,0,0,0,0,0,0,9,40,2.302585092994046,3.713572066704308
02jiangpengdebao,0,0,0,0,0,1,1,0,0,0,0,0,0,0,0,0.0,0.0,0.0,2150,1549,0.00046490004649000463,0.7201301720130172,0,0,1,1,0,1,1,0.5,1.0,1.0,0,0,1,0,0,1,16,3.5,0,0,0,0,1,0,0,0,0,28,1,0,0,1,1,0,0,0,0,0,0,0,12,49,2.5649493574615367,3.912023005428146
02kg3brec27gj2ny,0,0,0,0,0,1,1,0,0,0,3,0,0,0,3,1.5,1.5,0.003663003663003663,818,818,0.001221001221001221,0.9987789987789988,0,0,1,1,0,1,1,0.5,0.25,0.25,0,0,1,0,0,1,16,3.577819531114783,0,0,0,0,1,1,1,2,10,28,0,0,0,1,1,0,0,0,0,0,0,0,9,38,2.302585092994046,3.6635616461296463
02moduletest,0,0,0,0,0,2,1,0,1,0,2,0,0,0,2,0.6666666666666666,0.6666666666666666,0.0006303183107469272,3172,1480,0.0006303183107469272,0.4664355499527261,0,0,1,1,0,1,1,0.3333333333333333,0.3333333333333333,0.3333333333333333,0,0,1,0,0,1,12,3.251629167387823,0,0,0,0,1,0,0,0,0,28,1,0,0,1,1,0,0,0,0,0,0,0,6,37,1.9459101490553132,3.6375861597263857
02moduletest2406,0,0,0,0,0,6,1,0,4,0,0,0,0,0,0,0.0,0.0,0.0,3172,1480,0.0018909549322407816,0.4664355499527261,0,0,1,1,0,1,1,0.14285714285714285,1.0,1.0,0,0,1,0,0,1,16,3.5,0,0,0,0,1,1,0,0,16,28,0,0,0,1,1,0,0,0,0,0,0,0,13,82,2.6390573296152584,4.418840607796598
02mynpmpackage,0,0,0,0,0,1,1,0,0,0,0,0,0,0,0,0.0,0.0,0.0,1870,1549,0.0005344735435595938,0.8278995189738108,0,0,1,1,0,1,1,0.5,1.0,1.0,0,0,1,0,0,1,14,3.3787834934861767,0,0,0,0,1,0,0,0,0,15,1,0,0,1,1,0,0,0,0,0,0,0,15,50,2.772588722239781,3.9318256327243257
02node,0,0,0,0,0,1,1,0,0,0,0,0,0,0,0,0.0,0.0,0.0,2375,1549,0.00042087542087542086,0.6519360269360269,0,0,1,1,0,1,1,0.5,1.0,1.0,0,0,1,0,0,1,6,2.584962500721156,0,0,0,0,1,0,0,0,0,28,1,0,0,1,1,0,0,0,0,0,0,0,12,55,2.5649493574615367,4.02535169073515
02nodetest,0,0,0,0,0,1,1,0,0,0,0,0,0,0,0,0.0,0.0,0.0,2200,1549,0.00045433893684688776,0.7037710131758291,0,0,1,1,0,1,1,0.5,1.0,1.0,0,0,1,0,0,1,10,2.9219280948873623,0,0,0,0,1,0,0,0,0,28,1,0,0,1,1,0,0,0,0,0,0,0,14,48,2.70805020110221,3.8918202981106265
02npmconversion,0,0,0,0,0,1,1,0,0,0,0,0,0,0,0,0.0,0.0,0.0,1871,1549,0.0005341880341880342,0.8274572649572649,0,0,1,1,0,1,1,0.5,1.0,1.0,0,0,1,0,0,1,15,3.4565647621309536,0,0,0,0,1,0,0,0,0,28,1,0,0,1,1,0,0,0,0,0,0,0,16,56,2.833213344056216,4.04305126783455
02npmpublish,0,0,0,0,0,3,1,1,2,0,1,0,0,0,1,0.25,0.25,0.0005467468562055768,1828,1549,0.0016402405686167304,0.8469108802624384,0,0,1,1,0,1,1,0.25,0.5,0.5,0,0,1,0,0,1,12,3.418295834054489,0,0,0,0,1,1,0,0,25,28,0,0,0,1,1,0,0,0,0,0,0,0,21,73,3.091042453358316,4.30406509320417
02npmxiaol,0,0,0,0,0,1,1,1,0,0,0,0,0,0,0,0.0,0.0,0.0,1870,1549,0.0005344735435595938,0.8278995189738108,0,0,1,1,0,1,1,0.5,1.0,1.0,0,0,1,0,0,1,10,3.321928094887362,0,0,0,0,1,0,0,0,0,15,1,0,0,1,1,0,0,0,0,0,0,0,12,51,2.5649493574615367,3.9512437185814275
02npmxiaoli,0,0,0,0,0,2,1,1,0,0,0,0,0,0,0,0.0,0.0,0.0,1870,1549,0.0010689470871191875,0.8278995189738108,0,0,1,1,0,1,1,0.3333333333333333,1.0,1.0,0,0,1,0,0,1,11,3.277613436819116,0,0,0,0,1,0,0,0,0,15,1,0,0,1,1,0,0,0,0,0,0,0,17,79,2.8903717578961645,4.382026634673881
02npmxiaor,0,0,0,0,0,1,1,1,0,0,0,0,0,0,0,0.0,0.0,0.0,1870,1549,0.0005344735435595938,0.8278995189738108,0,0,1,1,0,1,1,0.5,1.0,1.0,0,0,1,0,0,1,10,3.321928094887362,0,0,0,0,1,0,0,0,0,15,1,0,0,1,1,0,0,0,0,0,0,0,12,53,2.5649493574615367,3.9889840465642745
02npmzywb,0,0,0,0,0,1,1,0,0,0,0,0,0,0,0,0.0,0.0,0.0,1871,1549,0.0005341880341880342,0.8274572649572649,0,0,1,1,0,1,1,0.5,1.0,1.0,0,0,1,0,0,1,9,3.169925001442312,0,0,0,0,1,0,0,0,0,28,1,0,0,1,1,0,0,0,0,0,0,0,12,42,2.5649493574615367,3.7612001156935624
02pratik,0,0,0,0,0,1,1,0,0,0,0,0,0,0,0,0.0,0.0,0.0,2421,1549,0.00041288191577208916,0.6395540875309661,0,0,1,1,0,1,1,0.5,1.0,1.0,0,0,1,0,0,1,8,3.0,0,0,0,0,1,0,0,0,34,28,0,0,0,1,1,0,0,0,0,0,0,0,9,32,2.302585092994046,3.4965075614664802
02project,0,0,0,0,0,1,0,0,0,0,2,10,0,0,12,1.0,6.0,0.003883495145631068,514,514,0.001941747572815534,0.9980582524271845,0,0,0,1,0,1,1,0.5,0.07692307692307693,0.3333333333333333,0,0,1,0,0,1,9,3.169925001442312,0,0,0,0,1,0,0,0,99,451,0,0,0,4,1,0,0,0,0,0,0,0,13,45,2.6390573296152584,3.828641396489095
02rjq8i863,0,0,0,0,0,1,1,1,0,0,7,9,0,0,16,3.5,8.0,0.008547008547008548,818,818,0.001221001221001221,0.9987789987789988,0,0,1,1,0,1,1,0.5,0.058823529411764705,0.125,0,0,1,0,0,1,10,3.121928094887362,0,0,0,0,0,0,0,0,159,1419,0,0,0,4,1,0,0,0,0,0,0,0,12,55,2.5649493574615367,4.02535169073515
02s2o_project07_adventure_game,0,0,0,0,0,1,1,0,0,0,1,2,0,0,3,0.5,1.5,0.0012836970474967907,778,778,0.0012836970474967907,0.9987163029525032,0,0,1,1,0,1,1,0.5,0.25,0.5,0,0,4,0,0,1,30,4.081727678869735,0,0,0,0,1,0,0,0,0,28,1,0,0,1,1,0,0,0,0,0,0,0,9,36,2.302585092994046,3.6109179126442243
02strich-markdown,0,0,0,0,0,3,1,0,2,0,27,48,0,4,79,6.75,19.75,0.022518765638031693,1198,1183,0.0025020850708924102,0.9866555462885738,0,0,1,1,0,1,1,0.25,0.0125,0.03571428571428571,0,0,2,1,0,1,17,3.969815782426811,1,1,1,1,1,1,0,0,36,3849,0,0,0,13,1,0,0,0,1,0,1,1,82,283,4.418840607796598,5.648974238161206
02strich-spectral-aws-apigateway-ruleset,0,0,0,0,0,2,1,7,4,0,3,8,0,0,11,1.0,3.6666666666666665,0.00247320692497939,1212,1212,0.0016488046166529267,0.9991755976916735,0,0,1,1,0,1,1,0.3333333333333333,0.08333333333333333,0.25,0,0,5,1,0,1,40,3.8628148954723547,1,1,1,1,1,1,1,4,65,2361,0,0,0,4,1,0,0,0,0,0,0,0,13,69,2.6390573296152584,4.248495242049359
02text,0,0,0,0,0,1,1,0,0,0,0,0,0,0,0,0.0,0.0,0.0,2751,1549,0.0003633720930232558,0.5628633720930233,0,0,1,1,0,1,1,0.5,1.0,1.0,0,0,1,0,0,1,6,2.2516291673878226,0,0,0,0,1,0,0,0,0,28,1,0,0,1,1,0,0,0,0,0,0,0,14,43,2.70805020110221,3.784189633918261
02url-querystring-http,0,0,0,0,0,5,1,0,4,0,3,0,0,0,3,0.5,0.5,0.0009523809523809524,3149,1549,0.0015873015873015873,0.49174603174603176,0,0,1,1,0,1,1,0.16666666666666666,0.25,0.25,0,0,3,1,0,1,22,3.845350936622436,0,0,0,0,1,0,0,0,0,28,1,0,0,1,1,0,0,0,0,0,0,0,14,80,2.70805020110221,4.394449154672439
02vue_toast_demo,0,0,0,0,0,5,1,0,4,0,10,0,0,0,10,1.6666666666666667,1.6666666666666667,0.003182686187141948,3141,1549,0.001591343093570974,0.49299809038828774,0,0,1,1,0,1,1,0.16666666666666666,0.09090909090909091,0.09090909090909091,0,0,3,0,0,1,16,3.5,0,0,0,0,1,1,1,1,20,62,0,0,0,1,1,0,0,0,0,0,0,0,23,119,3.1780538303479458,4.787491742782046
02vx8qsp01,0,0,0,0,0,1,2,1,0,0,7,9,0,0,16,3.5,8.0,0.008838383838383838,791,791,0.0012626262626262627,0.9987373737373737,0,0,1,1,0,1,1,0.5,0.058823529411764705,0.125,0,0,1,0,0,1,10,3.1219280948873624,0,0,0,0,0,0,0,0,159,1419,0,0,0,4,1,0,0,0,0,0,0,0,10,63,2.3978952727983707,4.1588830833596715
02wapcalc,0,0,0,0,0,1,1,0,1,0,0,0,0,0,0,0.0,0.0,0.0,3188,1480,0.00031357792411414236,0.4640953276889307,0,0,1,1,0,1,1,0.5,1.0,1.0,0,0,1,0,0,1,9,2.725480556997868,0,0,0,0,1,1,1,2,14,267,0,0,0,1,1,0,0,0,0,0,0,0,13,54,2.6390573296152584,4.007333185232471
02why_utils,0,0,0,0,0,2,1,0,2,0,1,0,0,0,1,0.3333333333333333,0.3333333333333333,0.0008183306055646482,1221,1221,0.0016366612111292963,0.9991816693944353,0,0,1,1,0,1,1,0.3333333333333333,0.5,0.5,0,0,2,0,0,1,11,3.459431618637298,0,0,0,0,1,1,1,1,4,28,0,0,0,0,0,0,0,0,0,0,0,0,11,60,2.4849066497880004,4.110873864173311
02wzdbcala,0,0,0,0,0,2,1,0,1,0,0,0,0,0,0,0.0,0.0,0.0,2914,1549,0.0006861063464837049,0.5313893653516295,0,0,1,1,0,1,1,0.3333333333333333,1.0,1.0,0,0,1,0,0,1,10,3.121928094887362,0,0,0,0,1,0,1,4,8,28,0,0,0,1,1,0,0,0,0,0,0,0,10,46,2.3978952727983707,3.8501476017100584
02y9dg4qm3,0,0,0,0,0,1,1,0,0,0,2,0,0,0,2,1.0,1.0,0.00477326968973747,418,418,0.002386634844868735,0.9976133651551312,0,0,0,1,0,1,1,0.5,0.3333333333333333,0.3333333333333333,0,0,1,0,0,1,10,3.321928094887362,1,1,1,1,1,0,0,0,34,28,0,0,0,1,1,0,0,0,0,0,0,0,9,43,2.302585092994046,3.784189633918261
02zr8y,0,0,0,0,0,1,3,1,2,0,0,0,0,0,0,0.0,0.0,0.0,1153,1153,0.0008665511265164644,0.9991334488734835,0,0,1,1,0,1,1,0.5,1.0,1.0,0,0,1,0,0,1,6,2.584962500721156,0,0,0,0,1,1,0,0,6,603,0,0,0,1,1,0,0,0,0,0,0,0,10,32,2.3978952727983707,3.4965075614664802
02zy2,0,0,0,0,0,1,1,0,0,0,0,0,0,0,0,0.0,0.0,0.0,1870,1549,0.0005344735435595938,0.8278995189738108,0,0,1,1,0,1,1,0.5,1.0,1.0,0,0,1,0,0,1,5,1.9219280948873623,0,0,0,0,1,0,0,0,0,9,1,0,0,1,1,0,0,0,0,0,0,0,12,38,2.5649493574615367,3.6635616461296463
03,0,0,0,0,0,3,1,0,3,0,0,0,0,0,0,0.0,0.0,0.0,3762,1480,0.0007972362476747276,0.3933032155195323,0,0,1,1,0,1,1,0.25,1.0,1.0,0,0,1,0,0,1,2,1.0,0,0,0,0,1,0,0,0,0,28,1,1,0,1,1,0,0,0,0,0,0,0,12,55,2.5649493574615367,4.02535169073515
03---use-smiley,0,0,0,0,0,1,1,0,0,0,1,0,0,0,1,0.5,0.5,0.0007052186177715092,1417,1417,0.0007052186177715092,0.9992947813822285,0,0,1,1,0,1,1,0.5,0.5,0.5,0,0,5,1,0,1,15,3.106890595608519,0,0,0,0,1,0,0,0,0,28,1,0,0,1,1,0,0,0,0,0,0,0,10,45,2.3978952727983707,3.828641396489095
03--lib-val-1704,0,0,0,0,0,2,1,1,0,0,0,0,0,0,0,0.0,0.0,0.0,1030,1030,0.0019398642095053346,0.9990300678952473,0,0,1,1,0,1,1,0.3333333333333333,1.0,1.0,0,0,5,1,0,1,16,3.25,0,0,0,0,1,0,0,0,0,28,1,0,0,1,1,0,0,0,0,0,0,0,14,52,2.70805020110221,3.970291913552122
03--password-generator-by-dana,0,0,0,0,0,2,1,1,0,0,0,0,0,0,0,0.0,0.0,0.0,1290,1290,0.001549186676994578,0.9992254066615027,0,0,1,1,0,1,1,0.3333333333333333,1.0,1.0,0,0,6,1,0,1,30,3.7614063297218427,0,0,0,0,1,1,1,3,24,139,0,0,0,1,1,0,0,0,0,0,0,0,18,65,2.9444389791664403,4.189654742026425
03-01,0,0,0,0,0,1,1,0,0,0,0,0,0,0,0,0.0,0.0,0.0,2424,1549,0.0004123711340206186,0.6387628865979381,0,0,1,1,0,1,1,0.5,1.0,1.0,0,0,2,1,0,1,5,1.9219280948873623,0,0,0,0,1,0,0,0,0,28,1,0,0,1,1,0,0,0,0,0,0,0,13,39,2.6390573296152584,3.6888794541139363
03-08,0,0,0,0,0,1,1,0,0,0,2,1,0,0,3,1.0,1.5,0.002797202797202797,714,714,0.0013986013986013986,0.9986013986013986,0,0,0,1,0,1,1,0.5,0.25,0.3333333333333333,0,0,2,1,0,1,5,1.9219280948873623,0,0,0,0,1,0,0,0,0,28,1,0,0,1,1,0,0,0,0,0,0,0,12,48,2.5649493574615367,3.8918202981106265
03-08-2025-02,0,0,0,0,0,1,1,0,0,0,1,0,0,0,1,0.5,0.5,0.0029940119760479044,333,333,0.0029940119760479044,0.9970059880239521,0,0,0,1,0,1,1,0.5,0.5,0.5,0,0,4,1,0,1,13,2.353533948577482,0,0,0,0,1,0,0,0,0,28,1,0,0,1,1,0,0,0,0,0,0,0,9,47,2.302585092994046,3.871201010907891
03-09import1601l,0,0,0,0,0,1,1,0,0,0,0,0,0,0,0,0.0,0.0,0.0,3036,1549,0.00032927230819888045,0.5100428054000659,0,0,1,1,0,1,1,0.5,1.0,1.0,0,0,2,1,0,1,16,3.577819531114783,0,0,0,0,1,1,1,1,5,28,0,0,0,1,1,0,0,0,0,0,0,0,13,52,2.6390573296152584,3.970291913552122
03-24,0,0,0,0,0,1,1,0,0,0,0,0,0,0,0,0.0,0.0,0.0,3387,1480,0.00029515938606847696,0.43683589138134593,0,0,1,1,0,1,1,0.5,1.0,1.0,0,0,2,1,0,1,5,2.321928094887362,0,0,0,0,1,0,0,0,0,28,1,0,0,1,1,0,0,0,0,0,0,0,12,43,2.5649493574615367,3.784189633918261
03-31,0,0,0,0,0,1,1,0,0,0,0,0,0,0,0,0.0,0.0,0.0,1554,1554,0.0006430868167202572,0.9993569131832798,0,0,1,1,0,1,1,0.5,1.0,1.0,0,0,2,1,0,1,5,1.9219280948873623,0,0,0,0,1,1,0,0,9,28,0,0,0,1,1,0,0,0,0,0,0,0,13,43,2.6390573296152584,3.784189633918261
03-a2li-quiz-cli,0,0,0,0,0,1,1,0,0,0,1,1,0,0,2,0.5,1.0,0.0013089005235602095,763,763,0.0013089005235602095,0.9986910994764397,0,0,1,1,0,1,1,0.5,0.3333333333333333,0.5,0,0,4,1,0,1,16,3.2806390622295662,0,0,0,0,1,1,0,0,92,28,0,0,0,1,1,0,0,0,0,0,0,0,14,50,2.70805020110221,3.9318256327243257
03-ahao062,0,0,0,0,0,2,1,0,1,0,1,0,0,0,1,0.3333333333333333,0.3333333333333333,0.0006261740763932373,1596,1549,0.0012523481527864746,0.9699436443331246,0,0,1,1,0,1,1,0.3333333333333333,0.5,0.5,0,0,2,1,0,1,10,2.9219280948873623,0,0,0,0,1,0,0,0,0,28,1,0,0,1,1,0,0,0,0,0,0,0,13,55,2.6390573296152584,4.02535169073515
03-am-quiz-project-3,0,0,0,0,0,1,1,0,0,0,1,1,0,0,2,0.5,1.0,0.0013054830287206266,765,765,0.0013054830287206266,0.9986945169712794,0,0,1,1,0,1,1,0.5,0.3333333333333333,0.5,0,0,5,1,0,1,20,3.821928094887362,0,0,0,0,1,1,0,0,87,28,0,0,0,1,1,0,0,0,0,0,0,0,11,47,2.4849066497880004,3.871201010907891
03-api-solid,0,0,0,0,0,4,1,1,2,0,9,13,0,0,22,1.8,4.4,0.020316027088036117,442,442,0.009029345372460496,0.9977426636568849,0,0,0,1,0,1,1,0.2,0.043478260869565216,0.1,0,0,3,1,0,1,12,3.2516291673878226,0,0,0,0,1,0,0,0,18,1401,0,0,0,19,1,0,0,0,0,0,0,0,20,132,3.044522437723423,4.890349128221754
03-apples,0,0,0,0,0,1,1,0,0,0,1,0,0,0,1,0.5,0.5,0.0009551098376313276,1046,1046,0.0009551098376313276,0.9990448901623686,0,0,1,1,0,1,1,0.5,0.5,0.5,0,0,2,1,0,1,9,2.94770277922009,0,0,0,0,1,0,0,0,0,28,1,0,0,1,1,0,0,0,0,0,0,0,13,45,2.6390573296152584,3.828641396489095
03-as-quiz-cli-project,0,0,0,0,0,1,1,0,0,0,1,1,0,0,2,0.5,1.0,0.001314060446780552,760,760,0.001314060446780552,0.9986859395532195,0,0,1,1,0,1,1,0.5,0.3333333333333333,0.5,0,0,5,1,0,1,22,3.9139770731827506,0,0,0,0,1,1,0,0,90,28,0,0,0,1,1,0,0,0,0,0,0,0,13,53,2.6390573296152584,3.9889840465642745
03-asenkronsdasdsadavehttprequest,0,0,0,0,0,1,1,0,0,0,4,0,0,0,4,2.0,2.0,0.001991040318566451,2008,1549,0.0004977600796416127,0.7710303633648581,0,0,1,1,0,1,1,0.5,0.2,0.2,0,0,2,1,0,1,33,3.7983512260625827,0,0,0,0,1,0,0,0,0,28,1,0,0,2,1,0,0,0,0,0,0,0,10,35,2.3978952727983707,3.58351893845611
03-atm,0,0,0,0,0,2,1,1,0,0,4,4,0,0,8,1.3333333333333333,2.6666666666666665,0.0038797284190106693,1030,1029,0.0019398642095053346,0.9980601357904947,0,0,1,1,0,1,1,0.3333333333333333,0.1111111111111111,0.2,0,0,2,1,0,1,6,2.584962500721156,0,0,0,0,1,0,0,0,0,28,1,0,0,1,1,0,0,0,0,0,0,0,18,79,2.9444389791664403,4.382026634673881
03-atm-project,0,0,0,0,0,1,1,0,0,0,4,5,0,0,9,2.0,4.5,0.004629629629629629,863,863,0.0011574074074074073,0.9988425925925926,0,0,1,1,0,1,1,0.5,0.1,0.2,0,0,3,1,0,1,14,3.521640636343319,0,0,0,0,1,0,0,0,74,398,0,0,0,1,1,0,0,0,0,0,0,0,22,64,3.1354942159291497,4.174387269895637
03-batch-payments-local,0,0,0,0,0,1,1,0,0,0,2,0,0,0,2,1.0,1.0,0.3333333333333333,5,5,0.16666666666666666,0.8333333333333334,1,1,0,1,0,1,1,0.5,0.3333333333333333,0.3333333333333333,0,0,4,1,0,1,23,3.849223912390625,0,0,0,0,1,0,0,0,0,28,1,0,0,1,1,0,0,0,0,0,0,0,120,120,4.795790545596741,4.795790545596741
03-bytetype,0,0,0,0,0,2,1,1,0,0,0,0,0,0,0,0.0,0.0,0.0,1129,1129,0.0017699115044247787,0.9991150442477876,0,0,1,1,0,1,1,0.3333333333333333,1.0,1.0,0,0,2,1,0,1,11,2.9139770731827523,0,0,0,0,1,0,0,0,0,28,1,0,0,1,1,0,0,0,0,0,0,0,13,71,2.6390573296152584,4.276666119016055
03-cccustom,0,0,0,0,0,1,1,0,0,0,1,0,0,0,1,0.5,0.5,0.0005055611729019212,1977,1549,0.0005055611729019212,0.7831142568250758,0,0,1,1,0,1,1,0.5,0.5,0.5,0,0,2,1,0,1,11,3.027169118440619,0,0,0,0,1,0,0,0,0,28,1,0,0,1,1,0,0,0,0,0,0,0,18,65,2.9444389791664403,4.189654742026425
03-code-zwl,0,0,0,0,0,2,1,0,1,0,1,1,0,0,2,0.3333333333333333,0.6666666666666666,0.0005963029218843172,1676,1549,0.0011926058437686344,0.9236732259988074,0,0,1,1,0,1,1,0.3333333333333333,0.3333333333333333,0.5,0,0,3,1,0,1,11,3.277613436819116,0,0,0,0,1,0,0,0,0,28,1,0,0,2,1,0,0,0,0,0,0,0,14,71,2.70805020110221,4.276666119016055
03-coustom,0,0,0,0,0,1,1,0,0,0,1,0,0,0,1,0.5,0.5,0.0005608524957936063,1782,1549,0.0005608524957936063,0.8687605159842962,0,0,1,1,0,1,1,0.5,0.5,0.5,0,0,2,1,0,1,10,3.121928094887362,0,0,0,0,1,0,0,0,0,28,1,0,0,1,1,0,0,0,0,0,0,0,15,58,2.772588722239781,4.07753744390572
03-creatfront,0,0,0,0,0,2,2,0,0,0,0,0,0,0,0,0.0,0.0,0.0,2472,1549,0.0008087343307723412,0.6263647391831784,0,0,1,1,0,1,1,0.3333333333333333,1.0,1.0,0,0,2,1,0,1,13,3.3927474104487847,0,0,0,0,1,0,0,0,0,28,1,0,0,1,1,0,0,0,0,0,0,0,14,73,2.70805020110221,4.30406509320417
03-currency-convertor,0,0,0,0,0,1,1,0,0,0,1,2,0,0,3,0.5,1.5,0.0012515644555694619,798,798,0.0012515644555694619,0.9987484355444305,0,0,1,1,0,1,1,0.5,0.25,0.5,0,0,3,1,0,1,21,3.4039894464852614,0,0,0,0,1,0,0,0,0,28,1,0,0,1,1,0,0,0,0,0,0,0,10,46,2.3978952727983707,3.8501476017100584
03-custom,0,0,0,0,0,2,1,0,1,0,1,0,0,0,1,0.3333333333333333,0.3333333333333333,0.0005906674542232723,1692,1549,0.0011813349084465446,0.9149438865918488,0,0,1,1,0,1,1,0.3333333333333333,0.5,0.5,0,0,2,1,0,1,9,3.169925001442312,0,0,0,0,1,0,0,0,0,28,1,0,0,1,1,0,0,0,0,0,0,0,9,50,2.302585092994046,3.9318256327243257
03-custom-00111,0,0,0,0,0,2,1,0,1,0,1,0,0,0,1,0.3333333333333333,0.3333333333333333,0.0005485463521667581,1822,1549,0.0010970927043335162,0.8496982995063083,0,0,1,1,0,1,1,0.3333333333333333,0.5,0.5,0,0,3,1,0,1,15,3.1395722619867223,0,0,0,0,1,0,0,0,0,28,1,0,0,1,1,0,0,0,0,0,0,0,10,58,2.3978952727983707,4.07753744390572
03-custom-071621,0,0,0,0,0,2,1,0,1,0,1,0,0,0,1,0.3333333333333333,0.3333333333333333,0.0005518763796909492,1811,202,0.0011037527593818985,0.11147902869757174,0,0,0,1,0,1,1,0.3333333333333333,0.5,0.5,0,0,3,1,0,1,16,3.625,0,0,0,0,1,0,0,0,16,28,0,0,0,1,1,0,0,0,0,0,0,0,18,74,2.9444389791664403,4.31748811353631
03-custom-111,0,0,0,0,0,1,1,0,0,0,1,0,0,0,1,0.5,0.5,0.0005271481286241434,1896,1549,0.0005271481286241434,0.816552451238798,0,0,1,1,0,1,1,0.5,0.5,0.5,0,0,3,1,0,1,13,3.180832987205441,0,0,0,0,1,0,0,0,0,28,1,0,0,1,1,0,0,0,0,0,0,0,14,60,2.70805020110221,4.110873864173311
03-custom-2023,0,0,0,0,0,1,1,0,0,0,2,0,0,0,2,1.0,1.0,0.0016906170752324597,1182,1182,0.0008453085376162299,0.9991546914623838,0,0,1,1,0,1,1,0.5,0.3333333333333333,0.3333333333333333,0,0,3,1,0,1,14,3.2359263506290326,0,0,0,0,1,0,0,0,0,28,1,0,0,1,1,0,0,0,0,0,0,0,18,58,2.9444389791664403,4.07753744390572
03-custom-606,0,0,0,0,0,3,1,0,2,0,1,0,0,0,1,0.25,0.25,0.0006365372374283895,1570,1549,0.0019096117122851686,0.9859961807765755,0,0,1,1,0,1,1,0.25,0.5,0.5,0,0,3,1,0,1,13,3.238901256602631,0,0,0,0,1,0,1,2,5,28,0,0,0,1,1,0,0,0,0,0,0,0,18,72,2.9444389791664403,4.290459441148391
03-custom-ben,0,0,0,0,0,1,1,0,0,0,1,0,0,0,1,0.5,0.5,0.0006983240223463687,1431,1431,0.0006983240223463687,0.9993016759776536,0,0,1,1,0,1,1,0.5,0.5,0.5,0,0,3,1,0,1,13,3.5465935642949384,0,0,0,0,1,0,0,0,0,28,1,0,0,1,1,0,0,0,0,0,0,0,12,45,2.5649493574615367,3.828641396489095
03-custom-cctest,0,0,0,0,0,1,1,0,0,0,1,0,0,0,1,0.5,0.5,0.0006038647342995169,1655,1549,0.0006038647342995169,0.9353864734299517,0,0,1,1,0,1,1,0.5,0.5,0.5,0,0,3,1,0,1,16,3.1556390622295662,0,0,0,0,1,0,0,0,0,28,1,0,0,1,1,0,0,0,0,0,0,0,17,56,2.8903717578961645,4.04305126783455
03-custom-chen,0,0,0,0,0,2,1,0,1,0,1,0,0,0,1,0.3333333333333333,0.3333333333333333,0.0005977286312014345,1672,1549,0.001195457262402869,0.9258816497310222,0,0,1,1,0,1,1,0.3333333333333333,0.5,0.5,0,0,3,1,0,1,14,3.521640636343319,0,0,0,0,1,0,0,0,14,28,0,0,0,1,1,0,0,0,0,0,0,0,25,77,3.258096538021482,4.356708826689592
03-custom-chl,0,0,0,0,0,1,1,0,0,0,1,0,0,0,1,0.5,0.5,0.0005681818181818182,1759,1549,0.0005681818181818182,0.8801136363636364,0,0,1,1,0,1,1,0.5,0.5,0.5,0,0,3,1,0,1,13,3.3927474104487847,0,0,0,0,1,0,0,0,0,28,1,0,0,1,1,0,0,0,0,0,0,0,15,43,2.772588722239781,3.784189633918261
03-custom-clh,0,0,0,0,0,1,1,0,0,0,1,0,0,0,1,0.5,0.5,0.0006983240223463687,1431,1431,0.0006983240223463687,0.9993016759776536,0,0,1,1,0,1,1,0.5,0.5,0.5,0,0,3,1,0,1,13,3.3927474104487847,0,0,0,0,1,0,0,0,0,28,1,0,0,1,1,0,0,0,0,0,0,0,18,44,2.9444389791664403,3.8066624897703196
03-custom-crystal,0,0,0,0,0,2,1,0,1,0,1,0,0,0,1,0.3333333333333333,0.3333333333333333,0.0006531678641410843,1530,1530,0.0013063357282821686,0.999346832135859,0,0,1,1,0,1,1,0.3333333333333333,0.5,0.5,0,0,3,1,0,1,17,3.6168746059562227,0,0,0,0,1,0,0,0,0,28,1,0,0,1,1,0,0,0,0,0,0,0,10,61,2.3978952727983707,4.127134385045092
03-custom-dddddd,0,0,0,0,0,2,1,0,1,0,1,0,0,0,1,0.3333333333333333,0.3333333333333333,0.0005834305717619603,1713,1549,0.0011668611435239206,0.9037339556592765,0,0,1,1,0,1,1,0.3333333333333333,0.5,0.5,0,0,3,1,0,1,16,2.9056390622295662,0,0,0,0,1,0,0,0,0,28,1,0,0,1,1,0,0,0,0,0,0,0,18,69,2.9444389791664403,4.248495242049359
03-custom-gewuore,0,0,0,0,0,3,1,0,2,0,1,0,0,0,1,0.25,0.25,0.001349527665317139,740,740,0.004048582995951417,0.9986504723346828,0,0,1,1,0,1,1,0.25,0.5,0.5,0,0,3,1,0,1,17,3.6168746059562227,0,0,0,0,1,0,0,0,9,9,0,0,0,1,1,0,0,0,0,0,0,0,13,68,2.6390573296152584,4.23410650459726
03-custom-hahah,0,0,0,0,0,2,1,0,1,0,1,0,0,0,1,0.3333333333333333,0.3333333333333333,0.0005408328826392645,1848,1549,0.001081665765278529,0.8377501352082206,0,0,1,1,0,1,1,0.3333333333333333,0.5,0.5,0,0,3,1,0,1,15,3.3232314287976203,0,0,0,0,1,0,0,0,0,28,1,0,0,1,1,0,0,0,0,0,0,0,17,61,2.8903717578961645,4.127134385045092
03-custom-hayley,0,0,0,0,0,1,1,0,0,0,1,0,0,0,1,0.5,0.5,0.0006798096532970768,1470,1470,0.0006798096532970768,0.9993201903467029,0,0,1,1,0,1,1,0.5,0.5,0.5,0,0,3,1,0,1,16,3.75,0,0,0,0,1,0,0,0,0,28,1,0,0,1,1,0,0,0,0,0,0,0,19,58,2.995732273553991,4.07753744390572
03-custom-jokerjason,0,0,0,0,0,2,1,0,1,0,1,0,0,0,1,0.3333333333333333,0.3333333333333333,0.0005586592178770949,1789,1549,0.0011173184357541898,0.8653631284916201,0,0,1,1,0,1,1,0.3333333333333333,0.5,0.5,0,0,3,1,0,1,20,3.7841837197791888,0,0,0,0,1,0,0,0,0,28,1,0,0,1,1,0,0,0,0,0,0,0,9,40,2.302585092994046,3.713572066704308
03-custom-jydandf,0,0,0,0,0,1,1,0,0,0,1,0,0,0,1,0.5,0.5,0.0005537098560354374,1805,1549,0.0005537098560354374,0.8576965669988926,0,0,1,1,0,1,1,0.5,0.5,0.5,0,0,3,1,0,1,17,3.8521687236032816,0,0,0,0,1,0,0,0,0,28,1,0,0,1,1,0,0,0,0,0,0,0,13,51,2.6390573296152584,3.9512437185814275
03-custom-kouyou,0,0,0,0,0,2,1,0,1,0,2,0,0,0,2,0.6666666666666666,0.6666666666666666,0.001310615989515072,1525,1525,0.001310615989515072,0.9993446920052425,0,0,1,1,0,1,1,0.3333333333333333,0.3333333333333333,0.3333333333333333,0,0,3,1,0,1,16,3.2806390622295662,0,0,0,0,1,0,0,0,0,28,1,0,0,1,1,0,0,0,0,0,0,0,12,61,2.5649493574615367,4.127134385045092
03-custom-l1limboo,0,0,0,0,0,2,1,0,1,0,1,0,0,0,1,0.3333333333333333,0.3333333333333333,0.000612369871402327,1632,1549,0.001224739742804654,0.9485609308022045,0,0,1,1,0,1,1,0.3333333333333333,0.5,0.5,0,0,3,1,0,1,18,3.5724312513221195,0,0,0,0,1,0,0,0,0,28,1,0,0,1,1,0,0,0,0,0,0,0,19,66,2.995732273553991,4.204692619390966
03-custom-leilei,0,0,0,0,0,2,1,0,1,0,1,0,0,0,1,0.3333333333333333,0.3333333333333333,0.000722543352601156,1383,1383,0.001445086705202312,0.9992774566473989,0,0,1,1,0,1,1,0.3333333333333333,0.5,0.5,0,0,3,1,0,1,16,3.5,0,0,0,0,1,0,0,0,0,28,1,0,0,1,1,0,0,0,0,0,0,0,9,49,2.302585092994046,3.912023005428146
03-custom-lilei-firstdemo,0,0,0,0,0,1,1,0,0,0,1,0,0,0,1,0.5,0.5,0.0005871990604815032,1702,1549,0.0005871990604815032,0.9095713446858485,0,0,1,1,0,1,1,0.5,0.5,0.5,0,0,4,1,0,1,25,3.7834651896016465,0,0,0,0,1,0,0,0,0,28,1,0,0,1,1,0,0,0,0,0,0,0,13,45,2.6390573296152584,3.828641396489095
03-custom-liukan,0,0,0,0,0,1,1,0,0,0,1,0,0,0,1,0.5,0.5,0.0006472491909385113,1544,1544,0.0006472491909385113,0.9993527508090615,0,0,1,1,0,1,1,0.5,0.5,0.5,0,0,3,1,0,1,16,3.75,0,0,0,0,1,0,0,0,0,28,1,0,0,1,1,0,0,0,0,0,0,0,15,54,2.772588722239781,4.007333185232471
03-custom-liuxqb-lzw,0,0,0,0,0,1,1,0,0,0,2,0,0,0,2,1.0,1.0,0.0010746910263299302,1860,1549,0.0005373455131649651,0.832348199892531,0,0,1,1,0,1,1,0.5,0.3333333333333333,0.3333333333333333,0,0,4,1,0,1,20,3.884183719779189,0,0,0,0,1,0,0,0,0,28,1,0,0,1,1,0,0,0,0,0,0,0,17,54,2.8903717578961645,4.007333185232471
03-custom-ll,0,0,0,0,0,1,1,0,0,0,1,0,0,0,1,0.5,0.5,0.0005913660555884093,1690,1549,0.0005913660555884093,0.9160260201064458,0,0,1,1,0,1,1,0.5,0.5,0.5,0,0,3,1,0,1,12,3.2516291673878226,0,0,0,0,1,0,0,0,0,28,1,0,0,1,1,0,0,0,0,0,0,0,11,49,2.4849066497880004,3.912023005428146
03-custom-lth-test,0,0,0,0,0,1,1,0,0,0,1,0,0,0,1,0.5,0.5,0.0007057163020465773,1416,1416,0.0007057163020465773,0.9992942836979535,0,0,1,1,0,1,1,0.5,0.5,0.5,0,0,4,1,0,1,18,3.350209029099897,0,0,0,0,1,0,0,0,0,28,1,0,0,1,1,0,0,0,0,0,0,0,14,46,2.70805020110221,3.8501476017100584
03-custom-lvjiajun,0,0,0,0,0,1,1,0,0,0,1,0,0,0,1,0.5,0.5,0.0006523157208088715,1532,1532,0.0006523157208088715,0.9993476842791911,0,0,1,1,0,1,1,0.5,0.5,0.5,0,0,3,1,0,1,18,3.8365916681089787,0,0,0,0,1,0,0,0,0,28,1,0,0,1,1,0,0,0,0,0,0,0,16,49,2.833213344056216,3.912023005428146
03-custom-lwj,0,0,0,0,0,4,1,0,3,0,1,0,0,0,1,0.2,0.2,0.0006565988181221273,1522,1522,0.0026263952724885093,0.9993434011818779,0,0,1,1,0,1,1,0.2,0.5,0.5,0,0,3,1,0,1,13,3.546593564294939,0,0,0,0,1,0,0,0,0,28,1,0,0,1,1,0,0,0,0,0,0,0,17,54,2.8903717578961645,4.007333185232471
03-custom-lyc,0,0,0,0,0,1,1,0,0,0,1,0,0,0,1,0.5,0.5,0.0005458515283842794,1831,1549,0.0005458515283842794,0.8455240174672489,0,0,1,1,0,1,1,0.5,0.5,0.5,0,0,3,1,0,1,13,3.3927474104487847,0,0,0,0,1,0,0,0,0,28,1,0,0,1,1,0,0,0,0,0,0,0,10,48,2.3978952727983707,3.8918202981106265
03-custom-lzy,0,0,0,0,0,2,1,0,1,0,1,0,0,0,1,0.3333333333333333,0.3333333333333333,0.0005405405405405405,1849,1549,0.001081081081081081,0.8372972972972973,0,0,1,1,0,1,1,0.3333333333333333,0.5,0.5,0,0,3,1,0,1,13,3.546593564294939,0,0,0,0,1,0,0,0,0,28,1,0,0,1,1,0,0,0,0,0,0,0,10,58,2.3978952727983707,4.07753744390572
03-custom-me,0,0,0,0,0,1,1,0,0,0,1,0,0,0,1,0.5,0.5,0.0005767012687427913,1733,1549,0.0005767012687427913,0.8933102652825836,0,0,1,1,0,1,1,0.5,0.5,0.5,0,0,3,1,0,1,12,3.2516291673878226,0,0,0,0,1,0,0,0,0,28,1,0,0,1,1,0,0,0,0,0,0,0,13,50,2.6390573296152584,3.9318256327243257
03-custom-modules,0,0,0,0,0,1,1,0,0,0,1,0,0,0,1,0.5,0.5,0.0005073566717402334,1970,1549,0.0005073566717402334,0.7858954845256215,0,0,1,1,0,1,1,0.5,0.5,0.5,0,0,3,1,0,1,17,3.4992275471326932,0,0,0,0,1,0,0,0,0,28,1,0,0,1,1,0,0,0,0,0,0,0,29,70,3.4011973816621555,4.2626798770413155
03-custom-mrkleo-niubi,0,0,0,0,0,1,1,0,0,0,1,0,0,0,1,0.5,0.5,0.0005387931034482759,1855,1549,0.0005387931034482759,0.8345905172413793,0,0,1,1,0,1,1,0.5,0.5,0.5,0,0,4,1,0,1,22,3.879664004902593,0,0,0,0,1,0,0,0,0,28,1,0,0,1,1,0,0,0,0,0,0,0,9,32,2.302585092994046,3.4965075614664802
03-custom-package,0,0,0,0,0,1,1,0,0,0,0,0,0,0,0,0.0,0.0,0.0,1464,1464,0.0006825938566552901,0.9993174061433447,0,0,1,1,0,1,1,0.5,1.0,1.0,0,0,3,1,0,1,17,3.734521664779752,0,0,0,0,1,0,0,0,35,52,0,0,0,1,1,0,0,0,0,0,0,0,13,47,2.6390573296152584,3.871201010907891
03-custom-qian,0,0,0,0,0,1,1,0,0,0,1,0,0,0,1,0.5,0.5,0.0005197505197505198,1923,1549,0.0005197505197505198,0.8050935550935551,0,0,1,1,0,1,1,0.5,0.5,0.5,0,0,3,1,0,1,14,3.6644977792004623,0,0,0,0,1,0,0,0,0,28,1,0,0,1,1,0,0,0,0,0,0,0,10,34,2.3978952727983707,3.5553480614894135
03-custom-qifumin,0,0,0,0,0,1,1,0,0,0,1,0,0,0,1,0.5,0.5,0.0006609385327164573,1512,1512,0.0006609385327164573,0.9993390614672836,0,0,1,1,0,1,1,0.5,0.5,0.5,0,0,3,1,0,1,17,3.6168746059562227,0,0,0,0,1,0,0,0,0,28,1,0,0,1,1,0,0,0,0,0,0,0,10,41,2.3978952727983707,3.7376696182833684
03-custom-qingxu,0,0,0,0,0,1,1,0,0,0,1,0,0,0,1,0.5,0.5,0.0006108735491753207,1636,1549,0.0006108735491753207,0.9462431276725718,0,0,1,1,0,1,1,0.5,0.5,0.5,0,0,3,1,0,1,16,3.75,0,0,0,0,1,0,0,0,0,28,1,0,0,1,1,0,0,0,0,0,0,0,7,25,2.0794415416798357,3.258096538021482
03-custom-sanyang,0,0,0,0,0,1,1,0,0,0,1,0,0,0,1,0.5,0.5,0.0006172839506172839,1619,1549,0.0006172839506172839,0.9561728395061728,0,0,1,1,0,1,1,0.5,0.5,0.5,0,0,3,1,0,1,17,3.6168746059562227,0,0,0,0,1,0,0,0,0,28,1,0,0,0,0,0,0,0,0,0,0,0,16,43,2.833213344056216,3.784189633918261
03-custom-sjdh,0,0,0,0,0,1,1,0,0,0,1,0,0,0,1,0.5,0.5,0.0005361930294906167,1864,1549,0.0005361930294906167,0.8305630026809652,0,0,1,1,0,1,1,0.5,0.5,0.5,0,0,3,1,0,1,14,3.521640636343319,0,0,0,0,1,0,0,0,0,28,1,0,0,1,1,0,0,0,0,0,0,0,15,45,2.772588722239781,3.828641396489095
03-custom-sz,0,0,0,0,0,2,1,0,1,0,1,0,0,0,1,0.3333333333333333,0.3333333333333333,0.0005288207297726071,1890,1549,0.0010576414595452142,0.8191433104177683,0,0,1,1,0,1,1,0.3333333333333333,0.5,0.5,0,0,3,1,0,1,12,3.2516291673878226,0,0,0,0,1,0,0,0,0,28,1,0,0,1,1,0,0,0,0,0,0,0,13,50,2.6390573296152584,3.9318256327243257
03-custom-test,0,0,0,0,0,1,1,0,0,0,1,0,0,0,1,0.5,0.5,0.0005875440658049354,1701,1549,0.0005875440658049354,0.9101057579318449,0,0,1,1,0,1,1,0.5,0.5,0.5,0,0,3,1,0,1,14,3.182005814760214,0,0,0,0,1,0,0,0,0,28,1,0,0,1,1,0,0,0,0,0,0,0,6,24,1.9459101490553132,3.2188758248682006
03-custom-test-lth,0,0,0,0,0,2,1,0,1,0,1,0,0,0,1,0.3333333333333333,0.3333333333333333,0.000687757909215956,1453,1453,0.001375515818431912,0.9993122420907841,0,0,1,1,0,1,1,0.3333333333333333,0.5,0.5,0,0,4,1,0,1,18,3.350209029099897,0,0,0,0,1,0,0,0,0,28,1,0,0,1,1,0,0,0,0,0,0,0,10,38,2.3978952727983707,3.6635616461296463
03-custom-tian,0,0,0,0,0,3,1,0,6,0,2,0,0,0,2,0.5,0.5,0.0014825796886582653,1348,1348,0.002223869532987398,0.9992587101556709,0,0,1,1,0,1,1,0.25,0.3333333333333333,0.3333333333333333,0,0,3,1,0,1,14,3.521640636343319,0,0,0,0,1,1,0,0,0,28,1,0,0,1,1,0,0,0,0,0,0,0,14,51,2.70805020110221,3.9512437185814275
03-custom-wangnian,0,0,0,0,0,2,1,0,1,0,1,0,0,0,1,0.3333333333333333,0.3333333333333333,0.0005555555555555556,1799,1549,0.0011111111111111111,0.8605555555555555,0,0,1,1,0,1,1,0.3333333333333333,0.5,0.5,0,0,3,1,0,1,18,3.6835423624332306,0,0,0,0,1,0,0,0,0,28,1,0,0,1,1,0,0,0,0,0,0,0,13,54,2.6390573296152584,4.007333185232471
03-custom-wl,0,0,0,0,0,1,1,0,0,0,1,0,0,0,1,0.5,0.5,0.0006949270326615705,1438,1438,0.0006949270326615705,0.9993050729673384,0,0,1,1,0,1,1,0.5,0.5,0.5,0,0,3,1,0,1,12,3.418295834054489,0,0,0,0,1,0,0,0,0,28,1,0,0,1,1,0,0,0,0,0,0,0,8,35,2.1972245773362196,3.58351893845611
03-custom-wuke,0,0,0,0,0,1,1,0,0,0,1,0,0,0,1,0.5,0.5,0.0005995203836930455,1667,1549,0.0005995203836930455,0.9286570743405276,0,0,1,1,0,1,1,0.5,0.5,0.5,0,0,3,1,0,1,14,3.521640636343319,0,0,0,0,1,0,0,0,0,28,1,0,0,1,1,0,0,0,0,0,0,0,16,36,2.833213344056216,3.6109179126442243
03-custom-wyt,0,0,0,0,0,1,1,0,0,0,1,0,0,0,1,0.5,0.5,0.0005370569280343716,1861,1549,0.0005370569280343716,0.8319011815252417,0,0,1,1,0,1,1,0.5,0.5,0.5,0,0,3,1,0,1,13,3.392747410448785,0,0,0,0,1,0,0,0,0,28,1,0,0,1,1,0,0,0,0,0,0,0,15,36,2.772588722239781,3.6109179126442243
03-custom-x,0,0,0,0,0,2,1,0,1,0,1,0,0,0,1,0.3333333333333333,0.3333333333333333,0.0006150061500615006,1625,1549,0.0012300123001230013,0.9526445264452644,0,0,1,1,0,1,1,0.3333333333333333,0.5,0.5,0,0,3,1,0,1,11,3.277613436819116,0,0,0,0,1,0,0,0,0,28,1,0,0,1,1,0,0,0,0,0,0,0,9,29,2.302585092994046,3.4011973816621555
03-custom-xia-test,0,0,0,0,0,1,1,0,0,0,1,0,0,0,1,0.5,0.5,0.0005558643690939411,1798,1549,0.0005558643690939411,0.8610339077265148,0,0,1,1,0,1,1,0.5,0.5,0.5,0,0,4,1,0,1,18,3.5304930567574826,0,0,0,0,1,0,0,0,0,28,1,0,0,1,1,0,0,0,0,0,0,0,9,33,2.302585092994046,3.5263605246161616
03-custom-xie,0,0,0,0,0,1,1,0,0,0,1,0,0,0,1,0.5,0.5,0.0005224660397074191,1913,1549,0.0005224660397074191,0.809299895506792,0,0,1,1,0,1,1,0.5,0.5,0.5,0,0,3,1,0,1,13,3.546593564294939,0,0,0,0,1,0,0,0,0,28,1,0,0,1,1,0,0,0,0,0,0,0,12,31,2.5649493574615367,3.4657359027997265
03-custom-xjl,0,0,0,0,0,1,1,0,0,0,1,0,0,0,1,0.5,0.5,0.0005321979776476849,1878,1549,0.0005321979776476849,0.824374667376264,0,0,1,1,0,1,1,0.5,0.5,0.5,0,0,3,1,0,1,13,3.546593564294939,0,0,0,0,1,0,0,0,0,28,1,0,0,1,1,0,0,0,0,0,0,0,15,46,2.772588722239781,3.8501476017100584
03-custom-yxq,0,0,0,0,0,1,1,0,0,0,1,0,0,0,1,0.5,0.5,0.0006309148264984228,1584,1549,0.0006309148264984228,0.9772870662460568,0,0,1,1,0,1,1,0.5,0.5,0.5,0,0,3,1,0,1,13,3.546593564294939,0,0,0,0,1,0,0,0,0,28,1,0,0,1,1,0,0,0,0,0,0,0,14,46,2.70805020110221,3.8501476017100584
03-custom-zhaoxianhe,0,0,0,0,0,1,1,0,0,0,1,0,0,0,1,0.5,0.5,0.0005592841163310962,1787,1549,0.0005592841163310962,0.866331096196868,0,0,1,1,0,1,1,0.5,0.5,0.5,0,0,3,1,0,1,20,3.9219280948873623,0,0,0,0,1,0,0,0,0,28,1,0,0,1,1,0,0,0,0,0,0,0,14,38,2.70805020110221,3.6635616461296463
03-custom-zhe,0,0,0,0,0,1,1,0,0,0,1,0,0,0,1,0.5,0.5,0.0006097560975609756,1639,1549,0.0006097560975609756,0.9445121951219512,0,0,1,1,0,1,1,0.5,0.5,0.5,0,0,3,1,0,1,13,3.5465935642949384,0,0,0,0,1,0,0,0,0,28,1,0,0,1,1,0,0,0,0,0,0,0,15,32,2.772588722239781,3.4965075614664802
03-custom-zhoumz,0,0,0,0,0,1,1,0,0,0,1,0,0,0,1,0.5,0.5,0.0005807200929152149,1721,1549,0.0005807200929152149,0.8995354239256679,0,0,1,1,0,1,1,0.5,0.5,0.5,0,0,3,1,0,1,16,3.375,0,0,0,0,1,0,0,0,0,28,1,0,0,1,1,0,0,0,0,0,0,0,7,29,2.0794415416798357,3.4011973816621555
03-custom-zhp,0,0,0,0,0,1,1,0,0,0,1,0,0,0,1,0.5,0.5,0.0006230529595015577,1604,1549,0.0006230529595015577,0.9651090342679127,0,0,1,1,0,1,1,0.5,0.5,0.5,0,0,3,1,0,1,13,3.546593564294939,0,0,0,0,1,0,0,0,0,28,1,0,0,1,1,0,0,0,0,0,0,0,7,42,2.0794415416798357,3.7612001156935624
03-custom-zhu,0,0,0,0,0,1,1,0,0,0,1,0,0,0,1,0.5,0.5,0.0005431830526887561,1840,1549,0.0005431830526887561,0.8413905486148832,0,0,1,1,0,1,1,0.5,0.5,0.5,0,0,3,1,0,1,13,3.3927474104487847,0,0,0,0,1,0,0,0,0,28,1,0,0,1,1,0,0,0,0,0,0,0,16,46,2.833213344056216,3.8501476017100584
03-custom-zifeng,0,0,0,0,0,2,1,0,1,0,1,0,0,0,1,0.3333333333333333,0.3333333333333333,0.0005497526113249038,1818,1549,0.0010995052226498076,0.8515667949422759,0,0,1,1,0,1,1,0.3333333333333333,0.5,0.5,0,0,3,1,0,1,16,3.875,0,0,0,0,1,0,0,0,0,28,1,0,0,1,1,0,0,0,0,0,0,0,17,55,2.8903717578961645,4.02535169073515
03-custom-zx,0,0,0,0,0,1,1,0,0,0,1,0,0,0,1,0.5,0.5,0.0009057971014492754,1103,1103,0.0009057971014492754,0.9990942028985508,0,0,1,1,0,1,1,0.5,0.5,0.5,0,0,3,1,0,1,12,3.4182958340544896,0,0,0,0,1,0,0,0,0,28,1,0,0,1,1,0,0,0,0,0,0,0,9,37,2.302585092994046,3.6375861597263857
03-custom-zxx,0,0,0,0,0,1,1,0,0,0,1,0,0,0,1,0.5,0.5,0.0009057971014492754,1103,1103,0.0009057971014492754,0.9990942028985508,0,0,1,1,0,1,1,0.5,0.5,0.5,0,0,3,1,0,1,13,3.3927474104487847,0,0,0,0,1,0,0,0,0,28,1,0,0,1,1,0,0,0,0,0,0,0,9,39,2.302585092994046,3.6888794541139363
03-custom001,0,0,0,0,0,2,1,0,1,0,1,0,0,0,1,0.3333333333333333,0.3333333333333333,0.0006925207756232687,1443,1442,0.0013850415512465374,0.9986149584487535,0,0,1,1,0,1,1,0.3333333333333333,0.5,0.5,0,0,2,1,0,1,12,3.188721875540867,0,0,0,0,1,0,0,0,0,28,1,0,0,1,1,0,0,0,0,0,0,0,10,40,2.3978952727983707,3.713572066704308
03-custom11,0,0,0,0,0,1,1,0,0,0,1,0,0,0,1,0.5,0.5,0.0007168458781362007,1394,1394,0.0007168458781362007,0.9992831541218637,0,0,1,1,0,1,1,0.5,0.5,0.5,0,0,2,1,0,1,11,3.277613436819116,0,0,0,0,1,0,0,0,0,28,1,0,0,1,1,0,0,0,0,0,0,0,9,32,2.302585092994046,3.4965075614664802
03-custom123,0,0,0,0,0,2,1,2,1,0,1,0,0,0,1,0.3333333333333333,0.3333333333333333,0.0007209805335255948,1386,1386,0.0014419610670511895,0.9992790194664743,0,0,1,1,0,1,1,0.3333333333333333,0.5,0.5,0,0,2,1,0,1,12,3.4182958340544896,0,0,0,0,1,0,0,0,0,28,1,0,0,1,1,0,0,0,0,0,0,0,17,64,2.8903717578961645,4.174387269895637
03-custom123456,0,0,0,0,0,1,1,0,0,0,1,0,0,0,1,0.5,0.5,0.0006309148264984228,1584,1549,0.0006309148264984228,0.9772870662460568,0,0,1,1,0,1,1,0.5,0.5,0.5,0,0,2,1,0,1,15,3.773557262275185,0,0,0,0,1,0,0,0,0,28,1,0,0,1,1,0,0,0,0,0,0,0,9,35,2.302585092994046,3.58351893845611
03-custom1996,0,0,0,0,0,2,1,0,1,0,1,0,0,0,1,0.3333333333333333,0.3333333333333333,0.0005649717514124294,1769,1549,0.0011299435028248588,0.8751412429378531,0,0,1,1,0,1,1,0.3333333333333333,0.5,0.5,0,0,2,1,0,1,13,3.546593564294939,0,0,0,0,1,0,0,0,0,28,1,0,0,1,1,0,0,0,0,0,0,0,10,42,2.3978952727983707,3.7612001156935624
03-custom34fd,0,0,0,0,0,2,1,0,1,0,1,0,0,0,1,0.3333333333333333,0.3333333333333333,0.0005274261603375527,1895,1549,0.0010548523206751054,0.8169831223628692,0,0,1,1,0,1,1,0.3333333333333333,0.5,0.5,0,0,2,1,0,1,13,3.546593564294939,0,0,0,0,1,0,0,0,0,28,1,0,0,1,1,0,0,0,0,0,0,0,11,46,2.4849066497880004,3.8501476017100584
03-custom7,0,0,0,0,0,4,1,0,3,0,3,0,0,0,3,0.6,0.6,0.0018259281801582471,1642,1549,0.002434570906877663,0.9427875836883749,0,0,1,1,0,1,1,0.2,0.25,0.25,0,0,2,1,0,1,10,3.321928094887362,0,0,0,0,1,0,0,0,0,28,1,0,0,1,1,0,0,0,0,0,0,0,17,75,2.8903717578961645,4.330733340286331
03-custom_ren,0,0,0,0,0,2,1,0,1,0,1,0,0,0,1,0.3333333333333333,0.3333333333333333,0.0005235602094240838,1909,1549,0.0010471204188481676,0.8109947643979057,0,0,1,1,0,1,1,0.3333333333333333,0.5,0.5,0,0,3,1,0,1,13,3.7004397181410926,0,0,0,0,1,0,0,0,0,28,1,0,0,1,1,0,0,0,0,0,0,0,7,27,2.0794415416798357,3.332204510175204
03-custom_something_else,0,0,0,0,0,1,1,0,0,0,1,0,0,0,1,0.5,0.5,0.000855431993156544,1168,462,0.000855431993156544,0.39520958083832336,0,0,0,1,0,1,1,0.5,0.5,0.5,0,0,4,1,0,1,24,3.855388542207534,0,0,0,0,1,0,0,0,0,28,1,0,1,1,1,0,0,0,0,0,0,0,9,37,2.302585092994046,3.6375861597263857
03-custom_xiaohua,0,0,0,0,0,1,1,0,0,0,1,0,0,0,1,0.5,0.5,0.0005720823798627002,1747,1549,0.0005720823798627002,0.8861556064073226,0,0,1,1,0,1,1,0.5,0.5,0.5,0,0,3,1,0,1,17,3.734521664779752,0,0,0,0,1,0,0,0,0,28,1,0,0,1,1,0,0,0,0,0,0,0,6,39,1.9459101490553132,3.6888794541139363
03-customcopy,0,0,0,0,0,1,1,0,1,0,1,0,0,0,1,0.5,0.5,0.0006108735491753207,1636,1549,0.0006108735491753207,0.9462431276725718,0,0,1,1,0,1,1,0.5,0.5,0.5,0,0,2,1,0,1,13,3.3927474104487847,0,0,0,0,1,0,0,0,0,28,1,0,0,1,1,0,0,0,0,0,0,0,8,33,2.1972245773362196,3.5263605246161616
03-customcxb,0,0,0,0,0,1,1,0,0,0,1,0,0,0,1,0.5,0.5,0.0006253908692933083,1598,1549,0.0006253908692933083,0.9687304565353346,0,0,1,1,0,1,1,0.5,0.5,0.5,0,0,2,1,0,1,12,3.4182958340544896,0,0,0,0,1,0,0,0,0,28,1,0,0,1,1,0,0,0,0,0,0,0,6,36,1.9459101490553132,3.6109179126442243
03-customer,0,0,0,0,0,1,1,0,0,0,1,0,0,0,1,0.5,0.5,0.0006097560975609756,1639,1549,0.0006097560975609756,0.9445121951219512,0,0,1,1,0,1,1,0.5,0.5,0.5,0,0,2,1,0,1,11,3.459431618637298,0,0,0,0,1,0,0,0,0,28,1,0,0,1,1,0,0,0,0,0,0,0,9,43,2.302585092994046,3.784189633918261
03-customfafa,0,0,0,0,0,1,1,0,0,0,1,0,0,0,1,0.5,0.5,0.0005347593582887701,1869,1549,0.0005347593582887701,0.8283422459893048,0,0,1,1,0,1,1,0.5,0.5,0.5,0,0,2,1,0,1,13,3.3927474104487847,0,0,0,0,1,0,0,0,0,28,1,0,0,1,1,0,0,0,0,0,0,0,10,40,2.3978952727983707,3.713572066704308
03-customgoodzt,0,0,0,0,0,3,1,0,2,0,1,0,0,0,1,0.25,0.25,0.0007363770250368188,1357,1357,0.0022091310751104565,0.9992636229749632,0,0,1,1,0,1,1,0.25,0.5,0.5,0,0,2,1,0,1,15,3.456564762130954,0,0,0,0,1,0,0,0,0,28,1,0,0,1,1,0,0,0,0,0,0,0,18,71,2.9444389791664403,4.276666119016055
03-customhhh,0,0,0,0,0,2,1,0,1,0,2,0,0,0,2,0.6666666666666666,0.6666666666666666,0.001226993865030675,1629,1549,0.001226993865030675,0.9503067484662576,0,0,1,1,0,1,1,0.3333333333333333,0.3333333333333333,0.3333333333333333,0,0,2,1,0,1,12,3.188721875540867,0,0,0,0,1,0,0,0,0,28,1,0,0,1,1,0,0,0,0,0,0,0,10,50,2.3978952727983707,3.9318256327243257
03-customli,0,0,0,0,0,2,1,0,1,0,1,0,0,0,1,0.3333333333333333,0.3333333333333333,0.0006277463904582549,1592,1549,0.0012554927809165098,0.9723791588198368,0,0,1,1,0,1,1,0.3333333333333333,0.5,0.5,0,0,2,1,0,1,11,3.459431618637298,0,0,0,0,1,0,0,0,0,28,1,0,0,1,1,0,0,0,0,0,0,0,14,55,2.70805020110221,4.02535169073515
03-customlsidemoqi,0,0,0,0,0,2,1,0,1,0,2,0,0,0,2,0.6666666666666666,0.6666666666666666,0.0011627906976744186,1719,1549,0.0011627906976744186,0.9005813953488372,0,0,1,1,0,1,1,0.3333333333333333,0.3333333333333333,0.3333333333333333,0,0,2,1,0,1,18,3.7254805569978675,0,0,0,0,1,0,0,0,23,23,0,0,0,1,1,0,0,0,0,0,0,0,13,44,2.6390573296152584,3.8066624897703196
03-custommmq,0,0,0,0,0,1,1,0,0,0,1,0,0,0,1,0.5,0.5,0.0007304601899196494,1368,1368,0.0007304601899196494,0.9992695398100804,0,0,1,1,0,1,1,0.5,0.5,0.5,0,0,2,1,0,1,12,3.188721875540867,0,0,0,0,1,0,0,0,0,28,1,0,0,1,1,0,0,0,0,0,0,0,9,35,2.302585092994046,3.58351893845611
03-customnpm,0,0,0,0,0,1,1,0,1,0,1,0,0,0,1,0.5,0.5,0.0005452562704471102,1833,1549,0.0005452562704471102,0.8446019629225736,0,0,1,1,0,1,1,0.5,0.5,0.5,0,0,2,1,0,1,12,3.418295834054489,0,0,0,0,1,0,0,0,0,28,1,0,0,1,1,0,0,0,0,0,0,0,9,33,2.302585092994046,3.5263605246161616
03-customok,0,0,0,0,0,1,1,0,0,0,1,0,0,0,1,0.5,0.5,0.0006459948320413437,1547,1547,0.0006459948320413437,0.9993540051679587,0,0,1,1,0,1,1,0.5,0.5,0.5,0,0,2,1,0,1,11,3.277613436819116,0,0,0,0,1,0,0,0,0,28,1,0,0,1,1,0,0,0,0,0,0,0,10,29,2.3978952727983707,3.4011973816621555
03-customs,0,0,0,0,0,1,1,0,11,0,1,0,0,0,1,0.5,0.5,0.0007496251874062968,1333,1333,0.0007496251874062968,0.9992503748125937,0,0,1,1,0,1,1,0.5,0.5,0.5,0,0,2,1,0,1,10,3.121928094887362,0,0,0,0,1,0,0,0,0,28,1,0,0,1,1,0,0,0,0,0,0,0,6,29,1.9459101490553132,3.4011973816621555
03-customs-hlq,0,0,0,0,0,1,1,0,0,0,1,0,0,0,1,0.5,0.5,0.0006045949214026602,1653,1549,0.0006045949214026602,0.9365175332527207,0,0,1,1,0,1,1,0.5,0.5,0.5,0,0,3,1,0,1,14,3.521640636343319,0,0,0,0,1,1,0,0,4,28,0,0,0,1,1,0,0,0,0,0,0,0,10,34,2.3978952727983707,3.5553480614894135
03-customwcx1015,0,0,0,0,0,2,1,0,1,0,1,0,0,0,1,0.3333333333333333,0.3333333333333333,0.0005711022272986865,1750,1549,0.001142204454597373,0.8846373500856654,0,0,1,1,0,1,1,0.3333333333333333,0.5,0.5,0,0,2,1,0,1,16,3.625,0,0,0,0,1,0,0,0,0,28,1,0,0,1,1,0,0,0,0,0,0,0,18,48,2.9444389791664403,3.8918202981106265
03-customz,0,0,0,0,0,1,1,0,0,0,1,0,0,0,1,0.5,0.5,0.0006127450980392157,1631,1549,0.0006127450980392157,0.9491421568627451,0,0,1,1,0,1,1,0.5,0.5,0.5,0,0,2,1,0,1,10,3.321928094887362,0,0,0,0,1,0,0,0,0,28,1,0,0,1,1,0,0,0,0,0,0,0,9,41,2.302585092994046,3.7376696182833684
03-custon,0,0,0,0,0,1,1,0,0,0,1,0,0,0,1,0.5,0.5,0.0005966587112171838,1675,1549,0.0005966587112171838,0.9242243436754176,0,0,1,1,0,1,1,0.5,0.5,0.5,0,0,2,1,0,1,9,3.169925001442312,0,0,0,0,1,0,0,0,0,28,1,0,0,1,1,0,0,0,0,0,0,0,12,31,2.5649493574615367,3.4657359027997265
03-custorn,0,0,0,0,0,1,1,0,0,0,1,0,0,0,1,0.5,0.5,0.0005903187721369539,1693,1549,0.0005903187721369539,0.9144037780401417,0,0,1,1,0,1,1,0.5,0.5,0.5,0,0,2,1,0,1,10,3.321928094887362,0,0,0,0,1,0,0,0,0,28,1,0,0,1,1,0,0,0,0,0,0,0,7,28,2.0794415416798357,3.367295829986474
03-defined-memy,0,0,0,0,0,1,1,0,0,0,1,0,0,0,1,0.5,0.5,0.0003785011355034065,2641,1549,0.0003785011355034065,0.5862982588947767,0,0,1,1,0,1,1,0.5,0.5,0.5,0,0,3,1,0,1,15,3.189898095464287,0,0,0,0,1,0,0,0,0,28,1,0,0,1,1,0,0,0,0,0,0,0,11,39,2.4849066497880004,3.6888794541139363
03-extends,0,0,0,0,0,2,1,0,1,0,1,5,0,0,6,0.3333333333333333,2.0,0.0006459948320413437,1547,1547,0.0012919896640826874,0.9993540051679587,0,0,1,1,0,1,1,0.3333333333333333,0.14285714285714285,0.5,0,0,2,1,0,1,10,3.1219280948873624,0,0,0,0,1,0,0,0,0,28,1,0,0,1,1,0,0,0,0,0,0,0,10,47,2.3978952727983707,3.871201010907891
03-getsum,0,0,0,0,0,3,1,0,2,0,1,0,0,0,1,0.25,0.25,0.0009775171065493646,1022,1022,0.002932551319648094,0.9990224828934506,0,0,1,1,0,1,1,0.25,0.5,0.5,0,0,2,1,0,1,9,3.169925001442312,0,0,0,0,1,0,0,0,0,28,1,0,0,1,1,0,0,0,0,0,0,0,12,50,2.5649493574615367,3.9318256327243257
03-ghulam30-a-quiz-app-cli_project,0,0,0,0,0,1,1,0,0,0,2,1,0,0,3,1.0,1.5,0.002607561929595828,766,766,0.001303780964797914,0.9986962190352021,0,0,1,1,0,1,1,0.5,0.25,0.3333333333333333,0,0,7,1,0,1,34,4.113362385992581,0,0,0,0,1,1,0,0,0,28,1,0,0,1,1,0,0,0,0,0,0,0,9,30,2.302585092994046,3.4339872044851463
03-github-paged-profile-search,0,0,0,0,0,1,1,1,0,0,12,20,0,0,32,6.0,16.0,0.003457216940363008,3470,1480,0.0002881014116969173,0.4263900893114376,0,0,1,1,0,1,1,0.5,0.030303030303030304,0.07692307692307693,0,0,5,1,0,1,30,4.081727678869736,0,0,0,0,1,0,0,0,255,832,0,0,0,2,1,0,0,0,0,0,0,0,17,56,2.8903717578961645,4.04305126783455
03-global-variables,0,0,0,0,0,1,1,0,0,0,2,0,0,0,2,1.0,1.0,0.0015117157974300832,1322,1322,0.0007558578987150416,0.999244142101285,0,0,1,1,0,1,1,0.5,0.3333333333333333,0.3333333333333333,0,0,3,1,0,1,19,3.5368867237421666,0,0,0,0,1,1,0,0,0,28,1,0,0,1,1,0,0,0,0,0,0,0,12,36,2.5649493574615367,3.6109179126442243
03-gs-ee-6,0,0,0,0,0,1,0,3,5,0,55,0,0,0,55,27.5,27.5,0.07115135834411385,772,772,0.00129366106080207,0.9987063389391979,0,0,1,1,0,1,1,0.5,0.017857142857142856,0.017857142857142856,0,0,4,1,0,1,10,2.6464393446710157,1,1,1,1,1,0,0,0,0,28,1,0,0,1,1,0,0,0,0,0,0,0,12,49,2.5649493574615367,3.912023005428146
03-guo-custom,0,0,0,0,0,1,1,0,0,0,1,0,0,0,1,0.5,0.5,0.0006514657980456026,1534,1534,0.0006514657980456026,0.9993485342019544,0,0,1,1,0,1,1,0.5,0.5,0.5,0,0,3,1,0,1,13,3.238901256602631,0,0,0,0,1,0,0,0,0,28,1,0,0,1,1,0,0,0,0,0,0,0,8,31,2.1972245773362196,3.4657359027997265
03-hello-world,0,0,0,0,0,1,0,1,0,0,0,11,0,1,12,0.0,6.0,0.0,835,835,0.0011961722488038277,0.9988038277511961,0,0,1,1,0,1,1,0.5,0.07692307692307693,1.0,0,0,3,1,0,1,14,3.182005814760214,0,0,0,0,1,0,1,4,30,262,0,0,0,7,1,0,0,0,0,0,0,0,10,28,2.3978952727983707,3.367295829986474
03-hyl,0,0,0,0,0,2,1,0,1,0,3,0,0,0,3,1.0,1.0,0.0015932023366967605,1882,1549,0.0010621348911311736,0.822623473181094,0,0,1,1,0,1,1,0.3333333333333333,0.25,0.25,0,0,2,1,0,1,6,2.584962500721156,0,0,0,0,1,0,0,0,0,28,1,0,0,1,1,0,0,0,0,0,0,0,14,50,2.70805020110221,3.9318256327243257
03-ib-quiz-cli-project,0,0,0,0,0,1,1,0,0,0,1,1,0,0,2,0.5,1.0,0.0012919896640826874,773,773,0.0012919896640826874,0.9987080103359173,0,0,1,1,0,1,1,0.5,0.3333333333333333,0.5,0,0,5,1,0,1,22,3.7887549139935017,0,0,0,0,1,1,0,0,91,28,0,0,0,1,1,0,0,0,0,0,0,0,9,33,2.302585092994046,3.5263605246161616
03-index,0,0,0,0,0,1,1,0,0,0,1,0,0,0,1,0.5,0.5,0.0007535795026375283,1326,1326,0.0007535795026375283,0.9992464204973625,0,0,1,1,0,1,1,0.5,0.5,0.5,0,0,2,1,0,1,8,3.0,0,0,0,0,1,0,0,0,0,28,1,0,0,1,1,0,0,0,0,0,0,0,9,41,2.302585092994046,3.7376696182833684
03-jr-quiz-cli-app,0,0,0,0,0,2,1,0,1,0,1,1,0,0,2,0.3333333333333333,0.6666666666666666,0.001303780964797914,766,765,0.002607561929595828,0.9973924380704041,0,0,1,1,0,1,1,0.3333333333333333,0.3333333333333333,0.5,0,0,5,1,0,1,18,3.5032583347756456,0,0,0,0,1,1,0,0,50,28,0,0,0,1,1,0,0,0,0,0,0,0,10,49,2.3978952727983707,3.912023005428146
03-kt-quiz-cli-project,0,0,0,0,0,1,1,0,0,0,1,1,0,0,2,0.5,1.0,0.00130718954248366,764,764,0.00130718954248366,0.9986928104575163,0,0,1,1,0,1,1,0.5,0.3333333333333333,0.5,0,0,5,1,0,1,22,3.8230679822736597,0,0,0,0,1,1,0,0,93,28,0,0,0,1,1,0,0,0,0,0,0,0,9,39,2.302585092994046,3.6888794541139363
03-library,0,0,0,0,0,1,1,0,0,0,0,4,0,0,4,0.0,2.0,0.0,1505,1505,0.0006640106241699867,0.99933598937583,0,0,1,1,0,1,1,0.5,0.2,1.0,0,0,2,1,0,1,10,3.1219280948873624,0,0,0,0,1,0,0,0,0,28,1,0,0,1,1,0,0,0,0,0,0,0,7,31,2.0794415416798357,3.4657359027997265
03-lion-lib,0,0,0,0,0,1,1,0,0,0,0,0,0,0,0,0.0,0.0,0.0,1439,1439,0.0006944444444444445,0.9993055555555556,0,0,1,1,0,1,1,0.5,1.0,1.0,0,0,3,1,0,1,11,2.913977073182752,0,0,0,0,1,0,0,0,0,28,1,0,0,1,1,0,0,0,0,0,0,0,7,32,2.0794415416798357,3.4965075614664802
03-lion-lib-69,0,0,0,0,0,2,1,1,0,0,0,0,0,0,0,0.0,0.0,0.0,1439,1439,0.001388888888888889,0.9993055555555556,0,0,1,1,0,1,1,0.3333333333333333,1.0,1.0,0,0,4,1,0,1,14,3.182005814760214,0,0,0,0,1,0,0,0,0,28,1,0,0,1,1,0,0,0,0,0,0,0,11,39,2.4849066497880004,3.6888794541139363
03-luoqingzhu-tools-kkk,0,0,0,0,0,1,1,0,0,0,0,0,0,0,0,0.0,0.0,0.0,1463,1463,0.0006830601092896175,0.9993169398907104,0,0,1,1,0,1,1,0.5,1.0,1.0,0,0,4,1,0,1,23,3.729446194905257,0,0,0,0,1,0,0,0,0,28,1,0,0,1,1,0,0,0,0,0,0,0,9,34,2.302585092994046,3.5553480614894135
03-maincustom,0,0,0,0,0,1,1,0,0,0,1,0,0,0,1,0.5,0.5,0.0006587615283267457,1517,1517,0.0006587615283267457,0.9993412384716732,0,0,1,1,0,1,1,0.5,0.5,0.5,0,0,2,1,0,1,13,3.5465935642949384,0,0,0,0,1,0,0,0,0,28,1,0,0,1,1,0,0,0,0,0,0,0,7,33,2.0794415416798357,3.5263605246161616
03-math-utils,0,0,0,0,0,1,1,0,0,0,0,0,0,0,0,0.0,0.0,0.0,1385,1385,0.0007215007215007215,0.9992784992784993,0,0,1,1,0,1,1,0.5,1.0,1.0,0,0,3,1,0,1,13,3.3927474104487847,0,0,0,0,1,1,0,0,0,28,1,0,0,1,1,0,0,0,0,0,0,0,9,33,2.302585092994046,3.5263605246161616
03-maths-project,0,0,0,0,0,1,1,0,0,0,0,0,0,0,0,0.0,0.0,0.0,2060,1549,0.00048520135856380397,0.7515769044153323,0,0,1,1,0,1,1,0.5,1.0,1.0,0,0,3,1,0,1,16,3.75,0,0,0,0,1,0,0,0,0,28,1,0,0,1,1,0,0,0,0,0,0,0,11,44,2.4849066497880004,3.8066624897703196
03-maths-util,0,0,0,0,0,1,1,0,0,0,0,0,0,0,0,0.0,0.0,0.0,1385,1385,0.0007215007215007215,0.9992784992784993,0,0,1,1,0,1,1,0.5,1.0,1.0,0,0,3,1,0,1,13,3.3927474104487847,0,0,0,0,1,1,0,0,0,28,1,0,0,1,1,0,0,0,0,0,0,0,10,40,2.3978952727983707,3.713572066704308
03-modelstudy,0,0,0,0,0,2,1,0,1,0,1,0,0,0,1,0.3333333333333333,0.3333333333333333,0.0006618133686300463,1510,1510,0.0013236267372600927,0.99933818663137,0,0,1,1,0,1,1,0.3333333333333333,0.5,0.5,0,0,2,1,0,1,13,3.5465935642949384,0,0,0,0,1,0,1,1,0,28,1,0,0,1,1,0,0,0,0,0,0,0,9,46,2.302585092994046,3.8501476017100584
03-module-zhouguanglei,0,0,0,0,0,7,1,1,5,0,1,0,0,0,1,0.125,0.125,0.00043497172683775554,2298,1549,0.003044802087864289,0.6737712048716833,0,0,1,1,0,1,1,0.125,0.5,0.5,0,0,3,1,0,1,22,3.7887549139935026,0,0,0,0,1,0,0,0,0,28,1,0,0,1,1,0,0,0,0,0,0,0,7,81,2.0794415416798357,4.406719247264253
03-muskan-atm-machine,0,0,0,0,0,1,1,0,0,0,1,2,0,0,3,0.5,1.5,0.0013175230566534915,758,758,0.0013175230566534915,0.9986824769433466,0,0,1,1,0,1,1,0.5,0.25,0.5,0,0,4,1,0,1,21,3.6178096843744547,0,0,0,0,1,0,0,0,0,28,1,0,0,1,1,0,0,0,0,0,0,0,9,31,2.302585092994046,3.4657359027997265
03-my-project-cli-atm-machine,0,0,0,0,0,1,1,0,0,0,1,1,0,0,2,0.5,1.0,0.0012360939431396785,808,808,0.0012360939431396785,0.9987639060568603,0,0,1,1,0,1,1,0.5,0.3333333333333333,0.5,0,0,6,1,0,1,29,3.853863219997788,0,0,0,0,1,0,0,0,0,28,1,0,0,1,1,0,0,0,0,0,0,0,8,28,2.1972245773362196,3.367295829986474
03-my-self,0,0,0,0,0,1,1,0,0,0,0,0,0,0,0,0.0,0.0,0.0,2605,1549,0.0003837298541826554,0.5943975441289332,0,0,1,1,0,1,1,0.5,1.0,1.0,0,0,3,1,0,1,10,3.121928094887362,0,0,0,0,1,0,0,0,0,28,1,0,0,1,1,0,0,0,0,0,0,0,10,36,2.3978952727983707,3.6109179126442243
03-node-atm,0,0,0,0,0,1,1,0,0,0,1,2,0,0,3,0.5,1.5,0.0012547051442910915,796,796,0.0012547051442910915,0.998745294855709,0,0,1,1,0,1,1,0.5,0.25,0.5,0,0,3,1,0,1,11,3.277613436819116,0,0,0,0,1,0,0,0,0,28,1,0,0,1,1,0,0,0,0,0,0,0,6,34,1.9459101490553132,3.5553480614894135
03-npm,0,0,0,0,0,1,1,0,0,0,2,0,0,0,2,1.0,1.0,0.0006844626967830253,2921,1549,0.00034223134839151266,0.5301163586584531,0,0,1,1,0,1,1,0.5,0.3333333333333333,0.3333333333333333,0,0,2,1,0,1,6,2.584962500721156,0,0,0,0,1,0,0,0,0,28,1,0,0,1,1,0,0,0,0,0,0,0,11,42,2.4849066497880004,3.7612001156935624
03-npm-abc,0,0,0,0,0,2,1,1,0,0,1,0,0,0,1,0.3333333333333333,0.3333333333333333,0.0007132667617689016,1401,1401,0.0014265335235378032,0.9992867332382311,0,0,1,1,0,1,1,0.3333333333333333,0.5,0.5,0,0,3,1,0,1,10,3.121928094887362,0,0,0,0,1,0,0,0,0,28,1,0,0,1,1,0,0,0,0,0,0,0,7,40,2.0794415416798357,3.713572066704308
03-npm-abcd,0,0,0,0,0,1,1,0,0,0,1,0,0,0,1,0.5,0.5,0.0007132667617689016,1401,1401,0.0007132667617689016,0.9992867332382311,0,0,1,1,0,1,1,0.5,0.5,0.5,0,0,3,1,0,1,11,3.277613436819116,0,0,0,0,1,0,0,0,0,28,1,0,0,1,1,0,0,0,0,0,0,0,10,39,2.3978952727983707,3.6888794541139363
03-ooooooooo,0,0,0,0,0,2,1,0,2,0,0,0,0,0,0,0.0,0.0,0.0,2941,1549,0.0006798096532970768,0.526512576478586,0,0,1,1,0,1,1,0.3333333333333333,1.0,1.0,0,0,2,1,0,1,12,1.207518749639422,0,0,0,0,1,1,1,1,0,28,1,0,0,1,1,0,0,0,0,0,0,0,8,38,2.1972245773362196,3.6635616461296463
03-pkg,0,0,0,0,0,1,1,0,0,0,0,0,0,0,0,0.0,0.0,0.0,769,769,0.0012987012987012987,0.9987012987012988,0,0,1,1,0,1,1,0.5,1.0,1.0,0,0,2,1,0,1,6,2.584962500721156,0,0,0,0,1,0,0,0,0,28,1,0,0,1,1,0,0,0,0,0,0,0,9,38,2.302585092994046,3.6635616461296463
03-project-cli_number_guessing_game,0,0,0,0,0,1,2,0,2,0,1,2,0,0,3,0.5,1.5,0.0012077294685990338,827,827,0.0012077294685990338,0.998792270531401,0,0,1,1,0,1,1,0.5,0.25,0.5,0,0,6,1,0,1,35,4.171860873964196,0,0,0,0,1,0,0,0,16,170,0,0,0,1,1,0,0,0,0,0,0,0,9,39,2.302585092994046,3.6888794541139363
03-project-dirsize,0,0,0,0,0,1,1,0,0,0,0,0,0,0,0,0.0,0.0,0.0,1496,1496,0.0006680026720106881,0.9993319973279893,0,0,1,1,0,1,1,0.5,1.0,1.0,0,0,3,1,0,1,18,3.7254805569978675,0,0,0,0,1,0,0,0,0,28,1,0,0,1,1,0,0,0,0,0,0,0,8,38,2.1972245773362196,3.6635616461296463
03-project-quiz-app,0,0,0,0,0,2,1,0,2,0,3,1,0,0,4,1.0,1.3333333333333333,0.00390625,767,767,0.0026041666666666665,0.9986979166666666,0,0,1,1,0,1,1,0.3333333333333333,0.2,0.25,0,0,4,1,0,1,19,3.7474130395316396,0,0,0,0,1,1,0,0,70,28,0,0,0,1,1,0,0,0,0,0,0,0,9,40,2.302585092994046,3.713572066704308
03-qsmodules,0,0,0,0,0,1,1,0,0,0,0,0,0,0,0,0.0,0.0,0.0,1780,1549,0.0005614823133071309,0.8697361033127456,0,0,1,1,0,1,1,0.5,1.0,1.0,0,0,2,1,0,1,12,3.4182958340544896,0,0,0,0,1,0,0,0,0,28,1,0,0,1,1,0,0,0,0,0,0,0,10,40,2.3978952727983707,3.713572066704308
03-random-messages,0,0,0,0,0,3,1,0,2,0,0,0,0,0,0,0.0,0.0,0.0,1549,1549,0.001935483870967742,0.9993548387096775,0,0,1,1,0,1,1,0.25,1.0,1.0,0,0,3,1,0,1,18,3.4613201402110083,1,1,1,1,1,1,1,4,15,574,0,0,0,1,1,0,0,0,0,0,0,0,12,45,2.5649493574615367,3.828641396489095
03-raysealee-custom,0,0,0,0,0,1,1,0,0,0,1,0,0,0,1,0.5,0.5,0.0005230125523012552,1911,1549,0.0005230125523012552,0.8101464435146444,0,0,1,1,0,1,1,0.5,0.5,0.5,0,0,3,1,0,1,19,3.6818808028034016,0,0,0,0,1,0,0,0,0,28,1,0,0,1,1,0,0,0,0,0,0,0,10,41,2.3978952727983707,3.7376696182833684
03-rnt-lib,0,0,0,0,0,2,1,1,0,0,0,0,0,0,0,0.0,0.0,0.0,1425,1425,0.001402524544179523,0.9992987377279102,0,0,1,1,0,1,1,0.3333333333333333,1.0,1.0,0,0,3,1,0,1,10,3.121928094887362,0,0,0,0,1,0,0,0,0,28,1,0,0,1,1,0,0,0,0,0,0,0,10,51,2.3978952727983707,3.9512437185814275
03-rubab_atm,0,0,0,0,0,1,1,0,0,0,1,2,0,0,3,0.5,1.5,0.001277139208173691,782,782,0.001277139208173691,0.9987228607918263,0,0,1,1,0,1,1,0.5,0.25,0.5,0,0,3,1,0,1,12,3.2516291673878226,0,0,0,0,1,0,0,0,0,28,1,0,0,1,1,0,0,0,0,0,0,0,6,25,1.9459101490553132,3.258096538021482
03-scripts,0,0,0,0,0,1,1,0,0,0,1,0,0,0,1,0.5,0.5,0.0005830903790087463,1714,1549,0.0005830903790087463,0.9032069970845481,0,0,1,1,0,1,1,0.5,0.5,0.5,0,0,2,1,0,1,10,3.1219280948873624,0,0,0,0,1,0,0,0,0,28,1,0,0,3,1,0,0,0,0,0,0,0,9,24,2.302585092994046,3.2188758248682006
03-self,0,0,0,0,0,1,1,0,0,0,1,0,0,0,1,0.5,0.5,0.0005037783375314861,1984,1549,0.0005037783375314861,0.7803526448362721,0,0,1,1,0,1,1,0.5,0.5,0.5,0,0,2,1,0,1,7,2.807354922057604,0,0,0,0,1,0,0,0,0,28,1,0,0,1,1,0,0,0,0,0,0,0,7,29,2.0794415416798357,3.4011973816621555
03-self-wxq,0,0,0,0,0,1,1,0,0,0,1,0,0,0,1,0.5,0.5,0.0006476683937823834,1543,1543,0.0006476683937823834,0.9993523316062176,0,0,1,1,0,1,1,0.5,0.5,0.5,0,0,3,1,0,1,11,3.277613436819116,0,0,0,0,1,0,0,0,0,28,1,0,0,1,1,0,0,0,0,0,0,0,6,26,1.9459101490553132,3.295836866004329
03-selfasa,0,0,0,0,0,1,1,1,0,0,1,0,0,0,1,0.5,0.5,0.0005470459518599562,1827,1549,0.0005470459518599562,0.8473741794310722,0,0,1,1,0,1,1,0.5,0.5,0.5,0,0,2,1,0,1,10,2.9219280948873623,0,0,0,0,1,1,0,0,0,28,1,0,0,0,0,0,0,0,0,0,0,0,10,34,2.3978952727983707,3.5553480614894135
03-shah_todo_list,0,0,0,0,0,1,1,0,0,0,1,1,0,0,2,0.5,1.0,0.001379310344827586,724,724,0.001379310344827586,0.9986206896551724,0,0,0,1,0,1,1,0.5,0.3333333333333333,0.5,0,0,4,1,0,1,17,3.4992275471326932,0,0,0,0,1,1,0,0,56,28,0,0,0,1,1,0,0,0,0,0,0,0,7,22,2.0794415416798357,3.1354942159291497
03-simple-calculator-2,0,0,0,0,0,1,1,0,0,0,1,1,0,0,2,0.5,1.0,0.0012285012285012285,813,813,0.0012285012285012285,0.9987714987714987,0,0,1,1,0,1,1,0.5,0.3333333333333333,0.5,0,0,4,1,0,1,22,3.8453509366224354,0,0,0,0,1,0,0,0,53,28,0,0,0,1,1,0,0,0,0,0,0,0,7,25,2.0794415416798357,3.258096538021482
03-testcustom,0,0,0,0,0,1,1,0,0,0,1,0,0,0,1,0.5,0.5,0.0005285412262156448,1891,1549,0.0005285412262156448,0.8187103594080338,0,0,1,1,0,1,1,0.5,0.5,0.5,0,0,2,1,0,1,13,3.180832987205441,0,0,0,0,1,0,0,0,0,28,1,0,0,1,1,0,0,0,0,0,0,0,7,34,2.0794415416798357,3.5553480614894135
03-testuploadingnpm,0,0,0,0,0,1,1,0,0,0,0,0,0,0,0,0.0,0.0,0.0,1591,1549,0.000628140703517588,0.9729899497487438,0,0,1,1,0,1,1,0.5,1.0,1.0,0,0,2,1,0,1,19,3.9321380397593737,0,0,0,0,1,0,0,0,0,28,1,0,0,1,1,0,0,0,0,0,0,0,10,34,2.3978952727983707,3.5553480614894135
03-three_basic,0,0,0,0,0,1,1,0,0,0,5,1,0,0,6,2.5,3.0,0.00458295142071494,1090,1090,0.0009165902841429881,0.999083409715857,0,0,1,1,0,1,1,0.5,0.14285714285714285,0.16666666666666666,0,0,3,1,0,1,14,3.6644977792004623,0,0,0,0,1,0,0,0,9,28,0,0,0,2,1,0,0,0,0,0,0,0,9,35,2.302585092994046,3.58351893845611
03-todo-list-huzaifak,0,0,0,0,0,1,1,0,0,0,3,4,0,0,7,1.5,3.5,0.002329192546583851,1287,1287,0.0007763975155279503,0.9992236024844721,0,0,1,1,0,1,1,0.5,0.125,0.25,0,0,4,1,0,1,21,3.7849418274376427,0,0,0,0,1,0,0,0,0,28,1,0,0,1,1,0,0,0,0,0,0,0,7,23,2.0794415416798357,3.1780538303479458
03-up-npm,0,0,0,0,0,2,1,0,1,0,0,0,0,0,0,0.0,0.0,0.0,1518,1518,0.0013166556945358788,0.9993416721527321,0,0,1,1,0,1,1,0.3333333333333333,1.0,1.0,0,0,3,1,0,1,9,2.725480556997868,0,0,0,0,1,1,0,0,0,13,1,0,0,1,1,0,0,0,0,0,0,0,9,35,2.302585092994046,3.58351893845611
03-webpack-number,0,0,0,0,0,2,1,0,1,0,0,3,0,0,3,0.0,1.0,0.0,1533,1533,0.001303780964797914,0.999348109517601,0,0,1,1,0,1,1,0.3333333333333333,0.25,1.0,0,0,3,1,0,1,17,3.734521664779752,0,0,0,0,1,0,0,0,0,28,1,0,0,1,1,0,0,0,0,0,0,0,6,49,1.9459101490553132,3.912023005428146
03-webpack-number-test,0,0,0,0,0,4,1,0,3,0,0,5,0,0,5,0.0,1.0,0.0,972,972,0.0041109969167523125,0.998972250770812,0,0,1,1,0,1,1,0.2,0.16666666666666666,1.0,0,0,4,1,0,1,22,3.845350936622436,0,0,0,0,1,0,0,0,0,10,1,0,0,1,1,0,0,0,0,0,0,0,16,63,2.833213344056216,4.1588830833596715
03-webpack-numbers,0,0,0,0,0,2,1,0,1,0,0,3,0,0,3,0.0,1.0,0.0,1700,1549,0.0011757789535567313,0.9106407995296885,0,0,1,1,0,1,1,0.3333333333333333,0.25,1.0,0,0,3,1,0,1,18,3.8365916681089787,0,0,0,0,1,0,0,0,0,28,1,0,0,1,1,0,0,0,0,0,0,0,7,42,2.0794415416798357,3.7612001156935624
03-webpack-numbers-lr,0,0,0,0,0,1,1,0,1,0,0,3,0,0,3,0.0,1.5,0.0,1604,1549,0.0006230529595015577,0.9651090342679127,0,0,1,1,0,1,1,0.5,0.25,1.0,0,0,4,1,0,1,21,3.8801799226757376,0,0,0,0,1,0,0,0,0,28,1,0,0,1,1,0,0,0,0,0,0,0,11,40,2.4849066497880004,3.713572066704308
03-wjhyj1124,0,0,0,0,0,1,1,0,0,0,1,0,0,0,1,0.5,0.5,0.0005192107995846313,1925,1549,0.0005192107995846313,0.8042575285565939,0,0,1,1,0,1,1,0.5,0.5,0.5,0,0,2,1,0,1,12,3.2516291673878226,0,0,0,0,1,0,0,0,0,28,1,0,0,1,1,0,0,0,0,0,0,0,8,34,2.1972245773362196,3.5553480614894135
03.custom-210425,0,0,0,0,0,1,1,0,0,0,1,0,0,0,1,0.5,0.5,0.0005277044854881266,1894,1549,0.0005277044854881266,0.8174142480211082,0,0,1,1,0,1,1,0.5,0.5,0.5,0,0,3,1,1,1,16,3.75,0,0,0,0,1,0,0,0,0,28,1,0,0,1,1,0,0,0,0,0,0,0,10,33,2.3978952727983707,3.5263605246161616
03.liabgyuankang,0,0,0,0,0,1,1,0,0,0,1,0,0,0,1,0.5,0.5,0.0007163323782234957,1395,1395,0.0007163323782234957,0.9992836676217765,0,0,1,1,0,1,1,0.5,0.5,0.5,0,0,2,0,1,1,16,3.452819531114783,0,0,0,0,1,0,0,0,0,28,1,0,0,1,1,0,0,0,0,0,0,0,10,40,2.3978952727983707,3.713572066704308
03.modulse,0,0,0,0,0,1,1,0,0,0,1,0,0,0,1,0.5,0.5,0.0005830903790087463,1714,1549,0.0005830903790087463,0.9032069970845481,0,0,1,1,0,1,1,0.5,0.5,0.5,0,0,2,0,1,1,10,3.321928094887362,0,0,0,0,1,0,0,0,0,28,1,0,0,1,1,0,0,0,0,0,0,0,11,33,2.4849066497880004,3.5263605246161616
03.publier-package,0,0,0,0,0,1,1,0,0,0,1,0,0,0,1,0.5,0.5,0.0019230769230769232,519,519,0.0019230769230769232,0.9980769230769231,0,0,0,1,0,1,1,0.5,0.5,0.5,0,0,3,1,1,1,18,3.8365916681089787,0,0,0,0,1,0,0,0,0,28,1,0,0,1,1,0,0,0,0,0,0,0,8,24,2.1972245773362196,3.2188758248682006
03.todo-list-by-alina,0,0,0,0,0,1,1,0,0,0,1,2,0,0,3,0.5,1.5,0.0013297872340425532,751,751,0.0013297872340425532,0.9986702127659575,0,0,1,1,0,1,1,0.5,0.25,0.5,0,0,5,1,1,1,21,3.6897037321995474,0,0,0,0,1,1,0,0,0,28,1,0,0,1,1,0,0,0,0,0,0,0,7,24,2.0794415416798357,3.2188758248682006
03.yarn,0,0,0,0,0,1,1,0,1,0,2,0,0,0,2,1.0,1.0,0.044444444444444446,44,44,0.022222222222222223,0.9777777777777777,0,0,0,1,0,1,1,0.5,0.3333333333333333,0.3333333333333333,0,0,2,0,1,1,7,2.807354922057604,0,0,0,0,1,0,0,0,0,28,1,0,0,1,1,0,0,0,0,0,0,0,9,34,2.302585092994046,3.5553480614894135
030-custom-wyt,0,0,0,0,0,1,1,0,0,0,1,0,0,0,1,0.5,0.5,0.0005370569280343716,1861,1549,0.0005370569280343716,0.8319011815252417,0,0,1,1,0,1,1,0.5,0.5,0.5,0,0,3,1,0,1,14,3.378783493486176,0,0,0,0,1,0,0,0,0,28,1,0,0,1,1,0,0,0,0,0,0,0,9,27,2.302585092994046,3.332204510175204
0300cli_number_guessing,0,0,0,0,0,3,1,0,3,0,1,1,0,0,2,0.25,0.5,0.0012033694344163659,830,830,0.0036101083032490976,0.9987966305655837,0,0,1,1,0,1,1,0.25,0.3333333333333333,0.5,0,0,3,0,0,1,23,3.7081320646586016,0,0,0,0,1,0,0,0,0,28,1,0,0,1,1,0,0,0,0,0,0,0,9,50,2.302585092994046,3.9318256327243257
030201new-atm,0,0,0,0,0,2,1,0,2,0,1,1,0,0,2,0.3333333333333333,0.6666666666666666,0.001218026796589525,820,820,0.00243605359317905,0.9987819732034104,0,0,1,1,0,1,1,0.3333333333333333,0.3333333333333333,0.5,0,0,2,1,0,1,13,3.334679141051595,0,0,0,0,1,0,0,0,0,28,1,0,0,1,1,0,0,0,0,0,0,0,9,36,2.302585092994046,3.6109179126442243
0303-lb3-paket,0,0,0,0,0,1,1,0,1,0,32,39,0,0,71,16.0,35.5,0.024883359253499222,1285,1285,0.0007776049766718507,0.9992223950233281,0,0,1,1,0,1,1,0.5,0.013888888888888888,0.030303030303030304,0,0,3,1,0,1,14,3.182005814760214,0,0,0,0,0,0,0,0,6,28,0,0,0,4,1,0,0,0,0,0,0,0,8,30,2.1972245773362196,3.4339872044851463
03051151beijing,0,0,0,0,0,1,1,0,0,0,0,0,0,0,0,0.0,0.0,0.0,1580,1549,0.0006325110689437065,0.9797596457938014,0,0,1,1,0,1,1,0.5,1.0,1.0,0,0,1,0,0,1,15,3.1898980954642875,0,0,0,0,1,0,0,0,0,28,1,0,0,1,1,0,0,0,0,0,0,0,6,30,1.9459101490553132,3.4339872044851463
03092,0,0,0,0,0,1,1,0,0,0,0,0,0,0,0,0.0,0.0,0.0,3401,1480,0.00029394473838918284,0.4350382128159906,0,0,1,1,0,1,1,0.5,1.0,1.0,0,0,1,0,0,1,5,1.9219280948873623,0,0,0,0,1,1,0,0,0,28,1,0,0,1,1,0,0,0,0,0,0,0,6,27,1.9459101490553132,3.332204510175204
0310,0,0,0,0,0,1,1,0,0,0,0,0,0,0,0,0.0,0.0,0.0,3401,1480,0.00029394473838918284,0.4350382128159906,0,0,1,1,0,1,1,0.5,1.0,1.0,0,0,1,0,0,1,4,1.5,0,0,0,0,1,1,0,0,0,28,1,0,0,1,1,0,0,0,0,0,0,0,2,17,1.0986122886681098,2.8903717578961645
031212-custom,0,0,0,0,0,1,1,0,0,0,2,0,0,0,2,1.0,1.0,0.0013995801259622112,1428,1428,0.0006997900629811056,0.9993002099370188,0,0,1,1,0,1,1,0.5,0.3333333333333333,0.3333333333333333,0,0,2,1,0,1,13,3.3927474104487847,0,0,0,0,1,0,0,0,0,28,1,0,0,1,1,0,0,0,0,0,0,0,8,26,2.1972245773362196,3.295836866004329
0313project-10,0,0,0,0,0,1,1,0,0,0,1,0,0,0,1,0.5,0.5,0.0014285714285714286,699,699,0.0014285714285714286,0.9985714285714286,0,0,0,1,0,1,1,0.5,0.5,0.5,0,0,2,1,0,1,14,3.378783493486176,0,0,0,0,1,0,0,0,29,28,0,0,0,1,1,0,0,0,0,0,0,0,7,22,2.0794415416798357,3.1354942159291497
0313project-11,0,0,0,0,0,1,1,0,0,0,1,0,0,0,1,0.5,0.5,0.0014285714285714286,699,699,0.0014285714285714286,0.9985714285714286,0,0,0,1,0,1,1,0.5,0.5,0.5,0,0,2,1,0,1,14,3.3248629576173574,0,0,0,0,1,0,0,0,38,28,0,0,0,1,1,0,0,0,0,0,0,0,7,26,2.0794415416798357,3.295836866004329
0313project-3-atm-machine-project,0,0,0,0,0,1,1,0,0,0,1,1,0,0,2,0.5,1.0,0.0012376237623762376,807,807,0.0012376237623762376,0.9987623762376238,0,0,1,1,0,1,1,0.5,0.3333333333333333,0.5,0,0,5,1,0,1,33,3.8619835130356095,0,0,0,0,1,0,0,0,41,28,0,0,0,1,1,0,0,0,0,0,0,0,7,33,2.0794415416798357,3.5263605246161616
0313project-4-todo-list-project,0,0,0,0,0,1,1,0,0,0,0,2,0,0,2,0.0,1.0,0.0,807,807,0.0012376237623762376,0.9987623762376238,0,0,1,1,0,1,1,0.5,0.3333333333333333,1.0,0,0,5,1,0,1,31,3.7929059878062295,0,0,0,0,1,0,0,0,34,28,0,0,0,1,1,0,0,0,0,0,0,0,8,35,2.1972245773362196,3.58351893845611
0313project-5-currencyconverter,0,0,0,0,0,1,1,0,0,0,1,1,0,0,2,0.5,1.0,0.0012422360248447205,804,804,0.0012422360248447205,0.9987577639751553,0,0,1,1,0,1,1,0.5,0.3333333333333333,0.5,0,0,3,1,0,1,31,3.7409821015340743,0,0,0,0,1,0,0,0,32,28,0,0,0,1,1,0,0,0,0,0,0,0,8,36,2.1972245773362196,3.6109179126442243
0313project-6-wordcounterofsentences,0,0,0,0,0,1,1,0,0,0,1,1,0,0,2,0.5,1.0,0.0012422360248447205,804,804,0.0012422360248447205,0.9987577639751553,0,0,1,1,0,1,1,0.5,0.3333333333333333,0.5,0,0,3,1,0,1,36,3.930225265800904,0,0,0,0,1,0,0,0,34,28,0,0,0,1,1,0,0,0,0,0,0,0,8,33,2.1972245773362196,3.5263605246161616
0313project-7_,0,0,0,0,0,1,1,0,0,0,2,1,0,0,3,1.0,1.5,0.002857142857142857,699,699,0.0014285714285714286,0.9985714285714286,0,0,0,1,0,1,1,0.5,0.25,0.3333333333333333,0,0,3,1,0,1,14,3.6644977792004623,0,0,0,0,1,0,0,0,57,28,0,0,0,1,1,0,0,0,0,0,0,0,6,36,1.9459101490553132,3.6109179126442243
0313project-8,0,0,0,0,0,1,1,0,0,0,1,0,0,0,1,0.5,0.5,0.0014285714285714286,699,699,0.0014285714285714286,0.9985714285714286,0,0,0,1,0,1,1,0.5,0.5,0.5,0,0,2,1,0,1,13,3.546593564294939,0,0,0,0,1,0,0,0,0,28,1,0,0,1,1,0,0,0,0,0,0,0,8,30,2.1972245773362196,3.4339872044851463
0313project-9,0,0,0,0,0,1,1,0,0,0,1,1,0,0,2,0.5,1.0,0.0014285714285714286,699,699,0.0014285714285714286,0.9985714285714286,0,0,0,1,0,1,1,0.5,0.3333333333333333,0.5,0,0,2,1,0,1,13,3.546593564294939,0,0,0,0,1,0,0,0,0,28,1,0,0,1,1,0,0,0,0,0,0,0,7,38,2.0794415416798357,3.6635616461296463
0317wyh,0,0,0,0,0,1,1,0,0,0,0,0,0,0,0,0.0,0.0,0.0,2663,1549,0.00037537537537537537,0.5814564564564565,0,0,1,1,0,1,1,0.5,1.0,1.0,0,0,1,0,0,1,7,2.807354922057604,0,0,0,0,1,1,1,1,14,28,0,0,0,1,1,0,0,0,0,0,0,0,9,27,2.302585092994046,3.332204510175204
0322rkbao,0,0,0,0,0,2,1,0,1,0,1,0,0,0,1,0.3333333333333333,0.3333333333333333,0.0008340283569641367,1198,1198,0.0016680567139282735,0.9991659716430359,0,0,1,1,0,1,1,0.3333333333333333,0.5,0.5,0,0,1,0,0,1,9,2.94770277922009,0,0,0,0,1,0,0,0,0,28,1,0,0,1,1,0,0,0,0,0,0,0,6,35,1.9459101490553132,3.58351893845611
0323exam,0,0,0,0,0,1,1,0,0,0,1,0,0,0,1,0.5,0.5,0.0004361098996947231,2292,1549,0.0004361098996947231,0.675534234627126,0,0,1,1,0,1,1,0.5,0.5,0.5,0,0,1,0,0,1,8,2.75,0,0,0,0,1,1,0,0,0,28,1,0,0,1,1,0,0,0,0,0,0,0,6,35,1.9459101490553132,3.58351893845611
0324_work,0,0,0,0,0,1,1,0,0,0,0,0,0,0,0,0.0,0.0,0.0,1560,1549,0.0006406149903907751,0.9923126201153107,0,0,1,1,0,1,1,0.5,1.0,1.0,0,0,2,0,0,1,9,3.169925001442312,0,0,0,0,1,0,0,0,0,28,1,0,0,1,1,0,0,0,0,0,0,0,9,30,2.302585092994046,3.4339872044851463
0326-cxdgw,0,0,0,0,0,1,1,0,0,0,0,0,0,0,0,0.0,0.0,0.0,1988,1549,0.0005027652086475615,0.7787833081950729,0,0,1,1,0,1,1,0.5,1.0,1.0,0,0,2,1,0,1,10,3.321928094887362,0,0,0,0,1,0,0,0,0,28,1,0,0,1,1,0,0,0,0,0,0,0,9,40,2.302585092994046,3.713572066704308
0326-dgw,0,0,0,0,0,1,1,0,0,0,0,0,0,0,0,0.0,0.0,0.0,1989,1549,0.0005025125628140704,0.778391959798995,0,0,1,1,0,1,1,0.5,1.0,1.0,0,0,2,1,0,1,8,3.0,0,0,0,0,1,0,0,0,0,28,1,0,0,1,1,0,0,0,0,0,0,0,10,34,2.3978952727983707,3.5553480614894135
032we,0,0,0,0,0,1,1,5,7,0,38,0,0,0,38,19.0,19.0,0.04865556978233035,780,780,0.0012804097311139564,0.998719590268886,0,0,1,1,0,1,1,0.5,0.02564102564102564,0.02564102564102564,0,0,1,0,0,1,5,2.321928094887362,1,1,1,1,1,0,1,2,8,28,0,0,0,1,1,0,0,0,0,0,0,0,7,29,2.0794415416798357,3.4011973816621555
033--customl,0,0,0,0,0,2,1,0,1,0,1,0,0,0,1,0.3333333333333333,0.3333333333333333,0.0005128205128205128,1949,1549,0.0010256410256410256,0.7943589743589744,0,0,1,1,0,1,1,0.3333333333333333,0.5,0.5,0,0,3,1,0,1,12,3.2516291673878226,0,0,0,0,1,0,0,0,0,28,1,0,0,1,1,0,0,0,0,0,0,0,10,49,2.3978952727983707,3.912023005428146
033-custom,0,0,0,0,0,2,1,0,2,0,1,0,0,0,1,0.3333333333333333,0.3333333333333333,0.0005045408678102926,1981,1549,0.0010090817356205853,0.7815338042381433,0,0,1,1,0,1,1,0.3333333333333333,0.5,0.5,0,0,2,1,0,1,10,3.1219280948873624,0,0,0,0,1,0,0,0,0,28,1,0,0,1,1,0,0,0,0,0,0,0,12,44,2.5649493574615367,3.8066624897703196
03333-custom,0,0,0,0,0,1,1,0,0,0,1,0,0,0,1,0.5,0.5,0.000502008032128514,1991,1549,0.000502008032128514,0.7776104417670683,0,0,1,1,0,1,1,0.5,0.5,0.5,0,0,2,1,0,1,12,2.9182958340544896,0,0,0,0,1,0,0,0,0,28,1,0,0,1,1,0,0,0,0,0,0,0,6,31,1.9459101490553132,3.4657359027997265
0342cli-number-guessing,0,0,0,0,0,1,2,0,1,0,1,1,0,0,2,0.5,1.0,0.0012468827930174563,801,801,0.0012468827930174563,0.9987531172069826,0,0,1,1,0,1,1,0.5,0.3333333333333333,0.5,0,0,3,1,0,1,23,3.914866303883101,0,0,0,0,1,0,0,0,39,65,0,0,0,1,1,0,0,0,0,0,0,0,8,28,2.1972245773362196,3.367295829986474
034t0r,0,0,0,0,0,1,3,0,0,0,0,0,0,0,0,0.0,0.0,0.0,1152,1152,0.0008673026886383347,0.9991326973113617,0,0,1,1,0,1,1,0.5,1.0,1.0,0,0,1,0,0,1,6,2.2516291673878226,0,0,0,0,1,1,0,0,6,629,0,0,0,1,1,0,0,0,0,0,0,0,4,30,1.6094379124341003,3.4339872044851463
035rpl,0,0,0,0,0,1,1,2,4,0,0,0,0,0,0,0.0,0.0,0.0,1151,1151,0.0008680555555555555,0.9991319444444444,0,0,1,1,0,1,1,0.5,1.0,1.0,0,0,1,0,0,1,6,2.584962500721156,0,0,0,0,1,1,0,0,6,726,0,0,0,1,1,0,0,0,0,0,0,0,5,27,1.791759469228055,3.332204510175204
037,0,0,0,0,0,1,0,0,1,0,0,0,0,0,0,0.0,0.0,0.0,3404,1480,0.0002936857562408223,0.434654919236417,0,0,1,1,0,1,1,0.5,1.0,1.0,0,0,1,0,0,1,3,1.584962500721156,0,0,0,0,1,0,0,0,0,28,1,1,0,1,1,0,0,0,0,0,0,0,4,24,1.6094379124341003,3.2188758248682006
037f6c,0,0,0,0,0,1,3,0,3,0,0,0,0,0,0,0.0,0.0,0.0,1151,1151,0.0008680555555555555,0.9991319444444444,0,0,1,1,0,1,1,0.5,1.0,1.0,0,0,1,0,0,1,6,2.584962500721156,0,0,0,0,1,1,0,0,6,530,0,0,0,1,1,0,0,0,0,0,0,0,10,29,2.3978952727983707,3.4011973816621555
037quiz-app,0,0,0,0,0,1,1,0,2,0,6,3,0,0,9,3.0,4.5,0.0057361376673040155,1045,1045,0.0009560229445506692,0.9990439770554493,0,0,1,1,0,1,1,0.5,0.1,0.14285714285714285,0,0,2,1,0,1,11,3.277613436819116,0,0,0,0,1,0,0,0,0,28,1,0,0,1,1,0,0,0,0,0,0,0,6,25,1.9459101490553132,3.258096538021482
038ih9,0,0,0,0,0,1,3,2,8,0,0,0,0,0,0,0.0,0.0,0.0,1151,1151,0.0008680555555555555,0.9991319444444444,0,0,1,1,0,1,1,0.5,1.0,1.0,0,0,1,0,0,1,6,2.584962500721156,0,0,0,0,1,1,0,0,6,681,0,0,0,1,1,0,0,0,0,0,0,0,9,36,2.302585092994046,3.6109179126442243
03_09_2019,0,0,0,0,0,1,1,0,0,0,0,0,0,0,0,0.0,0.0,0.0,2493,1549,0.00040096230954290296,0.6210906174819567,0,0,1,1,0,1,1,0.5,1.0,1.0,0,0,3,0,0,1,10,2.4464393446710155,0,0,0,0,1,1,0,0,11,28,0,0,0,1,1,0,0,0,0,0,0,0,9,37,2.302585092994046,3.6375861597263857
03_a_package,0,0,0,0,0,3,1,1,1,0,1,0,0,0,1,0.25,0.25,0.00034129692832764505,2929,1549,0.0010238907849829352,0.5286689419795222,0,0,1,1,0,1,1,0.25,0.5,0.5,0,0,3,0,0,1,12,3.0220552088742,0,0,0,0,1,1,0,0,15,28,0,0,0,1,1,0,0,0,0,0,0,0,13,62,2.6390573296152584,4.143134726391533
03_atm_machine,0,0,0,0,0,3,1,0,2,0,2,2,0,0,4,0.5,1.0,0.002421307506053269,825,813,0.0036319612590799033,0.9842615012106537,0,0,1,1,0,1,1,0.25,0.2,0.3333333333333333,0,0,3,0,0,1,14,3.3787834934861767,1,1,1,1,1,0,0,0,255,28,0,0,0,1,1,0,0,0,0,0,0,0,13,58,2.6390573296152584,4.07753744390572
03_bin,0,0,0,0,0,1,1,0,0,0,1,0,0,0,1,0.5,0.5,0.000612369871402327,1632,1549,0.000612369871402327,0.9485609308022045,0,0,1,1,0,1,1,0.5,0.5,0.5,0,0,2,0,0,1,6,2.584962500721156,0,0,0,0,1,0,0,0,0,28,1,0,0,1,1,0,0,0,0,0,0,0,7,34,2.0794415416798357,3.5553480614894135
03_build-quiz-app-cli-project-786,0,0,0,0,0,1,1,0,0,0,1,1,0,0,2,0.5,1.0,0.0013020833333333333,767,767,0.0013020833333333333,0.9986979166666666,0,0,1,1,0,1,1,0.5,0.3333333333333333,0.5,0,0,7,1,0,1,33,4.222593650305007,0,0,0,0,1,0,0,0,91,28,0,0,0,1,1,0,0,0,0,0,0,0,9,34,2.302585092994046,3.5553480614894135
03_ceshi,0,0,0,0,0,1,1,0,0,0,0,0,0,0,0,0.0,0.0,0.0,2444,1549,0.00040899795501022495,0.6335378323108385,0,0,1,1,0,1,1,0.5,1.0,1.0,0,0,2,0,0,1,8,3.0,0,0,0,0,1,1,1,1,4,28,0,0,0,1,1,0,0,0,0,0,0,0,7,22,2.0794415416798357,3.1354942159291497
03_clac,0,0,0,0,0,1,1,0,0,0,0,0,0,0,0,0.0,0.0,0.0,1173,1173,0.0008517887563884157,0.9991482112436116,0,0,1,1,0,1,1,0.5,1.0,1.0,0,0,2,0,0,1,7,2.521640636343318,0,0,0,0,1,0,0,0,83,28,0,0,0,1,1,0,0,0,0,0,0,0,8,32,2.1972245773362196,3.4965075614664802
03_class,0,0,0,0,0,2,1,0,1,0,1,0,0,0,1,0.3333333333333333,0.3333333333333333,0.0005973715651135006,1673,1549,0.0011947431302270011,0.9253285543608124,0,0,1,1,0,1,1,0.3333333333333333,0.5,0.5,0,0,2,0,0,1,8,2.75,0,0,0,0,1,0,0,0,14,45,0,0,0,1,1,0,0,0,0,0,0,0,10,49,2.3978952727983707,3.912023005428146
03_cnpm,0,0,0,0,0,1,1,0,0,0,1,1,0,0,2,0.5,1.0,0.0011792452830188679,847,847,0.0011792452830188679,0.9988207547169812,0,0,1,1,0,1,1,0.5,0.3333333333333333,0.5,0,0,2,0,0,1,7,2.807354922057604,0,0,0,0,1,0,0,0,0,28,1,0,0,1,1,0,0,0,0,0,0,0,8,30,2.1972245773362196,3.4339872044851463
03_currency_converter,0,0,0,0,0,1,2,0,0,0,1,0,0,0,1,0.5,0.5,0.0012391573729863693,806,806,0.0012391573729863693,0.9987608426270136,0,0,1,1,0,1,1,0.5,0.5,0.5,0,0,3,0,0,1,21,3.3680424225727155,0,0,0,0,1,1,0,0,0,28,1,0,0,1,1,0,0,0,0,0,0,0,8,35,2.1972245773362196,3.58351893845611
03_custom_isxeq,0,0,0,0,0,1,1,0,1,0,1,0,0,0,1,0.5,0.5,0.0005868544600938967,1703,1549,0.0005868544600938967,0.909037558685446,0,0,1,1,0,1,1,0.5,0.5,0.5,0,0,3,0,0,1,15,3.640223928941851,0,0,0,0,1,0,0,0,0,28,1,0,0,1,1,0,0,0,0,0,0,0,8,29,2.1972245773362196,3.4011973816621555
03_customss,0,0,0,0,0,1,1,0,0,0,1,0,0,0,1,0.5,0.5,0.0006108735491753207,1636,1549,0.0006108735491753207,0.9462431276725718,0,0,1,1,0,1,1,0.5,0.5,0.5,0,0,2,0,0,1,11,3.027169118440619,0,0,0,0,1,0,0,0,0,28,1,0,0,1,1,0,0,0,0,0,0,0,7,24,2.0794415416798357,3.2188758248682006
03_demons,0,0,0,0,0,2,1,0,1,0,0,0,0,0,0,0.0,0.0,0.0,2304,1549,0.0008676789587852494,0.6720173535791757,0,0,1,1,0,1,1,0.3333333333333333,1.0,1.0,0,0,2,0,0,1,9,3.169925001442312,0,0,0,0,1,1,1,1,19,28,0,0,0,1,1,0,0,0,0,0,0,0,10,49,2.3978952727983707,3.912023005428146
03_destiny-utils,0,0,0,0,0,3,2,0,5,0,0,0,0,0,0,0.0,0.0,0.0,1129,1129,0.002654867256637168,0.9991150442477876,0,0,1,1,0,1,1,0.25,1.0,1.0,0,0,3,1,0,1,16,3.625,0,0,0,0,1,0,1,3,0,28,1,0,0,1,1,0,0,0,0,0,0,0,6,56,1.9459101490553132,4.04305126783455
03_feng_utils,0,0,0,0,0,2,1,1,0,0,1,0,0,0,1,0.3333333333333333,0.3333333333333333,0.000851063829787234,1174,1174,0.001702127659574468,0.9991489361702127,0,0,1,1,0,1,1,0.3333333333333333,0.5,0.5,0,0,3,0,0,1,13,3.5465935642949384,0,0,0,0,1,1,1,2,18,28,0,0,0,1,1,0,0,0,0,0,0,0,11,54,2.4849066497880004,4.007333185232471
03_fibonacci,0,0,0,0,0,6,1,0,5,0,0,0,0,0,0,0.0,0.0,0.0,455,274,0.013157894736842105,0.6008771929824561,0,0,0,1,0,1,1,0.14285714285714285,1.0,1.0,0,0,2,0,0,1,12,3.2516291673878226,0,0,0,0,1,0,0,0,0,28,1,0,0,2,1,0,0,0,0,0,0,0,16,76,2.833213344056216,4.343805421853684
03_if_my_project_cli,0,0,0,0,0,1,1,0,0,0,1,1,0,0,2,0.5,1.0,0.00130718954248366,764,764,0.00130718954248366,0.9986928104575163,0,0,1,1,0,1,1,0.5,0.3333333333333333,0.5,0,0,5,0,0,1,20,3.721928094887362,0,0,0,0,1,0,0,0,92,28,0,0,0,1,1,0,0,0,0,0,0,0,9,38,2.302585092994046,3.6635616461296463
03_my_utils,0,0,0,0,0,1,1,0,0,0,0,0,0,0,0,0.0,0.0,0.0,1287,1287,0.0007763975155279503,0.9992236024844721,0,0,1,1,0,1,1,0.5,1.0,1.0,0,0,3,0,0,1,11,3.277613436819116,0,0,0,0,1,0,0,0,0,28,1,0,0,1,1,0,0,0,0,0,0,0,9,29,2.302585092994046,3.4011973816621555
03_node_1,0,0,0,0,0,1,1,0,0,0,3,1,0,0,4,1.5,2.0,0.0018726591760299626,1601,1549,0.0006242197253433209,0.966916354556804,0,0,1,1,0,1,1,0.5,0.2,0.25,0,0,3,0,0,1,9,2.94770277922009,0,0,0,0,1,0,0,0,0,28,1,0,0,2,1,0,0,0,0,0,0,0,9,37,2.302585092994046,3.6375861597263857
03_npm-ccc,0,0,0,0,0,2,1,1,0,0,1,0,0,0,1,0.3333333333333333,0.3333333333333333,0.0007132667617689016,1401,1401,0.0014265335235378032,0.9992867332382311,0,0,1,1,0,1,1,0.3333333333333333,0.5,0.5,0,0,3,1,0,1,10,2.8464393446710154,0,0,0,0,1,0,0,0,0,28,1,0,0,1,1,0,0,0,0,0,0,0,11,43,2.4849066497880004,3.784189633918261
03_npm-library-test,0,0,0,0,0,1,1,0,0,0,0,0,0,0,0,0.0,0.0,0.0,1473,1473,0.0006784260515603799,0.9993215739484396,0,0,1,1,0,1,1,0.5,1.0,1.0,0,0,4,1,0,1,19,3.9321380397593737,0,0,0,0,1,1,0,0,13,28,0,0,0,1,1,0,0,0,0,0,0,0,7,29,2.0794415416798357,3.4011973816621555
03_npm_utils,0,0,0,0,0,1,1,0,0,0,0,0,0,0,0,0.0,0.0,0.0,1349,1349,0.0007407407407407407,0.9992592592592593,0,0,1,1,0,1,1,0.5,1.0,1.0,0,0,3,0,0,1,12,3.418295834054489,0,0,0,0,1,1,0,0,18,28,0,0,0,1,1,0,0,0,0,0,0,0,11,36,2.4849066497880004,3.6109179126442243
03_project-atm-machine,0,0,0,0,0,1,1,0,0,0,2,1,0,0,3,1.0,1.5,0.0024154589371980675,827,827,0.0012077294685990338,0.998792270531401,0,0,1,1,0,1,1,0.5,0.25,0.3333333333333333,0,0,4,1,0,1,22,3.9139770731827515,0,0,0,0,1,0,0,0,0,28,1,0,0,1,1,0,0,0,0,0,0,0,8,31,2.1972245773362196,3.4657359027997265
03_quiz_cli_project_hasan,0,0,0,0,0,1,1,0,0,0,2,1,0,0,3,1.0,1.5,0.0026109660574412533,765,765,0.0013054830287206266,0.9986945169712794,0,0,1,1,0,1,1,0.5,0.25,0.3333333333333333,0,0,5,0,0,1,25,4.083856189774723,0,0,0,0,1,1,0,0,51,28,0,0,0,1,1,0,0,0,0,0,0,0,8,33,2.1972245773362196,3.5263605246161616
03_random,0,0,0,0,0,1,1,0,0,0,0,0,0,0,0,0.0,0.0,0.0,1870,1549,0.0005344735435595938,0.8278995189738108,0,0,1,1,0,1,1,0.5,1.0,1.0,0,0,2,0,0,1,9,3.169925001442312,0,0,0,0,1,0,0,0,0,28,1,0,0,1,1,0,0,0,0,0,0,0,6,28,1.9459101490553132,3.367295829986474
03_saba_cli_adventure_game,0,0,0,0,0,1,1,0,0,0,2,1,0,0,3,1.0,1.5,0.002621231979030144,762,762,0.001310615989515072,0.9986893840104849,0,0,1,1,0,1,1,0.5,0.25,0.3333333333333333,0,0,5,0,0,1,26,3.902174814211727,0,0,0,0,1,0,0,0,0,28,1,0,0,1,1,0,0,0,0,0,0,0,7,39,2.0794415416798357,3.6888794541139363
03_saba_cli_atm_machine,0,0,0,0,0,1,1,0,0,0,2,1,0,0,3,1.0,1.5,0.0025220680958385876,792,792,0.0012610340479192938,0.9987389659520807,0,0,1,1,0,1,1,0.5,0.25,0.3333333333333333,0,0,5,0,0,1,23,3.567040216926579,0,0,0,0,1,0,0,0,0,28,1,0,0,1,1,0,0,0,0,0,0,0,8,26,2.1972245773362196,3.295836866004329
03_saba_cli_calculator,0,0,0,0,0,1,1,0,0,0,2,1,0,0,3,1.0,1.5,0.0025220680958385876,792,792,0.0012610340479192938,0.9987389659520807,0,0,1,1,0,1,1,0.5,0.25,0.3333333333333333,0,0,4,0,0,1,22,3.4474015047059146,0,0,0,0,1,0,0,0,0,28,1,0,0,1,1,0,0,0,0,0,0,0,8,37,2.1972245773362196,3.6375861597263857
03_saba_cli_no_guessing_game,0,0,0,0,0,1,1,0,0,0,2,1,0,0,3,1.0,1.5,0.002531645569620253,789,789,0.0012658227848101266,0.9987341772151899,0,0,1,1,0,1,1,0.5,0.25,0.3333333333333333,0,0,6,0,0,1,28,3.6689869584530603,0,0,0,0,1,0,0,0,0,28,1,0,0,1,1,0,0,0,0,0,0,0,6,33,1.9459101490553132,3.5263605246161616
03_saba_cli_word-counter-game,0,0,0,0,0,1,1,0,0,0,2,1,0,0,3,1.0,1.5,0.002577319587628866,775,775,0.001288659793814433,0.9987113402061856,0,0,1,1,0,1,1,0.5,0.25,0.3333333333333333,0,0,6,1,0,1,29,4.1852301329094015,0,0,0,0,1,0,0,0,0,28,1,0,0,1,1,0,0,0,0,0,0,0,8,35,2.1972245773362196,3.58351893845611
03_saba_currency-converter,0,0,0,0,0,1,1,0,0,0,2,1,0,0,3,1.0,1.5,0.0025220680958385876,792,792,0.0012610340479192938,0.9987389659520807,0,0,1,1,0,1,1,0.5,0.25,0.3333333333333333,0,0,4,1,0,1,26,3.7962176025900556,0,0,0,0,1,0,0,0,0,28,1,0,0,1,1,0,0,0,0,0,0,0,7,23,2.0794415416798357,3.1780538303479458
03_saba_to-do-list_app,0,0,0,0,0,1,1,0,0,0,3,2,0,0,5,1.5,2.5,0.0037831021437578815,792,792,0.0012610340479192938,0.9987389659520807,0,0,1,1,0,1,1,0.5,0.16666666666666666,0.25,0,0,6,1,0,1,22,3.5726236638951634,0,0,0,0,1,0,0,0,0,28,1,0,0,1,1,0,0,0,0,0,0,0,8,34,2.1972245773362196,3.5553480614894135
03_todo,0,0,0,0,0,1,1,0,0,0,3,2,0,0,5,1.5,2.5,0.0023715415019762848,1264,1264,0.0007905138339920949,0.9992094861660079,0,0,1,1,0,1,1,0.5,0.16666666666666666,0.25,0,0,2,0,0,1,7,2.5216406363433186,0,0,0,0,1,0,0,0,0,28,1,0,0,2,1,0,0,0,0,0,0,0,7,35,2.0794415416798357,3.58351893845611
03_todo_list1,0,0,0,0,0,1,1,0,0,0,5,4,0,0,9,2.5,4.5,0.004725897920604915,1057,1057,0.000945179584120983,0.999054820415879,0,0,1,1,0,1,1,0.5,0.1,0.16666666666666666,0,0,3,0,0,1,13,3.238901256602631,0,0,0,0,1,1,0,0,1,28,0,0,0,1,1,0,0,0,0,0,0,0,6,35,1.9459101490553132,3.58351893845611
03_todo_list1567,0,0,0,0,0,1,1,1,0,0,5,4,0,0,9,2.5,4.5,0.00625,799,799,0.00125,0.99875,0,0,1,1,0,1,1,0.5,0.1,0.16666666666666666,0,0,3,0,0,1,16,3.625,0,0,0,0,1,1,0,0,1,28,0,0,0,1,1,0,0,0,0,0,0,0,7,38,2.0794415416798357,3.6635616461296463
03_todolist,0,0,0,0,0,1,1,0,4,0,6,1,0,0,7,3.0,3.5,0.006787330316742082,883,883,0.0011312217194570137,0.998868778280543,0,0,1,1,0,1,1,0.5,0.125,0.14285714285714285,0,0,2,0,0,1,11,3.095795255000934,0,0,0,0,1,0,0,0,0,28,1,0,0,1,1,0,0,0,0,0,0,0,9,32,2.302585092994046,3.4965075614664802
03_todolist_kanwal,0,0,0,0,0,1,1,0,0,0,1,1,0,0,2,0.5,1.0,0.0013440860215053765,743,743,0.0013440860215053765,0.9986559139784946,0,0,1,1,0,1,1,0.5,0.3333333333333333,0.5,0,0,3,0,0,1,18,3.6143694458867563,0,0,0,0,1,0,0,0,0,28,1,0,0,1,1,0,0,0,0,0,0,0,6,30,1.9459101490553132,3.4339872044851463
03_username,0,0,0,0,0,1,1,0,0,0,1,0,0,0,1,0.5,0.5,0.0005561735261401557,1797,1549,0.0005561735261401557,0.8615127919911012,0,0,1,1,0,1,1,0.5,0.5,0.5,0,0,2,0,0,1,11,3.277613436819116,0,0,0,0,1,0,0,0,0,28,1,0,0,1,1,0,0,0,0,0,0,0,12,38,2.5649493574615367,3.6635616461296463
03_work,0,0,0,0,0,1,1,0,0,0,0,0,0,0,0,0.0,0.0,0.0,1154,1154,0.0008658008658008658,0.9991341991341991,0,0,1,1,0,1,1,0.5,1.0,1.0,0,0,2,0,0,1,7,2.807354922057604,0,0,0,0,1,0,0,0,0,28,1,0,0,1,1,0,0,0,0,0,0,0,10,33,2.3978952727983707,3.5263605246161616
03_work-hh,0,0,0,0,0,1,1,0,0,0,0,0,0,0,0,0.0,0.0,0.0,1154,1154,0.0008658008658008658,0.9991341991341991,0,0,1,1,0,1,1,0.5,1.0,1.0,0,0,3,1,0,1,10,3.1219280948873624,0,0,0,0,1,0,0,0,0,28,1,0,0,1,1,0,0,0,0,0,0,0,7,30,2.0794415416798357,3.4339872044851463
03_wujie-vue-setup,0,0,0,0,0,2,1,0,1,0,3,3,0,0,6,1.0,2.0,0.0033370411568409346,898,898,0.002224694104560623,0.9988876529477196,0,0,1,1,0,1,1,0.3333333333333333,0.14285714285714285,0.25,0,0,4,1,0,1,18,3.5304930567574826,0,0,0,0,1,0,0,0,0,28,1,0,0,2,1,0,0,0,0,0,0,0,6,27,1.9459101490553132,3.332204510175204
03_ydk_utils,0,0,0,0,0,1,1,0,0,0,0,0,0,0,0,0.0,0.0,0.0,105,105,0.009433962264150943,0.9905660377358491,0,0,0,1,0,1,1,0.5,1.0,1.0,0,0,3,0,0,1,12,3.418295834054489,0,0,0,0,1,1,1,2,14,28,0,0,0,1,1,0,0,0,0,0,0,0,6,35,1.9459101490553132,3.58351893845611
03_yyb_defined,0,0,0,0,0,1,1,0,0,0,0,0,0,0,0,0.0,0.0,0.0,2641,1549,0.0003785011355034065,0.5862982588947767,0,0,1,1,0,1,1,0.5,1.0,1.0,0,0,3,0,0,1,14,3.2359263506290334,0,0,0,0,1,0,0,0,0,28,1,0,0,1,1,0,0,0,0,0,0,0,8,29,2.1972245773362196,3.4011973816621555
03aamnarana-currency-converter,0,0,0,0,0,1,1,3,3,0,1,1,0,0,2,0.5,1.0,0.0012755102040816326,783,783,0.0012755102040816326,0.9987244897959183,0,0,1,1,0,1,1,0.5,0.3333333333333333,0.5,0,0,3,1,0,1,30,3.482588730501833,0,0,0,0,1,0,0,0,0,28,1,0,0,1,1,0,0,0,0,0,0,0,7,28,2.0794415416798357,3.367295829986474
03asd25,0,0,0,0,0,1,1,0,0,0,1,3,0,0,4,0.5,2.0,0.0005194805194805195,1924,1549,0.0005194805194805195,0.8046753246753247,0,0,1,1,0,1,1,0.5,0.2,0.5,0,0,1,0,0,1,7,2.807354922057604,0,0,0,0,1,0,0,0,0,28,1,0,0,1,1,0,0,0,0,0,0,0,6,26,1.9459101490553132,3.295836866004329
03b,0,0,0,0,0,1,1,0,0,0,0,1,0,0,1,0.0,0.5,0.0,2121,1549,0.000471253534401508,0.7299717247879359,0,0,1,1,0,1,1,0.5,0.5,1.0,0,0,1,0,0,1,3,1.584962500721156,0,0,0,0,1,0,0,0,0,28,1,1,0,1,1,0,0,0,0,0,0,0,10,40,2.3978952727983707,3.713572066704308
03ce40-aamiralishah_project_atm,0,0,0,0,0,1,1,0,0,0,1,1,0,0,2,0.5,1.0,0.0012091898428053204,826,826,0.0012091898428053204,0.9987908101571947,0,0,1,1,0,1,1,0.5,0.3333333333333333,0.5,0,0,4,1,0,1,31,3.9990466176631063,0,0,0,0,1,0,0,0,0,28,1,0,0,1,1,0,0,0,0,0,0,0,8,37,2.1972245773362196,3.6375861597263857
03ce40calculator,0,0,0,0,0,1,1,0,0,0,1,1,0,0,2,0.5,1.0,0.001199040767386091,833,833,0.001199040767386091,0.9988009592326139,0,0,1,1,0,1,1,0.5,0.3333333333333333,0.5,0,0,1,0,0,1,16,3.327819531114783,0,0,0,0,1,1,0,0,0,28,1,0,0,1,1,0,0,0,0,0,0,0,7,30,2.0794415416798357,3.4339872044851463
03consuming-my-logger,0,0,0,0,0,1,1,1,0,0,1,0,0,0,1,0.5,0.5,0.016666666666666666,59,59,0.016666666666666666,0.9833333333333333,0,0,0,1,0,1,1,0.5,0.5,0.5,0,0,3,1,0,1,21,3.784941827437642,0,0,0,0,1,0,0,0,0,28,1,0,0,2,1,0,0,0,0,0,0,0,8,38,2.1972245773362196,3.6635616461296463
03consuming_published_module,0,0,0,0,0,1,1,0,0,0,1,0,0,0,1,0.5,0.5,0.0009765625,1023,1023,0.0009765625,0.9990234375,0,0,1,1,0,1,1,0.5,0.5,0.5,0,0,3,0,0,1,28,3.9946803684089085,0,0,0,0,1,0,0,0,0,28,1,0,0,1,1,0,0,0,0,0,0,0,5,30,1.791759469228055,3.4339872044851463
03custom999,0,0,0,0,0,2,1,0,1,0,1,0,0,0,1,0.3333333333333333,0.3333333333333333,0.0006830601092896175,1463,1463,0.001366120218579235,0.9993169398907104,0,0,1,1,0,1,1,0.3333333333333333,0.5,0.5,0,0,1,0,0,1,11,3.027169118440619,0,0,0,0,1,0,0,0,7,28,0,0,0,1,1,0,0,0,0,0,0,0,10,52,2.3978952727983707,3.970291913552122
03day,0,0,0,0,0,1,1,1,1,0,2,0,0,0,2,1.0,1.0,0.0005929439667951378,3372,1480,0.0002964719833975689,0.438778535428402,0,0,1,1,0,1,1,0.5,0.3333333333333333,0.3333333333333333,0,0,1,0,0,1,5,2.321928094887362,0,0,0,0,1,0,1,3,213,230,0,0,0,1,1,0,0,0,0,0,0,0,9,33,2.302585092994046,3.5263605246161616
03factorial,0,0,0,0,0,1,1,0,0,0,0,0,0,0,0,0.0,0.0,0.0,1871,1549,0.0005341880341880342,0.8274572649572649,0,0,1,1,0,1,1,0.5,1.0,1.0,0,0,1,0,0,1,11,3.2776134368191165,0,0,0,0,1,0,0,0,0,28,1,0,0,1,1,0,0,0,0,0,0,0,5,34,1.791759469228055,3.5553480614894135
03je3h,0,0,0,0,0,1,3,1,5,0,0,0,0,0,0,0.0,0.0,0.0,1152,1152,0.0008673026886383347,0.9991326973113617,0,0,1,1,0,1,1,0.5,1.0,1.0,0,0,1,0,0,1,6,2.2516291673878226,0,0,0,0,1,1,0,0,6,869,0,0,0,1,1,0,0,0,0,0,0,0,8,37,2.1972245773362196,3.6375861597263857
03lait,0,0,0,0,0,1,1,0,0,0,1,0,0,0,1,0.5,0.5,0.0005512679162072767,1813,1549,0.0005512679162072767,0.8539140022050716,0,0,1,1,0,1,1,0.5,0.5,0.5,0,0,1,0,0,1,6,2.584962500721156,0,0,0,0,1,0,0,0,0,28,1,0,0,1,1,0,0,0,0,0,0,0,8,38,2.1972245773362196,3.6635616461296463
03ldy_custom,0,0,0,0,0,1,1,0,0,0,1,0,0,0,1,0.5,0.5,0.0005189413596263622,1926,1549,0.0005189413596263622,0.8038401660612351,0,0,1,1,0,1,1,0.5,0.5,0.5,0,0,2,0,0,1,12,3.584962500721156,0,0,0,0,1,0,0,0,0,28,1,0,0,1,1,0,0,0,0,0,0,0,6,35,1.9459101490553132,3.58351893845611
03longemodule,0,0,0,0,0,1,1,0,0,0,0,0,0,0,0,0.0,0.0,0.0,1909,1549,0.0005235602094240838,0.8109947643979057,0,0,1,1,0,1,1,0.5,1.0,1.0,0,0,1,0,0,1,13,3.238901256602631,0,0,0,0,1,0,0,0,0,28,1,0,0,1,1,0,0,0,0,0,0,0,5,30,1.791759469228055,3.4339872044851463
03m2hu,0,0,0,0,0,1,3,0,8,0,0,0,0,0,0,0.0,0.0,0.0,1152,1152,0.0008673026886383347,0.9991326973113617,0,0,1,1,0,1,1,0.5,1.0,1.0,0,0,1,0,0,1,6,2.584962500721156,0,0,0,0,1,1,0,0,6,572,0,0,0,1,1,0,0,0,0,0,0,0,9,33,2.302585092994046,3.5263605246161616
03main,0,0,0,0,0,2,1,0,1,0,0,0,0,0,0,0.0,0.0,0.0,2550,1549,0.0007840062720501764,0.6072128577028616,0,0,1,1,0,1,1,0.3333333333333333,1.0,1.0,0,0,1,0,0,1,6,2.584962500721156,0,0,0,0,1,0,0,0,0,28,1,0,0,1,1,0,0,0,0,0,0,0,10,42,2.3978952727983707,3.7612001156935624
03mymath,0,0,0,0,0,1,1,0,0,0,1,0,0,0,1,0.5,0.5,0.0005534034311012728,1806,1549,0.0005534034311012728,0.8572219147758716,0,0,1,1,0,1,1,0.5,0.5,0.5,0,0,1,0,0,1,8,2.75,0,0,0,0,1,0,0,0,0,28,1,0,0,1,1,0,0,0,0,0,0,0,6,31,1.9459101490553132,3.4657359027997265
03mynpm,0,0,0,0,0,2,1,0,1,0,1,0,0,0,1,0.3333333333333333,0.3333333333333333,0.0005238344683080147,1908,1549,0.0010476689366160294,0.8114195914091147,0,0,1,1,0,1,1,0.3333333333333333,0.5,0.5,0,0,1,0,0,1,7,2.5216406363433186,0,0,0,0,1,0,0,0,32,28,0,0,0,1,1,0,0,0,0,0,0,0,6,48,1.9459101490553132,3.8918202981106265
03npmdemoda92,0,0,0,0,0,2,1,1,0,0,0,0,0,0,0,0.0,0.0,0.0,1870,1549,0.0010689470871191875,0.8278995189738108,0,0,1,1,0,1,1,0.3333333333333333,1.0,1.0,0,0,1,0,0,1,13,3.3927474104487847,0,0,0,0,1,0,0,0,0,16,1,0,0,1,1,0,0,0,0,0,0,0,11,51,2.4849066497880004,3.9512437185814275
03npmxiaoxie,0,0,0,0,0,2,1,1,0,0,0,0,0,0,0,0.0,0.0,0.0,1870,1549,0.0010689470871191875,0.8278995189738108,0,0,1,1,0,1,1,0.3333333333333333,1.0,1.0,0,0,1,0,0,1,12,3.2516291673878226,0,0,0,0,1,0,0,0,0,15,1,0,0,1,1,0,0,0,0,0,0,0,10,52,2.3978952727983707,3.970291913552122
03npmxiaoxiea,0,0,0,0,0,1,1,0,0,0,0,0,0,0,0,0.0,0.0,0.0,1870,1549,0.0005344735435595938,0.8278995189738108,0,0,1,1,0,1,1,0.5,1.0,1.0,0,0,1,0,0,1,13,3.238901256602631,0,0,0,0,1,0,0,0,0,28,1,0,0,1,1,0,0,0,0,0,0,0,9,35,2.302585092994046,3.58351893845611
03p92d,0,0,0,0,0,1,3,1,3,0,0,0,0,0,0,0.0,0.0,0.0,1152,1152,0.0008673026886383347,0.9991326973113617,0,0,1,1,0,1,1,0.5,1.0,1.0,0,0,1,0,0,1,6,2.584962500721156,0,0,0,0,1,1,0,0,6,562,0,0,0,1,1,0,0,0,0,0,0,0,6,24,1.9459101490553132,3.2188758248682006
03publishing_custom_module,0,0,0,0,0,1,1,0,0,0,0,0,0,0,0,0.0,0.0,0.0,683,683,0.0014619883040935672,0.9985380116959064,0,0,0,1,0,1,1,0.5,1.0,1.0,0,0,3,0,0,1,26,4.056020968057881,0,0,0,0,1,0,1,2,48,159,0,0,0,1,1,0,0,0,0,0,0,0,8,31,2.1972245773362196,3.4657359027997265
03qaq,0,0,0,0,0,2,1,0,1,0,0,0,0,0,0,0.0,0.0,0.0,1741,1549,0.001148105625717566,0.8892078071182549,0,0,1,1,0,1,1,0.3333333333333333,1.0,1.0,0,0,1,0,0,1,5,1.9219280948873623,0,0,0,0,1,0,0,0,0,28,1,0,0,1,1,0,0,0,0,0,0,0,6,33,1.9459101490553132,3.5263605246161616
03rk,0,0,0,0,0,1,1,0,1,0,1,0,0,0,1,0.5,0.5,0.0013477088948787063,741,741,0.0013477088948787063,0.9986522911051213,0,0,1,1,0,1,1,0.5,0.5,0.5,0,0,1,0,0,1,4,2.0,0,0,0,0,1,0,0,0,0,28,1,0,0,1,1,0,0,0,0,0,0,0,6,24,1.9459101490553132,3.2188758248682006
03saba-games,0,0,0,0,0,1,2,0,1,0,2,0,0,0,2,1.0,1.0,0.00243605359317905,820,820,0.001218026796589525,0.9987819732034104,0,0,1,1,0,1,1,0.5,0.3333333333333333,0.3333333333333333,0,0,2,1,0,1,12,3.0220552088742005,0,0,0,0,1,0,0,0,0,28,1,0,0,1,1,0,0,0,0,0,0,0,9,36,2.302585092994046,3.6109179126442243
03test,0,0,0,0,0,2,1,0,2,0,0,0,0,0,0,0.0,0.0,0.0,2444,1549,0.0008179959100204499,0.6335378323108385,0,0,1,1,0,1,1,0.3333333333333333,1.0,1.0,0,0,1,0,0,1,6,2.2516291673878226,0,0,0,0,1,1,1,1,9,472,0,0,0,1,1,0,0,0,0,0,0,0,11,48,2.4849066497880004,3.8918202981106265
03test-array-map,0,0,0,0,0,4,1,0,3,0,1,0,0,0,1,0.2,0.2,0.0005249343832020997,1904,1549,0.002099737532808399,0.8131233595800524,0,0,1,1,0,1,1,0.2,0.5,0.5,0,0,3,1,0,1,16,3.327819531114783,0,0,0,0,1,1,1,2,25,938,0,0,0,1,1,0,0,0,0,0,0,0,11,61,2.4849066497880004,4.127134385045092
03thirdparty,0,0,0,0,0,1,1,0,0,0,2,0,0,0,2,1.0,1.0,0.0006112469437652812,3271,1480,0.0003056234718826406,0.45232273838630804,0,0,1,1,0,1,1,0.5,0.3333333333333333,0.3333333333333333,0,0,1,0,0,1,12,3.2516291673878226,0,0,0,0,1,0,0,0,0,28,1,0,0,1,1,0,0,0,0,0,0,0,9,37,2.302585092994046,3.6375861597263857
03timeupload,0,0,0,0,0,1,1,0,0,0,0,0,0,0,0,0.0,0.0,0.0,998,998,0.001001001001001001,0.998998998998999,0,0,1,1,0,1,1,0.5,1.0,1.0,0,0,1,0,0,1,12,3.584962500721156,0,0,0,0,1,0,0,0,0,28,1,0,0,1,1,0,0,0,0,0,0,0,5,24,1.791759469228055,3.2188758248682006
03wenjianshangchuan,0,0,0,0,0,3,3,0,0,0,0,0,0,0,0,0.0,0.0,0.0,2867,1549,0.0010460251046025104,0.5400976290097629,0,0,1,1,0,1,1,0.25,1.0,1.0,0,0,1,0,0,1,19,3.4713544870139286,0,0,0,0,1,0,1,1,7,28,0,0,0,1,1,0,0,0,0,0,0,0,11,65,2.4849066497880004,4.189654742026425
03williammoses,0,0,0,0,0,7,0,1,5,0,1,0,0,2,3,0.125,0.375,0.00048567265662943174,2058,1549,0.003399708596406022,0.7523069451189898,0,0,1,1,0,1,1,0.125,0.25,0.5,0,0,1,0,0,1,14,3.2359263506290334,0,0,0,0,0,0,0,0,101,1003,0,0,0,0,0,0,0,0,0,0,0,0,15,127,2.772588722239781,4.852030263919617
03word_counter,0,0,0,0,0,1,2,0,1,0,1,1,0,0,2,0.5,1.0,0.0012422360248447205,804,804,0.0012422360248447205,0.9987577639751553,0,0,1,1,0,1,1,0.5,0.3333333333333333,0.5,0,0,2,0,0,1,14,3.521640636343319,0,0,0,0,1,0,0,0,0,28,1,0,0,1,1,0,0,0,0,0,0,0,7,33,2.0794415416798357,3.5263605246161616
03xdscustom,0,0,0,0,0,5,2,4,0,0,1,1,0,0,2,0.16666666666666666,0.3333333333333333,0.0005263157894736842,1899,1549,0.002631578947368421,0.8152631578947368,0,0,1,1,0,1,1,0.16666666666666666,0.3333333333333333,0.5,0,0,1,0,0,1,11,3.277613436819116,0,0,0,0,1,0,0,0,0,28,1,0,0,1,1,0,0,0,0,0,0,0,11,87,2.4849066497880004,4.477336814478207
03zhbcustom,0,0,0,0,0,1,1,0,0,0,1,0,0,0,1,0.5,0.5,0.0006988120195667365,1430,1430,0.0006988120195667365,0.9993011879804332,0,0,1,1,0,1,1,0.5,0.5,0.5,0,0,1,0,0,1,11,3.459431618637298,0,0,0,0,1,0,0,0,0,28,1,0,0,1,1,0,0,0,0,0,0,0,8,28,2.1972245773362196,3.367295829986474
04---js---36---javascript-na-posluziteljskoj-strani,0,0,0,0,0,1,1,0,0,0,1,0,0,0,1,0.5,0.5,0.0012121212121212121,824,824,0.0012121212121212121,0.9987878787878788,0,0,1,1,0,1,1,0.5,0.5,0.5,0,0,13,1,0,1,51,3.9049946461397784,0,0,0,0,1,0,0,0,0,28,1,0,0,1,1,0,0,0,0,0,0,0,10,36,2.3978952727983707,3.6109179126442243
04--cp,0,0,0,0,0,1,1,0,0,0,0,0,0,0,0,0.0,0.0,0.0,406,406,0.002457002457002457,0.9975429975429976,0,0,0,1,0,1,1,0.5,1.0,1.0,0,0,3,1,0,1,6,2.2516291673878226,0,0,0,0,1,0,0,0,0,28,1,0,0,1,1,0,0,0,0,0,0,0,11,37,2.4849066497880004,3.6375861597263857
04--cumt_xh01,0,0,0,0,0,1,1,0,0,0,0,0,0,0,0,0.0,0.0,0.0,406,406,0.002457002457002457,0.9975429975429976,0,0,0,1,0,1,1,0.5,1.0,1.0,0,0,4,1,0,1,13,3.392747410448785,0,0,0,0,1,0,0,0,0,28,1,0,0,1,1,0,0,0,0,0,0,0,10,37,2.3978952727983707,3.6375861597263857
04--cumt_xh_001,0,0,0,0,0,2,2,0,0,0,0,0,0,0,0,0.0,0.0,0.0,406,406,0.004914004914004914,0.9975429975429976,0,0,0,1,0,1,1,0.3333333333333333,1.0,1.0,0,0,5,1,0,1,15,3.3232314287976203,0,0,0,0,1,0,0,0,0,0,1,0,0,1,1,0,0,0,0,0,0,0,12,48,2.5649493574615367,3.8918202981106265
04--cumt_xh_930,0,0,0,0,0,1,1,0,0,0,0,0,0,0,0,0.0,0.0,0.0,406,406,0.002457002457002457,0.9975429975429976,0,0,0,1,0,1,1,0.5,1.0,1.0,0,0,5,1,0,1,15,3.5068905956085183,0,0,0,0,1,0,0,0,0,28,1,0,0,1,1,0,0,0,0,0,0,0,7,24,2.0794415416798357,3.2188758248682006
04--jct_xy_001,0,0,0,0,0,2,2,0,0,0,0,0,0,0,0,0.0,0.0,0.0,406,406,0.004914004914004914,0.9975429975429976,0,0,0,1,0,1,1,0.3333333333333333,1.0,1.0,0,0,5,1,0,1,14,3.1820058147602133,0,0,0,0,1,0,0,0,0,28,1,0,0,1,1,0,0,0,0,0,0,0,12,47,2.5649493574615367,3.871201010907891
04--ssy_001,0,0,0,0,0,5,3,0,2,0,0,0,0,0,0,0.0,0.0,0.0,406,406,0.012285012285012284,0.9975429975429976,0,0,0,1,0,1,1,0.16666666666666666,1.0,1.0,0,0,4,1,0,1,11,2.6635327548042547,0,0,0,0,1,0,0,0,0,28,1,0,0,1,1,0,0,0,0,0,0,0,13,63,2.6390573296152584,4.1588830833596715
04-17,0,0,0,0,0,1,1,0,0,0,1,0,0,0,1,0.5,0.5,0.0004411116012351125,2266,1549,0.0004411116012351125,0.6832818703131892,0,0,1,1,0,1,1,0.5,0.5,0.5,0,0,2,1,0,1,5,2.321928094887362,0,0,0,0,1,0,0,0,0,28,1,0,0,1,1,0,0,0,0,0,0,0,6,25,1.9459101490553132,3.258096538021482
04-17zy,0,0,0,0,0,1,1,0,0,0,1,0,0,0,1,0.5,0.5,0.0004411116012351125,2266,1549,0.0004411116012351125,0.6832818703131892,0,0,1,1,0,1,1,0.5,0.5,0.5,0,0,2,1,0,1,7,2.807354922057604,0,0,0,0,1,0,0,0,0,28,1,0,0,1,1,0,0,0,0,0,0,0,10,34,2.3978952727983707,3.5553480614894135
04-18jineng,0,0,0,0,0,1,1,0,0,0,0,0,0,0,0,0.0,0.0,0.0,2632,1549,0.00037979491074819596,0.5883023167489556,0,0,1,2,0,0,0,1.0,2.0,2.0,0,0,2,1,0,1,11,3.277613436819116,0,0,0,0,1,0,0,0,0,28,1,0,1,1,1,0,0,0,0,0,0,0,8,23,2.1972245773362196,3.1780538303479458
04-a,0,0,0,0,0,1,1,0,0,0,2,0,0,0,2,1.0,1.0,0.0009578544061302681,2087,1549,0.0004789272030651341,0.7418582375478927,0,0,1,1,0,1,1,0.5,0.3333333333333333,0.3333333333333333,0,0,2,1,0,1,4,2.0,0,0,0,0,1,0,0,0,0,28,1,0,0,1,1,0,0,0,0,0,0,0,12,38,2.5649493574615367,3.6635616461296463
04-a4li-contact-numbers-menu-cli,0,0,0,0,0,1,1,0,0,0,1,1,0,0,2,0.5,1.0,0.0013192612137203166,757,757,0.0013192612137203166,0.9986807387862797,0,0,1,1,0,1,1,0.5,0.3333333333333333,0.5,0,0,6,1,0,1,32,3.8400182662886326,0,0,0,0,1,1,0,0,34,28,0,0,0,1,1,0,0,0,0,0,0,0,8,32,2.1972245773362196,3.4965075614664802
04-aamir-contact-numbers-menu-cli,0,0,0,0,0,1,1,0,0,0,1,1,0,0,2,0.5,1.0,0.0013175230566534915,758,758,0.0013175230566534915,0.9986824769433466,0,0,1,1,0,1,1,0.5,0.3333333333333333,0.5,0,0,6,1,0,1,33,3.8132065289617665,0,0,0,0,1,1,0,0,34,28,0,0,0,1,1,0,0,0,0,0,0,0,7,29,2.0794415416798357,3.4011973816621555
04-af-contact-num-cli,0,0,0,0,0,1,1,0,0,0,1,1,0,0,2,0.5,1.0,0.0013089005235602095,763,763,0.0013089005235602095,0.9986910994764397,0,0,1,1,0,1,1,0.5,0.3333333333333333,0.5,0,0,5,1,0,1,21,3.499227541723357,0,0,0,0,1,1,0,0,34,28,0,0,0,1,1,0,0,0,0,0,0,0,8,23,2.1972245773362196,3.1780538303479458
04-ahmyy-todo-list,0,0,0,0,0,1,1,0,0,0,1,2,0,0,3,0.5,1.5,0.0012547051442910915,796,796,0.0012547051442910915,0.998745294855709,0,0,1,1,0,1,1,0.5,0.25,0.5,0,0,4,1,0,1,18,3.5724312513221195,0,0,0,0,1,0,0,0,0,28,1,0,0,1,1,0,0,0,0,0,0,0,9,32,2.302585092994046,3.4965075614664802
04-am-contact-numbers-project-4,0,0,0,0,0,1,1,0,0,0,1,1,0,0,2,0.5,1.0,0.001314060446780552,760,760,0.001314060446780552,0.9986859395532195,0,0,1,1,0,1,1,0.5,0.3333333333333333,0.5,0,0,6,1,0,1,31,3.821311940104173,0,0,0,0,1,0,0,0,33,28,0,0,0,1,1,0,0,0,0,0,0,0,7,32,2.0794415416798357,3.4965075614664802
04-apr-2024,0,0,0,0,0,2,1,0,1,0,1,0,0,0,1,0.3333333333333333,0.3333333333333333,0.001221001221001221,818,818,0.002442002442002442,0.9987789987789988,0,0,1,1,0,1,1,0.3333333333333333,0.5,0.5,0,0,3,1,0,1,11,2.7321588913645702,0,0,0,0,1,1,0,0,0,28,1,0,0,1,1,0,0,0,0,0,0,0,6,37,1.9459101490553132,3.6375861597263857
04-as-contact-numbers-menu-cli,0,0,0,0,0,1,1,0,0,0,3,0,0,0,3,1.5,1.5,0.003968253968253968,755,755,0.0013227513227513227,0.9986772486772487,0,0,1,1,0,1,1,0.5,0.25,0.25,0,0,6,1,0,1,30,3.8029100796497266,0,0,0,0,1,1,0,0,34,28,0,0,0,1,1,0,0,0,0,0,0,0,6,33,1.9459101490553132,3.5263605246161616
04-atm-machine,0,0,0,0,0,1,1,0,0,0,1,2,0,0,3,0.5,1.5,0.0012515644555694619,798,798,0.0012515644555694619,0.9987484355444305,0,0,1,1,0,1,1,0.5,0.25,0.5,0,0,3,1,0,1,14,3.3787834934861767,0,0,0,0,1,0,0,0,0,28,1,0,0,1,1,0,0,0,0,0,0,0,6,30,1.9459101490553132,3.4339872044851463
04-biblitotheque,0,0,0,0,0,1,1,0,0,0,0,18,0,0,18,0.0,9.0,0.0,2715,1549,0.0003681885125184094,0.5703240058910162,0,0,1,1,0,1,1,0.5,0.05263157894736842,1.0,0,0,2,1,0,1,16,3.5,0,0,0,0,1,1,0,0,18,240,0,0,0,1,1,0,0,0,0,0,0,0,10,40,2.3978952727983707,3.713572066704308
04-buildin-nodule,0,0,0,0,0,1,1,0,0,0,0,1,0,0,1,0.0,0.5,0.0,1781,1549,0.0005611672278338945,0.8692480359147026,0,0,1,1,0,1,1,0.5,0.5,1.0,0,0,3,1,0,1,17,3.381580488309164,0,0,0,0,1,0,0,0,0,28,1,0,0,1,1,0,0,0,0,0,0,0,11,35,2.4849066497880004,3.58351893845611
04-class-atm,0,0,0,0,0,1,1,0,0,0,1,1,0,0,2,0.5,1.0,0.0012626262626262627,791,791,0.0012626262626262627,0.9987373737373737,0,0,1,1,0,1,1,0.5,0.3333333333333333,0.5,0,0,3,1,0,1,12,3.0849625007211556,0,0,0,0,1,0,0,0,13,22,0,0,0,1,1,0,0,0,0,0,0,0,7,23,2.0794415416798357,3.1780538303479458
04-code,0,0,0,0,0,1,1,0,0,0,1,0,0,0,1,0.5,0.5,0.0003502626970227671,2854,1549,0.0003502626970227671,0.5425569176882662,0,0,1,1,0,1,1,0.5,0.5,0.5,0,0,2,1,0,1,7,2.807354922057604,0,0,0,0,1,0,0,0,0,28,1,0,0,1,1,0,0,0,0,0,0,0,8,36,2.1972245773362196,3.6109179126442243
04-contact-number-menu-cli,0,0,0,0,0,1,1,0,0,0,1,1,0,0,2,0.5,1.0,0.001310615989515072,762,762,0.001310615989515072,0.9986893840104849,0,0,1,1,0,1,1,0.5,0.3333333333333333,0.5,0,0,5,1,0,1,26,3.719294525666979,0,0,0,0,1,0,0,0,33,28,0,0,0,1,1,0,0,0,0,0,0,0,8,28,2.1972245773362196,3.367295829986474
04-cumt-chenwei,0,0,0,0,0,4,4,0,0,0,0,0,0,0,0,0.0,0.0,0.0,406,406,0.009828009828009828,0.9975429975429976,0,0,0,1,0,1,1,0.2,1.0,1.0,0,0,3,1,0,1,15,3.506890595608519,0,0,0,0,1,0,0,0,0,28,1,0,0,1,1,0,0,0,0,0,0,0,12,76,2.5649493574615367,4.343805421853684
04-cumt_xh_ztc,0,0,0,0,0,2,2,0,0,0,0,0,0,0,0,0.0,0.0,0.0,406,406,0.004914004914004914,0.9975429975429976,0,0,0,1,0,1,1,0.3333333333333333,1.0,1.0,0,0,4,1,0,1,14,3.378783493486176,0,0,0,0,1,0,0,0,0,28,1,0,0,1,1,0,0,0,0,0,0,0,6,44,1.9459101490553132,3.8066624897703196
04-cumt_xh_zzh,0,0,0,0,0,2,2,0,0,0,0,0,0,0,0,0.0,0.0,0.0,406,406,0.004914004914004914,0.9975429975429976,0,0,0,1,0,1,1,0.3333333333333333,1.0,1.0,0,0,4,1,0,1,14,3.3787834934861767,0,0,0,0,1,0,0,0,0,28,1,0,0,1,1,0,0,0,0,0,0,0,12,50,2.5649493574615367,3.9318256327243257
04-cumt_yj_001,0,0,0,0,0,2,2,0,0,0,0,0,0,0,0,0.0,0.0,0.0,406,406,0.004914004914004914,0.9975429975429976,0,0,0,1,0,1,1,0.3333333333333333,1.0,1.0,0,0,4,1,0,1,14,3.3248629576173565,0,0,0,0,1,0,0,0,0,28,1,0,0,1,1,0,0,0,0,0,0,0,11,46,2.4849066497880004,3.8501476017100584
04-cumt_zxy_001,0,0,0,0,0,1,1,0,0,0,0,0,0,0,0,0.0,0.0,0.0,406,406,0.002457002457002457,0.9975429975429976,0,0,0,1,0,1,1,0.5,1.0,1.0,0,0,4,1,0,1,15,3.4565647621309536,0,0,0,0,1,0,0,0,0,28,1,0,0,1,1,0,0,0,0,0,0,0,10,35,2.3978952727983707,3.58351893845611
04-cumtxh_134,0,0,0,0,0,1,1,0,0,0,0,0,0,0,0,0.0,0.0,0.0,406,406,0.002457002457002457,0.9975429975429976,0,0,0,1,0,1,1,0.5,1.0,1.0,0,0,3,1,0,1,13,3.5465935642949384,0,0,0,0,1,0,0,0,0,0,1,0,0,1,1,0,0,0,0,0,0,0,12,43,2.5649493574615367,3.784189633918261
04-currency-converter-huzaifak,0,0,0,0,0,1,1,1,0,0,2,3,0,0,5,1.0,2.5,0.001557632398753894,1283,1283,0.000778816199376947,0.9992211838006231,0,0,1,1,0,1,1,0.5,0.16666666666666666,0.3333333333333333,0,0,4,1,0,1,30,3.964735178725505,0,0,0,0,1,0,0,0,0,28,1,0,0,1,1,0,0,0,0,0,0,0,8,35,2.1972245773362196,3.58351893845611
04-currency_converter,0,0,0,0,0,2,1,0,1,0,2,2,0,0,4,0.6666666666666666,1.3333333333333333,0.0017006802721088435,1175,1175,0.0017006802721088435,0.9991496598639455,0,0,1,1,0,1,1,0.3333333333333333,0.2,0.3333333333333333,0,0,3,1,0,1,21,3.463280517810811,0,0,0,0,1,0,0,0,0,28,1,0,0,1,1,0,0,0,0,0,0,0,10,48,2.3978952727983707,3.8918202981106265
04-custom,0,0,0,0,0,1,1,0,0,0,1,0,0,0,1,0.5,0.5,0.0005313496280552603,1881,1549,0.0005313496280552603,0.8230605738575983,0,0,1,1,0,1,1,0.5,0.5,0.5,0,0,2,1,0,1,9,3.169925001442312,0,0,0,0,1,0,0,0,0,28,1,0,0,1,1,0,0,0,0,0,0,0,10,32,2.3978952727983707,3.4965075614664802
04-custom-zx,0,0,0,0,0,1,1,0,0,0,1,0,0,0,1,0.5,0.5,0.0009057971014492754,1103,1103,0.0009057971014492754,0.9990942028985508,0,0,1,1,0,1,1,0.5,0.5,0.5,0,0,3,1,0,1,12,3.4182958340544896,0,0,0,0,1,0,0,0,0,28,1,0,0,1,1,0,0,0,0,0,0,0,7,31,2.0794415416798357,3.4657359027997265
04-cute-puppies-cli-package,0,0,0,0,0,2,2,0,0,0,0,0,0,0,0,0.0,0.0,0.0,1417,1417,0.0014104372355430183,0.9992947813822285,0,0,1,1,0,1,1,0.3333333333333333,1.0,1.0,0,0,5,1,0,1,27,3.5878587982995085,0,0,0,0,1,0,0,0,0,28,1,0,0,1,1,0,0,0,0,0,0,0,7,54,2.0794415416798357,4.007333185232471
04-erqi-package,0,0,0,0,0,1,1,0,0,0,1,0,0,0,1,0.5,0.5,0.0005681818181818182,1759,1549,0.0005681818181818182,0.8801136363636364,0,0,1,1,0,1,1,0.5,0.5,0.5,0,0,3,1,0,1,15,3.506890595608519,0,0,0,0,1,0,0,0,0,28,1,0,0,1,1,0,0,0,0,0,0,0,7,31,2.0794415416798357,3.4657359027997265
04-es-modules,0,0,0,0,0,1,1,0,0,0,1,0,0,0,1,0.5,0.5,0.004405286343612335,226,226,0.004405286343612335,0.9955947136563876,0,0,0,1,0,1,1,0.5,0.5,0.5,0,0,3,1,0,1,13,3.238901256602631,0,0,0,0,1,0,0,0,0,28,1,0,0,1,1,0,0,0,0,0,0,0,11,36,2.4849066497880004,3.6109179126442243
04-hb_bd_10086,0,0,0,0,0,1,1,0,0,0,0,0,0,0,0,0.0,0.0,0.0,406,406,0.002457002457002457,0.9975429975429976,0,0,0,1,0,1,1,0.5,1.0,1.0,0,0,4,1,0,1,14,3.182005814760214,0,0,0,0,1,0,0,0,0,0,1,0,0,1,1,0,0,0,0,0,0,0,7,30,2.0794415416798357,3.4339872044851463
04-hhy_1,0,0,0,0,0,1,1,0,0,0,0,0,0,0,0,0.0,0.0,0.0,406,406,0.002457002457002457,0.9975429975429976,0,0,0,1,0,1,1,0.5,1.0,1.0,0,0,3,1,0,1,8,2.75,0,0,0,0,1,0,0,0,0,0,1,0,0,1,1,0,0,0,0,0,0,0,6,33,1.9459101490553132,3.5263605246161616
04-hyt,0,0,0,0,0,1,1,0,0,0,0,0,0,0,0,0.0,0.0,0.0,1527,1527,0.0006544502617801048,0.9993455497382199,0,0,1,1,0,1,1,0.5,1.0,1.0,0,0,2,1,0,1,6,2.584962500721156,0,0,0,0,1,0,0,0,0,28,1,0,0,1,1,0,0,0,0,0,0,0,8,26,2.1972245773362196,3.295836866004329
04-ib-contact-numbers-menu-cli,0,0,0,0,0,1,1,0,0,0,1,1,0,0,2,0.5,1.0,0.0012970168612191958,770,770,0.0012970168612191958,0.9987029831387808,0,0,1,1,0,1,1,0.5,0.3333333333333333,0.5,0,0,6,1,0,1,30,3.8029100796497266,0,0,0,0,1,1,0,0,34,28,0,0,0,1,1,0,0,0,0,0,0,0,9,35,2.302585092994046,3.58351893845611
04-jr-contact-number-menu,0,0,0,0,0,2,1,0,1,0,1,1,0,0,2,0.3333333333333333,0.6666666666666666,0.001310615989515072,762,762,0.002621231979030144,0.9986893840104849,0,0,1,1,0,1,1,0.3333333333333333,0.3333333333333333,0.5,0,0,5,1,0,1,25,3.653660689688186,0,0,0,0,1,1,0,0,33,28,0,0,0,1,1,0,0,0,0,0,0,0,10,36,2.3978952727983707,3.6109179126442243
04-kt-contact-numbers-menu-cli,0,0,0,0,0,1,1,0,0,0,1,1,0,0,2,0.5,1.0,0.0013089005235602095,763,763,0.0013089005235602095,0.9986910994764397,0,0,1,1,0,1,1,0.5,0.3333333333333333,0.5,0,0,6,1,0,1,30,3.844413829577611,0,0,0,0,1,1,0,0,34,28,0,0,0,1,1,0,0,0,0,0,0,0,7,27,2.0794415416798357,3.332204510175204
04-lh_utils,0,0,0,0,0,2,1,1,0,0,0,0,0,0,0,0.0,0.0,0.0,1403,1402,0.0014245014245014246,0.9985754985754985,0,0,1,1,0,1,1,0.3333333333333333,1.0,1.0,0,0,3,1,0,1,11,3.277613436819116,0,0,0,0,1,1,1,2,18,28,0,0,0,1,1,0,0,0,0,0,0,0,10,51,2.3978952727983707,3.9512437185814275
04-librerias,0,0,0,0,0,3,1,1,0,0,0,0,0,0,0,0.0,0.0,0.0,2368,1549,0.001266357112705783,0.6538623891937526,0,0,1,1,0,1,1,0.25,1.0,1.0,0,0,2,1,0,1,12,3.2516291673878226,0,0,0,0,1,1,1,4,23,28,0,0,0,1,1,0,0,0,0,0,0,0,16,87,2.833213344056216,4.477336814478207
04-lion,0,0,0,0,0,3,1,2,0,0,0,0,0,0,0,0.0,0.0,0.0,1837,1549,0.001632208922742111,0.8427638737758433,0,0,1,1,0,1,1,0.25,1.0,1.0,0,0,2,1,0,1,7,2.807354922057604,0,0,0,0,1,0,0,0,0,28,1,0,0,1,1,0,0,0,0,0,0,0,12,62,2.5649493574615367,4.143134726391533
04-lion-lib,0,0,0,0,0,3,1,1,0,0,0,0,0,0,0,0.0,0.0,0.0,2663,1549,0.0011261261261261261,0.5814564564564565,0,0,1,1,0,1,1,0.25,1.0,1.0,0,0,3,1,0,1,11,2.9139770731827523,0,0,0,0,1,0,0,0,0,28,1,0,0,1,1,0,0,0,0,0,0,0,12,58,2.5649493574615367,4.07753744390572
04-mini-indexer,0,0,0,0,0,1,1,0,0,0,2,0,0,0,2,1.0,1.0,0.3333333333333333,5,5,0.16666666666666666,0.8333333333333334,1,1,0,1,0,1,1,0.5,0.3333333333333333,0.3333333333333333,0,0,3,1,0,1,15,3.1898980954642875,0,0,0,0,1,0,0,0,0,28,1,0,0,1,1,0,0,0,0,0,0,0,128,128,4.859812404361672,4.859812404361672
04-musicplayer,0,0,0,0,0,1,1,0,0,0,1,0,0,0,1,0.5,0.5,0.0003614022406938923,2766,1549,0.0003614022406938923,0.5598120708348392,0,0,1,1,0,1,1,0.5,0.5,0.5,0,0,2,1,0,1,14,3.8073549220576055,0,0,0,0,1,0,0,0,0,28,1,0,0,1,1,0,0,0,0,0,0,0,10,33,2.3978952727983707,3.5263605246161616
04-my-self,0,0,0,0,0,1,1,0,0,0,0,0,0,0,0,0.0,0.0,0.0,2577,1549,0.0003878975950349108,0.6008533747090768,0,0,1,1,0,1,1,0.5,1.0,1.0,0,0,3,1,0,1,10,3.121928094887362,0,0,0,0,1,0,0,0,0,28,1,0,0,1,1,0,0,0,0,0,0,0,7,30,2.0794415416798357,3.4339872044851463
04-node-app,0,0,0,0,0,1,1,1,0,0,1,0,0,0,1,0.5,0.5,0.0008110300081103001,1232,1232,0.0008110300081103001,0.9991889699918897,0,0,1,1,0,1,1,0.5,0.5,0.5,0,0,3,1,0,1,11,3.095795255000934,0,0,0,0,1,0,0,0,0,28,1,0,0,1,1,0,0,0,0,0,0,0,9,34,2.302585092994046,3.5553480614894135
04-node-ts-boilerplate,0,0,0,0,0,1,1,0,1,0,0,3,0,0,3,0.0,1.5,0.0,1675,1549,0.0005966587112171838,0.9242243436754176,0,0,1,1,0,1,1,0.5,0.25,1.0,0,0,4,1,0,1,22,3.754441845713345,0,0,0,0,1,0,0,0,0,28,1,0,0,4,1,0,0,0,0,0,0,0,8,29,2.1972245773362196,3.4011973816621555
04-notes-app,0,0,0,0,0,1,1,0,0,0,2,0,0,0,2,1.0,1.0,0.002008032128514056,995,995,0.001004016064257028,0.998995983935743,0,0,1,1,0,1,1,0.5,0.3333333333333333,0.3333333333333333,0,0,3,1,0,1,12,3.2516291673878226,0,0,0,0,1,0,0,0,0,28,1,0,0,1,1,0,0,0,0,0,0,0,11,33,2.4849066497880004,3.5263605246161616
04-notes-app-suraj,0,0,0,0,0,1,1,0,0,0,2,0,0,0,2,1.0,1.0,0.002008032128514056,995,995,0.001004016064257028,0.998995983935743,0,0,1,1,0,1,1,0.5,0.3333333333333333,0.3333333333333333,0,0,4,1,0,1,18,3.5724312513221195,0,0,0,0,1,0,0,0,0,28,1,0,0,1,1,0,0,0,0,0,0,0,11,38,2.4849066497880004,3.6635616461296463
04-npm-library,0,0,0,0,0,2,1,1,0,0,0,0,0,0,0,0.0,0.0,0.0,437,437,0.0045662100456621,0.997716894977169,0,0,0,1,0,1,1,0.3333333333333333,1.0,1.0,0,0,3,1,0,1,14,3.521640636343319,0,0,0,0,1,0,0,0,0,28,1,0,0,1,1,0,0,0,0,0,0,0,12,57,2.5649493574615367,4.060443010546419
04-npm-publish,0,0,0,0,0,3,1,2,0,0,1,0,0,0,1,0.25,0.25,0.00041118421052631577,2431,1549,0.0012335526315789473,0.6369243421052632,0,0,1,1,0,1,1,0.25,0.5,0.5,0,0,3,1,0,1,14,3.521640636343319,0,0,0,0,1,0,1,2,0,28,1,0,0,1,1,0,0,0,0,0,0,0,12,61,2.5649493574615367,4.127134385045092
04-npm_fabu,0,0,0,0,0,1,1,0,0,0,0,0,0,0,0,0.0,0.0,0.0,1398,1398,0.0007147962830593281,0.9992852037169406,0,0,1,1,0,1,1,0.5,1.0,1.0,0,0,3,1,0,1,11,3.459431618637298,0,0,0,0,1,0,0,0,4,28,0,0,0,1,1,0,0,0,0,0,0,0,11,39,2.4849066497880004,3.6888794541139363
04-npmbag,0,0,0,0,0,1,1,0,0,0,0,0,0,0,0,0.0,0.0,0.0,1472,1472,0.0006788866259334691,0.9993211133740665,0,0,1,1,0,1,1,0.5,1.0,1.0,0,0,2,1,0,1,9,3.169925001442312,0,0,0,0,1,0,0,0,0,28,1,0,0,1,1,0,0,0,0,0,0,0,6,31,1.9459101490553132,3.4657359027997265
04-npmmodulos,0,0,0,0,0,2,1,1,0,0,1,0,0,0,1,0.3333333333333333,0.3333333333333333,0.002008032128514056,497,497,0.004016064257028112,0.9979919678714859,0,0,0,1,0,1,1,0.3333333333333333,0.5,0.5,0,0,2,1,0,1,13,3.3927474104487847,0,0,0,0,1,1,0,0,0,37,1,0,0,1,1,0,0,0,0,0,0,0,12,58,2.5649493574615367,4.07753744390572
04-oct,0,0,0,0,0,1,1,0,0,0,0,0,0,0,0,0.0,0.0,0.0,3192,1480,0.00031318509238960227,0.46351393673661134,0,0,1,1,0,1,1,0.5,1.0,1.0,0,0,2,1,0,1,6,2.584962500721156,0,0,0,0,1,1,0,0,24,28,0,0,0,1,1,0,0,0,0,0,0,0,11,37,2.4849066497880004,3.6375861597263857
04-packages-and-dependencies,0,0,0,0,0,1,0,0,1,0,1,1,0,0,2,0.5,1.0,0.0006451612903225806,1549,1549,0.0006451612903225806,0.9993548387096775,0,0,1,1,0,1,1,0.5,0.3333333333333333,0.5,0,0,4,1,0,1,28,3.499169547661509,0,0,0,0,1,1,0,0,0,28,1,0,0,4,1,0,0,0,0,0,0,0,7,32,2.0794415416798357,3.4965075614664802
04-project-contact-num-menu,0,0,0,0,0,1,1,0,1,0,1,1,0,0,2,0.5,1.0,0.00130718954248366,764,764,0.00130718954248366,0.9986928104575163,0,0,1,1,0,1,1,0.5,0.3333333333333333,0.5,0,0,5,1,0,1,27,3.6339740759971573,0,0,0,0,1,1,0,0,84,28,0,0,0,1,1,0,0,0,0,0,0,0,7,32,2.0794415416798357,3.4965075614664802
04-publish-ts-package,0,0,0,0,0,6,1,0,5,0,0,0,0,0,0,0.0,0.0,0.0,504,504,0.011881188118811881,0.998019801980198,0,0,0,1,0,1,1,0.14285714285714285,1.0,1.0,0,0,4,1,0,1,21,3.880179922675737,0,0,0,0,1,0,0,0,0,28,1,0,0,1,1,0,0,0,0,0,0,0,11,75,2.4849066497880004,4.330733340286331
04-qsmodules,0,0,0,0,0,2,1,1,1,0,0,0,0,0,0,0.0,0.0,0.0,1780,1549,0.0011229646266142617,0.8697361033127456,0,0,1,1,0,1,1,0.3333333333333333,1.0,1.0,0,0,2,1,0,1,12,3.4182958340544896,0,0,0,0,1,1,0,0,31,98,0,0,0,1,1,0,0,0,0,0,0,0,8,49,2.1972245773362196,3.912023005428146
04-random,0,0,0,0,0,1,1,0,0,0,1,0,0,0,1,0.5,0.5,0.001128668171557562,885,885,0.001128668171557562,0.9988713318284425,0,0,1,1,0,1,1,0.5,0.5,0.5,0,0,2,1,0,1,9,3.169925001442312,0,0,0,0,1,1,1,4,35,28,0,0,0,1,1,0,0,0,0,0,0,0,9,27,2.302585092994046,3.332204510175204
04-random-color,0,0,0,0,0,1,1,0,0,0,1,0,0,0,1,0.5,0.5,0.001128668171557562,885,885,0.001128668171557562,0.9988713318284425,0,0,1,1,0,1,1,0.5,0.5,0.5,0,0,3,1,0,1,15,3.32323142879762,0,0,0,0,1,1,1,6,35,28,0,0,0,1,1,0,0,0,0,0,0,0,9,37,2.302585092994046,3.6375861597263857
04-rsib_contact-numbers-menue_cli,0,0,0,0,0,2,1,0,1,0,5,1,0,0,6,1.6666666666666667,2.0,0.006561679790026247,761,761,0.0026246719160104987,0.9986876640419947,0,0,1,1,0,1,1,0.3333333333333333,0.14285714285714285,0.16666666666666666,0,0,6,1,0,1,33,3.9831956342477306,0,0,0,0,1,1,0,0,71,1044,0,0,0,1,1,0,0,0,0,0,0,0,10,44,2.3978952727983707,3.8066624897703196
04-rubab_todo-list,0,0,0,0,0,1,1,0,0,0,1,2,0,0,3,0.5,1.5,0.0012787723785166241,781,781,0.0012787723785166241,0.9987212276214834,0,0,1,1,0,1,1,0.5,0.25,0.5,0,0,4,1,0,1,18,3.7254805569978675,0,0,0,0,1,0,0,0,0,28,1,0,0,1,1,0,0,0,0,0,0,0,10,36,2.3978952727983707,3.6109179126442243
04-self,0,0,0,0,0,2,1,0,1,0,1,0,0,0,1,0.3333333333333333,0.3333333333333333,0.0005047955577990914,1980,1549,0.0010095911155981827,0.7819283190307925,0,0,1,1,0,1,1,0.3333333333333333,0.5,0.5,0,0,2,1,0,1,7,2.807354922057604,0,0,0,0,1,0,1,1,0,28,1,0,0,1,1,0,0,0,0,0,0,0,11,36,2.4849066497880004,3.6109179126442243
04-selflkh,0,0,0,0,0,1,1,0,0,0,1,0,0,0,1,0.5,0.5,0.0011695906432748538,854,854,0.0011695906432748538,0.9988304093567252,0,0,1,1,0,1,1,0.5,0.5,0.5,0,0,2,1,0,1,10,3.121928094887362,0,0,0,0,1,0,0,0,0,28,1,0,0,1,1,0,0,0,0,0,0,0,10,31,2.3978952727983707,3.4657359027997265
04-starshipz,0,0,0,0,0,1,1,1,2,0,1,0,0,0,1,0.5,0.5,0.0005359056806002144,1865,1549,0.0005359056806002144,0.830117899249732,0,0,1,1,0,1,1,0.5,0.5,0.5,0,0,2,1,0,1,12,3.4182958340544896,0,0,0,0,1,0,0,0,0,28,1,0,0,1,1,0,0,0,0,0,0,0,7,30,2.0794415416798357,3.4339872044851463
04-szhm_wcy,0,0,0,0,0,1,1,0,0,0,0,0,0,0,0,0.0,0.0,0.0,2722,1549,0.0003672420124862284,0.5688578773411679,0,0,1,1,0,1,1,0.5,1.0,1.0,0,0,3,1,0,1,11,3.459431618637298,0,0,0,0,1,0,0,0,0,28,1,0,0,1,1,0,0,0,0,0,0,0,7,31,2.0794415416798357,3.4657359027997265
04-tareas-hacer,0,0,0,0,0,1,1,0,0,0,3,0,0,0,3,1.5,1.5,0.002542372881355932,1179,1179,0.000847457627118644,0.9991525423728813,0,0,1,1,0,1,1,0.5,0.25,0.25,0,0,3,1,0,1,15,3.1898980954642875,0,0,0,0,1,0,0,0,0,28,1,0,0,1,1,0,0,0,0,0,0,0,9,33,2.302585092994046,3.5263605246161616
04-test,0,0,0,0,0,2,1,0,1,0,1,0,0,0,1,0.3333333333333333,0.3333333333333333,0.0006485084306095979,1541,1541,0.0012970168612191958,0.9993514915693904,0,0,1,1,0,1,1,0.3333333333333333,0.5,0.5,0,0,2,1,0,1,7,2.521640636343318,0,0,0,0,1,0,0,0,0,28,1,0,0,1,1,0,0,0,0,0,0,0,9,38,2.302585092994046,3.6635616461296463
04-todolist,0,0,0,0,0,1,1,0,0,0,4,5,0,0,9,2.0,4.5,0.004634994206257242,862,862,0.0011587485515643105,0.9988412514484357,0,0,1,1,0,1,1,0.5,0.1,0.2,0,0,2,1,0,1,11,3.095795255000934,0,0,0,0,1,0,0,0,185,651,0,0,0,1,1,0,0,0,0,0,0,0,7,27,2.0794415416798357,3.332204510175204
04-webpack-numbers,0,0,0,0,0,4,1,0,3,0,0,4,0,0,4,0.0,0.8,0.0,1309,1309,0.0030534351145038168,0.999236641221374,0,0,1,1,0,1,1,0.2,0.2,1.0,0,0,3,1,0,1,18,3.8365916681089787,0,0,0,0,1,0,0,0,0,28,1,0,0,1,1,0,0,0,0,0,0,0,11,62,2.4849066497880004,4.143134726391533
04-wkj_001,0,0,0,0,0,1,1,0,0,0,0,0,0,0,0,0.0,0.0,0.0,406,406,0.002457002457002457,0.9975429975429976,0,0,0,1,0,1,1,0.5,1.0,1.0,0,0,3,1,0,1,10,2.846439344671016,0,0,0,0,1,0,0,0,0,28,1,0,0,1,1,0,0,0,0,0,0,0,11,35,2.4849066497880004,3.58351893845611
04-yang1020,0,0,0,0,0,1,1,0,1,0,1,0,0,0,1,0.5,0.5,0.0004426737494466578,2258,1549,0.0004426737494466578,0.685701637892873,0,0,1,1,0,1,1,0.5,0.5,0.5,0,0,2,1,0,1,11,3.027169118440619,1,0,0,0,1,1,1,1,0,28,1,0,0,1,1,0,0,0,0,0,0,0,5,22,1.791759469228055,3.1354942159291497
04-zkapp-browser-ui,0,0,0,0,0,4,1,1,4,0,1,0,0,0,1,0.2,0.2,0.0011750881316098707,850,845,0.004700352526439483,0.9929494712103408,0,0,1,1,0,1,1,0.2,0.5,0.5,0,0,4,1,0,1,19,3.7871439606981387,1,1,1,1,1,0,1,1,189,7005,0,0,0,1,1,0,0,0,0,0,0,0,11,68,2.4849066497880004,4.23410650459726
04.12.2017,0,0,0,0,0,1,1,0,0,0,0,0,0,0,0,0.0,0.0,0.0,3131,1549,0.00031928480204342275,0.4945721583652618,0,0,1,1,0,1,1,0.5,1.0,1.0,0,0,3,0,1,1,10,2.5219280948873624,0,0,0,0,1,1,1,2,40,28,0,0,0,1,1,0,0,0,0,0,0,0,11,36,2.4849066497880004,3.6109179126442243
04.currency-converter-by-alina,0,0,0,0,0,1,1,0,0,0,1,2,0,0,3,0.5,1.5,0.0013297872340425532,751,751,0.0013297872340425532,0.9986702127659575,0,0,1,1,0,1,1,0.5,0.25,0.5,0,0,5,1,1,1,30,3.872905595320056,0,0,0,0,1,1,0,0,122,28,0,0,0,1,1,0,0,0,0,0,0,0,9,38,2.302585092994046,3.6635616461296463
0402334_game,0,0,0,0,0,2,1,0,3,0,1,2,0,0,3,0.3333333333333333,1.0,0.0012091898428053204,826,826,0.0024183796856106408,0.9987908101571947,0,0,1,1,0,1,1,0.3333333333333333,0.25,0.5,0,0,2,0,0,1,12,3.084962500721156,0,0,0,0,1,1,0,0,15,28,0,0,0,1,1,0,0,0,0,0,0,0,8,38,2.1972245773362196,3.6635616461296463
0402334g-game,0,0,0,0,0,1,1,0,1,0,1,2,0,0,3,0.5,1.5,0.0012091898428053204,826,826,0.0012091898428053204,0.9987908101571947,0,0,1,1,0,1,1,0.5,0.25,0.5,0,0,2,1,0,1,13,3.085055102756477,0,0,0,0,1,1,0,0,15,28,0,0,0,1,1,0,0,0,0,0,0,0,8,24,2.1972245773362196,3.2188758248682006
0404-atm,0,0,0,0,0,3,1,0,3,0,1,1,0,0,2,0.25,0.5,0.0012239902080783353,816,816,0.0036719706242350062,0.9987760097919217,0,0,1,1,0,1,1,0.25,0.3333333333333333,0.5,0,0,2,1,0,1,8,2.5,0,0,0,0,1,0,0,0,28,41,0,0,0,1,1,0,0,0,0,0,0,0,5,54,1.791759469228055,4.007333185232471
040market,0,0,0,0,0,1,1,1,4,0,3,9,0,0,12,1.5,6.0,0.0035502958579881655,844,844,0.001183431952662722,0.9988165680473373,0,0,1,1,0,1,1,0.5,0.07692307692307693,0.25,0,0,1,0,0,1,9,2.9477027792200903,1,1,1,1,1,0,0,0,159,1383,0,0,0,4,1,0,0,0,0,0,0,0,6,32,1.9459101490553132,3.4965075614664802
041-lion-lib,0,0,0,0,0,2,1,1,0,0,0,0,0,0,0,0.0,0.0,0.0,1870,1549,0.0010689470871191875,0.8278995189738108,0,0,1,1,0,1,1,0.3333333333333333,1.0,1.0,0,0,3,1,0,1,12,3.084962500721156,0,0,0,0,1,0,0,0,0,28,1,0,0,1,1,0,0,0,0,0,0,0,10,53,2.3978952727983707,3.9889840465642745
0417-eee-9012,0,0,0,0,0,1,0,0,2,0,0,0,0,0,0,0.0,0.0,0.0,2633,1549,0.00037965072133637056,0.588078967350038,0,0,1,1,0,1,1,0.5,1.0,1.0,0,0,3,1,0,1,13,2.8731406795131336,0,0,0,0,1,1,1,1,8,28,0,0,0,1,1,0,0,0,0,0,0,0,7,30,2.0794415416798357,3.4339872044851463
0419--zqq,0,0,0,0,0,1,1,0,0,0,0,0,0,0,0,0.0,0.0,0.0,1899,1549,0.0005263157894736842,0.8152631578947368,0,0,1,1,0,1,1,0.5,1.0,1.0,0,0,3,1,0,1,9,2.725480556997868,0,0,0,0,1,0,0,0,0,28,1,0,0,1,1,0,0,0,0,0,0,0,9,43,2.302585092994046,3.784189633918261
0419_jianglong,0,0,0,0,0,1,1,0,0,0,0,0,0,0,0,0.0,0.0,0.0,1534,1534,0.0006514657980456026,0.9993485342019544,0,0,1,1,0,1,1,0.5,1.0,1.0,0,0,2,0,0,1,14,3.521640636343319,0,0,0,0,1,0,0,0,0,28,1,0,0,1,1,0,0,0,0,0,0,0,7,30,2.0794415416798357,3.4339872044851463
0419chengjinhong,0,0,0,0,0,1,1,0,0,0,0,0,0,0,0,0.0,0.0,0.0,1534,1534,0.0006514657980456026,0.9993485342019544,0,0,1,1,0,1,1,0.5,1.0,1.0,0,0,1,0,0,1,16,3.452819531114783,0,0,0,0,1,0,0,0,0,28,1,0,0,1,1,0,0,0,0,0,0,0,7,29,2.0794415416798357,3.4011973816621555
0419liujinhong,0,0,0,0,0,1,1,0,0,0,0,0,0,0,0,0.0,0.0,0.0,1534,1534,0.0006514657980456026,0.9993485342019544,0,0,1,1,0,1,1,0.5,1.0,1.0,0,0,1,0,0,1,14,3.521640636343319,0,0,0,0,1,0,0,0,0,28,1,0,0,1,1,0,0,0,0,0,0,0,7,37,2.0794415416798357,3.6375861597263857
041ysk,0,0,0,0,0,1,1,3,0,0,0,0,0,0,0,0.0,0.0,0.0,1152,1152,0.0008673026886383347,0.9991326973113617,0,0,1,1,0,1,1,0.5,1.0,1.0,0,0,1,0,0,1,6,2.584962500721156,0,0,0,0,1,1,0,0,6,681,0,0,0,1,1,0,0,0,0,0,0,0,50,136,3.9318256327243257,4.919980925828125
0420rk1,0,0,0,0,0,2,1,1,0,0,2,0,0,0,2,0.6666666666666666,0.6666666666666666,0.0017094017094017094,1169,1169,0.0017094017094017094,0.9991452991452991,0,0,1,1,0,1,1,0.3333333333333333,0.3333333333333333,0.3333333333333333,0,0,1,0,0,1,7,2.521640636343318,0,0,0,0,1,0,0,0,0,28,1,0,0,1,1,0,0,0,0,0,0,0,10,44,2.3978952727983707,3.8066624897703196
0423-lijintao,0,0,0,0,0,1,1,0,0,0,0,0,0,0,0,0.0,0.0,0.0,1529,1529,0.00065359477124183,0.9993464052287582,0,0,1,1,0,1,1,0.5,1.0,1.0,0,0,2,1,0,1,13,3.5465935642949384,0,0,0,0,1,0,0,0,0,28,1,0,0,1,1,0,0,0,0,0,0,0,5,27,1.791759469228055,3.332204510175204
04238y,0,0,0,0,0,1,3,3,9,0,0,0,0,0,0,0.0,0.0,0.0,1153,1153,0.0008665511265164644,0.9991334488734835,0,0,1,1,0,1,1,0.5,1.0,1.0,0,0,1,0,0,1,6,2.584962500721156,0,0,0,0,1,1,0,0,6,580,0,0,0,1,1,0,0,0,0,0,0,0,10,28,2.3978952727983707,3.367295829986474
0425-imooc-test,0,0,0,0,0,1,1,0,0,0,0,0,0,0,0,0.0,0.0,0.0,1893,1549,0.0005279831045406547,0.8178458289334741,0,0,1,1,0,1,1,0.5,1.0,1.0,0,0,3,1,0,1,15,3.5068905956085183,0,0,0,0,1,0,0,0,0,28,1,0,0,1,1,0,0,0,0,0,0,0,9,48,2.302585092994046,3.8918202981106265
042501bj,0,0,0,0,0,2,1,0,1,0,0,0,0,0,0,0.0,0.0,0.0,1445,1445,0.0013831258644536654,0.9993084370677732,0,0,1,1,0,1,1,0.3333333333333333,1.0,1.0,0,0,1,0,0,1,8,2.75,0,0,0,0,1,0,0,0,0,28,1,0,0,1,1,0,0,0,0,0,0,0,9,42,2.302585092994046,3.7612001156935624
0425xm,0,0,0,0,0,2,1,0,1,0,0,0,0,0,0,0.0,0.0,0.0,1445,1445,0.0013831258644536654,0.9993084370677732,0,0,1,1,0,1,1,0.3333333333333333,1.0,1.0,0,0,1,0,0,1,6,2.584962500721156,0,0,0,0,1,0,0,0,0,28,1,0,0,1,1,0,0,0,0,0,0,0,5,33,1.791759469228055,3.5263605246161616
0425zjhdemofn,0,0,0,0,0,2,1,0,1,0,0,0,0,0,0,0.0,0.0,0.0,1445,1445,0.0013831258644536654,0.9993084370677732,0,0,1,1,0,1,1,0.3333333333333333,1.0,1.0,0,0,1,0,0,1,13,3.7004397181410926,0,0,0,0,1,0,0,0,0,28,1,0,0,1,1,0,0,0,0,0,0,0,8,33,2.1972245773362196,3.5263605246161616
0427rkpublish,0,0,0,0,0,1,1,0,0,0,1,0,0,0,1,0.5,0.5,0.0006544502617801048,1527,1527,0.0006544502617801048,0.9993455497382199,0,0,1,1,0,1,1,0.5,0.5,0.5,0,0,1,0,0,1,13,3.7004397181410926,0,0,0,0,1,0,0,0,0,28,1,0,0,1,1,0,0,0,0,0,0,0,6,32,1.9459101490553132,3.4965075614664802
042vcz,0,0,0,0,0,1,3,3,1,0,0,0,0,0,0,0.0,0.0,0.0,1152,1152,0.0008673026886383347,0.9991326973113617,0,0,1,1,0,1,1,0.5,1.0,1.0,0,0,1,0,0,1,6,2.584962500721156,0,0,0,0,1,1,0,0,6,539,0,0,0,1,1,0,0,0,0,0,0,0,9,35,2.302585092994046,3.58351893845611
045he8,0,0,0,0,0,1,1,0,6,0,0,0,0,0,0,0.0,0.0,0.0,1153,1153,0.0008665511265164644,0.9991334488734835,0,0,1,1,0,1,1,0.5,1.0,1.0,0,0,1,0,0,1,6,2.584962500721156,0,0,0,0,1,1,0,0,6,594,0,0,0,1,1,0,0,0,0,0,0,0,11,39,2.4849066497880004,3.6888794541139363
047izeohvgns,0,0,0,0,0,24,2,24,17,0,0,0,0,0,0,0.0,0.0,0.0,533,532,0.0449438202247191,0.9962546816479401,0,0,0,1,0,1,1,0.04,1.0,1.0,0,0,1,0,0,1,12,3.584962500721156,0,0,0,0,1,0,0,0,31,28,0,0,0,1,1,0,0,0,0,0,0,0,36,180,3.6109179126442243,5.198497031265826
047pegasus,0,0,0,0,0,1,3,1,0,0,0,3,0,0,3,0.0,1.5,0.0,1091,1091,0.0009157509157509158,0.9990842490842491,0,0,1,1,0,1,1,0.5,0.25,1.0,0,0,1,0,0,1,10,3.121928094887362,1,1,1,1,1,1,1,6,49,293,0,0,0,4,1,0,0,0,0,1,1,1,9,35,2.302585092994046,3.58351893845611
04_111,0,0,0,0,0,1,1,0,0,0,0,0,0,0,0,0.0,0.0,0.0,3135,1549,0.00031887755102040814,0.49394132653061223,0,0,1,1,0,1,1,0.5,1.0,1.0,0,0,2,0,0,1,6,1.7924812503605778,0,0,0,0,1,0,0,0,0,28,1,0,0,1,1,0,0,0,0,0,0,0,9,31,2.302585092994046,3.4657359027997265
04_anosha_currency_converter,0,0,0,0,0,1,1,0,0,0,1,1,0,0,2,0.5,1.0,0.001379310344827586,724,724,0.001379310344827586,0.9986206896551724,0,0,0,1,0,1,1,0.5,0.3333333333333333,0.5,0,0,4,0,0,1,28,3.6995138503199656,0,0,0,0,1,1,0,0,34,28,0,0,0,1,1,0,0,0,0,0,0,0,8,30,2.1972245773362196,3.4339872044851463
04_belajar-nodejs-npm-library-upszi,0,0,0,0,0,3,1,2,0,0,0,0,0,0,0,0.0,0.0,0.0,859,859,0.0034883720930232558,0.9988372093023256,0,0,1,1,0,1,1,0.25,1.0,1.0,0,0,6,1,0,1,35,4.171860873964196,0,0,0,0,1,0,0,0,0,28,1,0,0,1,1,0,0,0,0,0,0,0,10,54,2.3978952727983707,4.007333185232471
04_charlie_utils,0,0,0,0,0,2,1,1,0,0,0,0,0,0,0,0.0,0.0,0.0,1233,1233,0.0016207455429497568,0.9991896272285251,0,0,1,1,0,1,1,0.3333333333333333,1.0,1.0,0,0,3,0,0,1,16,3.625,0,0,0,0,1,0,0,0,0,28,1,0,0,1,1,0,0,0,0,0,0,0,6,48,1.9459101490553132,3.8918202981106265
04_cli_currency_converter,0,0,0,0,0,1,1,0,0,0,1,1,0,0,2,0.5,1.0,0.0012406947890818859,805,805,0.0012406947890818859,0.9987593052109182,0,0,1,1,0,1,1,0.5,0.3333333333333333,0.5,0,0,4,0,0,1,25,3.5434651896016467,0,0,0,0,1,1,0,0,22,61,0,0,0,1,1,0,0,0,0,0,0,0,7,29,2.0794415416798357,3.4011973816621555
04_cli_to_do_list,0,0,0,0,0,5,1,2,2,0,3,1,0,0,4,0.5,0.6666666666666666,0.0036407766990291263,823,814,0.006067961165048544,0.9878640776699029,0,0,1,1,0,1,1,0.16666666666666666,0.2,0.25,0,0,5,0,0,1,17,3.146286370662105,1,1,1,1,1,0,0,0,255,28,0,0,0,1,1,0,0,0,0,0,0,0,12,80,2.5649493574615367,4.394449154672439
04_contact_number-_cli_project_hasan,0,0,0,0,0,2,2,0,1,0,2,1,0,0,3,0.6666666666666666,1.0,0.0026109660574412533,765,765,0.0026109660574412533,0.9986945169712794,0,0,1,1,0,1,1,0.3333333333333333,0.25,0.3333333333333333,0,0,7,1,0,1,36,4.062305474194333,0,0,0,0,1,1,0,0,0,28,1,0,0,1,1,0,0,0,0,0,0,0,9,51,2.302585092994046,3.9512437185814275
04_currency_conveerter,0,0,0,0,0,1,1,0,0,0,2,1,0,0,3,1.0,1.5,0.0015810276679841897,1264,1264,0.0007905138339920949,0.9992094861660079,0,0,1,1,0,1,1,0.5,0.25,0.3333333333333333,0,0,3,0,0,1,22,3.3342094594480485,0,0,0,0,1,0,0,0,0,28,1,0,0,2,1,0,0,0,0,0,0,0,8,33,2.1972245773362196,3.5263605246161616
04_currencyconverter_kanwal,0,0,0,0,0,1,1,0,0,0,1,1,0,0,2,0.5,1.0,0.0013440860215053765,743,743,0.0013440860215053765,0.9986559139784946,0,0,1,1,0,1,1,0.5,0.3333333333333333,0.5,0,0,3,0,0,1,27,3.7821222241453056,0,0,0,0,1,0,0,0,0,28,1,0,0,1,1,0,0,0,0,0,0,0,6,31,1.9459101490553132,3.4657359027997265
04_currencyconverter_project,0,0,0,0,0,1,1,0,4,0,4,1,0,0,5,2.0,2.5,0.004524886877828055,883,883,0.0011312217194570137,0.998868778280543,0,0,1,1,0,1,1,0.5,0.16666666666666666,0.2,0,0,3,0,0,1,28,3.5355820479705753,0,0,0,0,1,0,0,0,0,28,1,0,0,1,1,0,0,0,0,0,0,0,9,35,2.302585092994046,3.58351893845611
04_kencrypto,0,0,0,0,0,5,1,0,4,0,1,2,0,0,3,0.16666666666666666,0.5,0.0006176652254478073,1618,1549,0.0030883261272390363,0.9567634342186535,0,0,1,1,0,1,1,0.16666666666666666,0.25,0.5,0,0,2,0,0,1,12,3.584962500721156,1,0,1,1,1,1,0,0,111,1559,0,0,0,2,1,0,0,0,0,0,0,0,5,48,1.791759469228055,3.8918202981106265
04_nodeblog,0,0,0,0,0,1,1,0,0,0,15,0,0,0,15,7.5,7.5,0.015822784810126583,947,947,0.0010548523206751054,0.9989451476793249,0,0,1,1,0,1,1,0.5,0.0625,0.0625,0,0,2,0,0,1,11,3.277613436819116,0,0,0,0,0,0,0,0,226,555,0,0,0,1,1,0,0,0,0,0,0,0,9,37,2.302585092994046,3.6375861597263857
04_nodedersornegibyrecep,0,0,0,0,0,2,1,1,0,0,2,0,0,0,2,0.6666666666666666,0.6666666666666666,0.0013080444735120995,1528,1528,0.0013080444735120995,0.999345977763244,0,0,1,1,0,1,1,0.3333333333333333,0.3333333333333333,0.3333333333333333,0,0,2,0,0,1,24,3.6531071683628116,0,0,0,0,1,0,0,0,0,28,1,0,0,1,1,0,0,0,0,0,0,0,9,55,2.302585092994046,4.02535169073515
04_npm_release_package,0,0,0,0,0,1,1,0,0,0,0,0,0,0,0,0.0,0.0,0.0,822,822,0.001215066828675577,0.9987849331713244,0,0,1,1,0,1,1,0.5,1.0,1.0,0,0,4,0,0,1,22,3.5726236638951625,0,0,0,0,1,0,0,0,0,0,1,0,0,1,1,0,0,0,0,0,0,0,9,35,2.302585092994046,3.58351893845611
04_npmdevolp,0,0,0,0,0,1,1,0,0,0,0,0,0,0,0,0.0,0.0,0.0,1398,1398,0.0007147962830593281,0.9992852037169406,0,0,1,1,0,1,1,0.5,1.0,1.0,0,0,2,0,0,1,12,3.418295834054489,0,0,0,0,1,1,1,1,0,28,1,0,0,1,1,0,0,0,0,0,0,0,8,38,2.1972245773362196,3.6635616461296463
04_project_todo-list,0,0,0,0,0,1,1,0,0,0,64,1,0,0,65,32.0,32.5,0.07766990291262135,823,823,0.0012135922330097086,0.9987864077669902,0,0,1,1,0,1,1,0.5,0.015151515151515152,0.015384615384615385,0,0,4,1,0,1,20,3.746439344671016,0,0,0,0,1,0,0,0,19,28,0,0,0,1,1,0,0,0,0,0,0,0,6,30,1.9459101490553132,3.4339872044851463
04_publish_gttest,0,0,0,0,0,2,1,0,1,0,2,0,0,0,2,0.6666666666666666,0.6666666666666666,0.0011370096645821489,1758,1549,0.0011370096645821489,0.8806139852188744,0,0,1,1,0,1,1,0.3333333333333333,0.3333333333333333,0.3333333333333333,0,0,3,0,0,1,17,3.572469458770136,0,0,0,0,1,0,0,0,0,28,1,0,0,1,1,0,0,0,0,0,0,0,8,44,2.1972245773362196,3.8066624897703196
04_sahill54_contact_numbers_menu_cli,0,0,0,0,0,1,1,0,0,0,1,1,0,0,2,0.5,1.0,0.0013175230566534915,758,758,0.0013175230566534915,0.9986824769433466,0,0,1,1,0,1,1,0.5,0.3333333333333333,0.5,0,0,6,0,0,1,36,4.0067499186387785,0,0,0,0,1,1,0,0,0,28,1,0,0,1,1,0,0,0,0,0,0,0,6,26,1.9459101490553132,3.295836866004329
04_st_utils_00,0,0,0,0,0,2,1,0,1,0,0,0,0,0,0,0.0,0.0,0.0,1101,1101,0.0018148820326678765,0.9990925589836661,0,0,1,1,0,1,1,0.3333333333333333,1.0,1.0,0,0,4,0,0,1,14,2.8423709931771084,0,0,0,0,1,1,1,2,0,28,1,0,0,0,0,0,0,0,0,0,0,0,8,38,2.1972245773362196,3.6635616461296463
04_tq-cli,0,0,0,0,0,1,1,0,0,0,1,0,0,0,1,0.5,0.5,0.0014577259475218659,685,685,0.0014577259475218659,0.9985422740524781,0,0,0,1,0,1,1,0.5,0.5,0.5,0,0,3,1,0,1,9,3.169925001442312,0,0,0,0,1,0,0,0,0,28,1,0,0,1,1,0,0,0,0,0,0,0,9,35,2.302585092994046,3.58351893845611
04a-liu-list,0,0,0,0,0,1,1,0,0,0,0,0,0,0,0,0.0,0.0,0.0,2060,1549,0.00048520135856380397,0.7515769044153323,0,0,1,1,0,1,1,0.5,1.0,1.0,0,0,3,1,0,1,12,3.084962500721156,0,0,0,0,1,0,0,0,0,28,1,0,0,1,1,0,0,0,0,0,0,0,9,32,2.302585092994046,3.4965075614664802
04aamna-word-counter,0,0,0,0,0,1,1,0,0,0,1,1,0,0,2,0.5,1.0,0.001277139208173691,782,782,0.001277139208173691,0.9987228607918263,0,0,1,1,0,1,1,0.5,0.3333333333333333,0.5,0,0,3,1,0,1,20,3.6841837197791887,0,0,0,0,1,0,0,0,0,28,1,0,0,1,1,0,0,0,0,0,0,0,9,28,2.302585092994046,3.367295829986474
04axvm,1,1,0,1,0,1,0,0,1,0,0,0,0,0,0,0.0,0.0,0.0,630,630,0.001584786053882726,0.9984152139461173,0,0,0,0,1,0,1,0.0,0.0,0.0,0,0,1,0,0,1,6,2.584962500721156,1,0,0,0,0,0,0,0,24,0,0,0,0,0,0,0,0,0,0,0,0,0,21,256,3.091042453358316,5.54907608489522
04boqo,0,0,0,0,0,1,3,3,6,0,0,0,0,0,0,0.0,0.0,0.0,1151,1151,0.0008680555555555555,0.9991319444444444,0,0,1,1,0,1,1,0.5,1.0,1.0,0,0,1,0,0,1,6,2.2516291673878226,0,0,0,0,1,1,0,0,6,651,0,0,0,1,1,0,0,0,0,0,0,0,6,32,1.9459101490553132,3.4965075614664802
04cli-util,0,0,0,0,0,1,1,0,0,0,7,0,0,0,7,3.5,3.5,0.00590717299578059,1184,1184,0.0008438818565400844,0.99915611814346,0,0,1,1,0,1,1,0.5,0.125,0.125,0,0,2,1,0,1,10,2.9219280948873623,0,0,0,0,1,0,0,0,0,28,1,0,0,1,1,0,0,0,0,0,0,0,6,31,1.9459101490553132,3.4657359027997265
04daxie,0,0,0,0,0,1,1,0,0,0,0,0,0,0,0,0.0,0.0,0.0,1870,1549,0.0005344735435595938,0.8278995189738108,0,0,1,1,0,1,1,0.5,1.0,1.0,0,0,1,0,0,1,7,2.807354922057604,0,0,0,0,1,0,0,0,0,28,1,0,0,1,1,0,0,0,0,0,0,0,9,26,2.302585092994046,3.295836866004329
04dhceshi,0,0,0,0,0,1,1,0,0,0,0,0,0,0,0,0.0,0.0,0.0,1198,1198,0.0008340283569641367,0.9991659716430359,0,0,1,1,0,1,1,0.5,1.0,1.0,0,0,1,0,0,1,9,2.9477027792200903,0,0,0,0,1,0,0,0,0,28,1,0,0,1,1,0,0,0,0,0,0,0,5,28,1.791759469228055,3.367295829986474
04dhh6666,0,0,0,0,0,1,1,0,0,0,0,0,0,0,0,0.0,0.0,0.0,2325,1549,0.0004299226139294927,0.6659501289767842,0,0,1,1,0,1,1,0.5,1.0,1.0,0,0,1,0,0,1,9,2.058813890331201,0,0,0,0,1,0,0,0,0,28,1,0,0,1,1,0,0,0,0,0,0,0,9,30,2.302585092994046,3.4339872044851463
04egypt-orgchart,0,0,0,0,0,1,1,0,0,0,0,0,0,0,0,0.0,0.0,0.0,2674,1549,0.00037383177570093456,0.5790654205607476,0,0,1,1,0,1,1,0.5,1.0,1.0,0,0,2,1,0,1,16,3.625,0,0,0,0,1,0,0,0,149,1853,0,0,0,1,1,0,0,0,0,0,0,0,12,80,2.5649493574615367,4.394449154672439
04fengzhi,0,0,0,0,0,2,0,0,1,0,0,0,0,0,0,0.0,0.0,0.0,2268,1549,0.0008814455707360071,0.6826795945350375,0,0,1,1,0,1,1,0.3333333333333333,1.0,1.0,0,0,1,0,0,1,9,3.169925001442312,0,0,0,0,1,0,0,0,0,28,1,0,0,1,1,0,0,0,0,0,0,0,6,41,1.9459101490553132,3.7376696182833684
04home22,0,0,0,0,0,1,1,0,0,0,2,0,0,0,2,1.0,1.0,0.0010542962572482868,1896,1549,0.0005271481286241434,0.816552451238798,0,0,1,1,0,1,1,0.5,0.3333333333333333,0.3333333333333333,0,0,1,0,0,1,8,2.75,0,0,0,0,1,0,0,0,0,28,1,0,0,1,1,0,0,0,0,0,0,0,7,33,2.0794415416798357,3.5263605246161616
04htvi,0,0,0,0,0,1,2,2,9,0,0,0,0,0,0,0.0,0.0,0.0,1152,1152,0.0008673026886383347,0.9991326973113617,0,0,1,1,0,1,1,0.5,1.0,1.0,0,0,1,0,0,1,6,2.584962500721156,0,0,0,0,1,1,0,0,6,530,0,0,0,1,1,0,0,0,0,0,0,0,6,28,1.9459101490553132,3.367295829986474
04npmlowercase,0,0,0,0,0,2,1,2,0,0,0,0,0,0,0,0.0,0.0,0.0,1870,1549,0.0010689470871191875,0.8278995189738108,0,0,1,1,0,1,1,0.3333333333333333,1.0,1.0,0,0,1,0,0,1,14,3.6644977792004623,0,0,0,0,1,0,0,0,0,15,1,0,0,1,1,0,0,0,0,0,0,0,11,56,2.4849066497880004,4.04305126783455
04npmrandomnumber,0,0,0,0,0,1,1,0,0,0,0,0,0,0,0,0.0,0.0,0.0,1870,1549,0.0005344735435595938,0.8278995189738108,0,0,1,1,0,1,1,0.5,1.0,1.0,0,0,1,0,0,1,17,3.41041725276052,0,0,0,0,1,0,0,0,0,28,1,0,0,1,1,0,0,0,0,0,0,0,8,29,2.1972245773362196,3.4011973816621555
04publish,0,0,0,0,0,2,0,0,2,0,0,0,0,0,0,0.0,0.0,0.0,2321,1549,0.0008613264427217916,0.6670973298880276,0,0,1,1,0,1,1,0.3333333333333333,1.0,1.0,0,0,1,0,0,1,9,3.169925001442312,0,0,0,0,1,1,1,1,16,28,0,0,0,1,1,0,0,0,0,0,0,0,6,27,1.9459101490553132,3.332204510175204
04publishingcustommodule,0,0,0,0,0,1,1,0,0,0,0,0,0,0,0,0.0,0.0,0.0,672,672,0.0014858841010401188,0.9985141158989599,0,0,0,1,0,1,1,0.5,1.0,1.0,0,0,1,0,0,1,24,3.9701755214643457,0,0,0,0,1,1,0,0,21,117,0,0,0,1,1,0,0,0,0,0,0,0,9,37,2.302585092994046,3.6375861597263857
04q9uk,0,0,0,0,0,1,1,1,4,0,0,0,0,0,0,0.0,0.0,0.0,1151,1151,0.0008680555555555555,0.9991319444444444,0,0,1,1,0,1,1,0.5,1.0,1.0,0,0,1,0,0,1,6,2.584962500721156,0,0,0,0,1,1,0,0,6,586,0,0,0,1,1,0,0,0,0,0,0,0,42,119,3.7612001156935624,4.787491742782046
04qox_odx,0,0,0,0,0,1,1,0,0,0,0,0,0,0,0,0.0,0.0,0.0,1183,1183,0.0008445945945945946,0.9991554054054054,0,0,1,1,0,1,1,0.5,1.0,1.0,0,0,2,0,0,1,9,2.725480556997868,0,0,0,0,1,0,1,1,5,1756,0,0,0,1,1,0,0,0,0,0,0,0,7,28,2.0794415416798357,3.367295829986474
04tw75kmd9,0,0,0,0,0,1,1,0,0,0,2,0,0,0,2,1.0,1.0,0.00477326968973747,418,418,0.002386634844868735,0.9976133651551312,0,0,0,1,0,1,1,0.5,0.3333333333333333,0.3333333333333333,0,0,1,0,0,1,10,3.321928094887362,1,1,1,1,1,0,0,0,34,28,0,0,0,1,1,0,0,0,0,0,0,0,6,27,1.9459101490553132,3.332204510175204
04uppercase,0,0,0,0,0,1,1,0,4,0,0,0,0,0,0,0.0,0.0,0.0,3762,1480,0.00026574541589157585,0.3933032155195323,0,0,1,1,0,1,1,0.5,1.0,1.0,0,0,1,0,0,1,11,3.095795255000934,0,0,0,0,1,0,0,0,0,28,1,0,0,1,1,0,0,0,0,0,0,0,9,41,2.302585092994046,3.7376696182833684
04xi_mfz,1,1,0,1,0,1,0,0,1,0,0,0,0,0,0,0.0,0.0,0.0,1150,1046,0.0008688097306689834,0.9087749782797567,0,0,1,1,0,1,1,0.5,1.0,1.0,0,0,2,0,0,1,8,3.0,1,0,0,0,0,0,0,0,24,0,0,0,0,0,0,0,0,0,0,0,0,0,22,260,3.1354942159291497,5.564520407322694
04ymqk,0,0,0,0,0,1,2,0,6,0,0,0,0,0,0,0.0,0.0,0.0,1151,1151,0.0008680555555555555,0.9991319444444444,0,0,1,1,0,1,1,0.5,1.0,1.0,0,0,1,0,0,1,6,2.584962500721156,0,0,0,0,1,1,0,0,6,596,0,0,0,1,1,0,0,0,0,0,0,0,6,24,1.9459101490553132,3.2188758248682006
04yyl,0,0,0,0,0,2,1,0,1,0,0,0,0,0,0,0.0,0.0,0.0,2304,1549,0.0008676789587852494,0.6720173535791757,0,0,1,1,0,1,1,0.3333333333333333,1.0,1.0,0,0,1,0,0,1,5,1.9219280948873623,0,0,0,0,1,1,0,0,19,28,0,0,0,1,1,0,0,0,0,0,0,0,11,39,2.4849066497880004,3.6888794541139363
05-a5li-mini-calculator-cli,0,0,0,0,0,1,1,0,0,0,1,1,0,0,2,0.5,1.0,0.001321003963011889,756,756,0.001321003963011889,0.9986789960369881,0,0,1,1,0,1,1,0.5,0.3333333333333333,0.5,0,0,5,1,0,1,27,3.43971065015136,0,0,0,0,1,1,0,0,35,28,0,0,0,1,1,0,0,0,0,0,0,0,9,39,2.302585092994046,3.6888794541139363
05-aamir-mini-calculator-cli,0,0,0,0,0,1,1,0,0,0,1,1,0,0,2,0.5,1.0,0.0013175230566534915,758,758,0.0013175230566534915,0.9986824769433466,0,0,1,1,0,1,1,0.5,0.3333333333333333,0.5,0,0,5,1,0,1,28,3.4677201004744993,0,0,0,0,1,1,0,0,35,28,0,0,0,1,1,0,0,0,0,0,0,0,7,24,2.0794415416798357,3.2188758248682006
05-add-script,0,0,0,0,0,1,1,0,0,0,0,0,0,0,0,0.0,0.0,0.0,2544,1549,0.0003929273084479371,0.6086444007858546,0,0,1,1,0,1,1,0.5,1.0,1.0,0,0,3,1,0,1,13,3.3927474104487847,0,0,0,0,1,0,0,0,45,90,0,0,0,7,1,0,0,0,0,0,0,0,9,38,2.302585092994046,3.6635616461296463
05-am-mini-calculator,0,0,0,0,0,1,1,0,0,0,1,1,0,0,2,0.5,1.0,0.0013157894736842105,759,759,0.0013157894736842105,0.9986842105263158,0,0,1,1,0,1,1,0.5,0.3333333333333333,0.5,0,0,4,1,0,1,21,3.5585186130489057,0,0,0,0,1,0,0,0,35,28,0,0,0,1,1,0,0,0,0,0,0,0,9,35,2.302585092994046,3.58351893845611
05-artifact-replay-lab,0,0,0,0,0,1,1,0,0,0,2,0,0,0,2,1.0,1.0,0.3333333333333333,5,5,0.16666666666666666,0.8333333333333334,1,1,0,1,0,1,1,0.5,0.3333333333333333,0.3333333333333333,0,0,4,1,0,1,22,3.6069367321753214,0,0,0,0,1,0,0,0,0,28,1,0,0,1,1,0,0,0,0,0,0,0,143,143,4.969813299576001,4.969813299576001
05-clima-mundo,0,0,0,0,0,1,1,0,0,0,2,0,0,0,2,1.0,1.0,0.0009000900090009,2221,1549,0.00045004500450045,0.6971197119711972,0,0,1,1,0,1,1,0.5,0.3333333333333333,0.3333333333333333,0,0,3,1,0,1,14,3.521640636343319,0,0,0,0,1,0,0,0,0,28,1,0,0,1,1,0,0,0,0,0,0,0,10,36,2.3978952727983707,3.6109179126442243
05-cumt_cs01,0,0,0,0,0,1,1,0,0,0,0,0,0,0,0,0.0,0.0,0.0,406,406,0.002457002457002457,0.9975429975429976,0,0,0,1,0,1,1,0.5,1.0,1.0,0,0,3,1,0,1,12,3.251629167387823,0,0,0,0,1,0,0,0,0,0,1,0,0,1,1,0,0,0,0,0,0,0,11,30,2.4849066497880004,3.4339872044851463
05-currencyconverter,0,0,0,0,0,1,1,0,0,0,4,3,0,0,7,2.0,3.5,0.004640371229698376,861,861,0.001160092807424594,0.9988399071925754,0,0,1,1,0,1,1,0.5,0.125,0.2,0,0,2,1,0,1,20,3.3464393446710154,0,0,0,0,1,0,0,0,75,529,0,0,0,1,1,0,0,0,0,0,0,0,12,38,2.5649493574615367,3.6635616461296463
05-custom,0,0,0,0,0,1,1,0,0,0,0,0,0,0,0,0.0,0.0,0.0,2472,1549,0.0004043671653861706,0.6263647391831784,0,0,1,1,0,1,1,0.5,1.0,1.0,0,0,2,1,0,1,9,3.169925001442312,0,0,0,0,1,0,1,1,0,28,1,0,0,1,1,0,0,0,0,0,0,0,10,37,2.3978952727983707,3.6375861597263857
05-custom-node,0,0,0,0,0,2,1,0,1,0,1,0,0,0,1,0.3333333333333333,0.3333333333333333,0.0005467468562055768,1828,1549,0.0010934937124111536,0.8469108802624384,0,0,1,1,0,1,1,0.3333333333333333,0.5,0.5,0,0,3,1,0,1,14,3.521640636343319,0,0,0,0,1,0,0,0,0,28,1,0,0,1,1,0,0,0,0,0,0,0,11,45,2.4849066497880004,3.828641396489095
05-fabu,0,0,0,0,0,1,1,0,0,0,1,0,0,0,1,0.5,0.5,0.0005149330587023687,1941,1549,0.0005149330587023687,0.7976313079299691,0,0,1,1,0,1,1,0.5,0.5,0.5,0,0,2,1,0,1,7,2.807354922057604,0,0,0,0,1,0,0,0,0,28,1,0,0,1,1,0,0,0,0,0,0,0,7,31,2.0794415416798357,3.4657359027997265
05-fabu-2103,0,0,0,0,0,1,1,2,0,0,1,0,0,0,1,0.5,0.5,0.0005428881650380022,1841,1549,0.0005428881650380022,0.8409337676438654,0,0,1,1,0,1,1,0.5,0.5,0.5,0,0,3,1,0,1,12,3.251629167387823,0,0,0,0,1,0,0,0,0,28,1,0,0,1,1,0,0,0,0,0,0,0,7,34,2.0794415416798357,3.5553480614894135
05-fabule,0,0,0,0,0,1,1,0,0,0,1,0,0,0,1,0.5,0.5,0.0005151983513652757,1940,1549,0.0005151983513652757,0.7980422462648119,0,0,1,1,0,1,1,0.5,0.5,0.5,0,0,2,1,0,1,9,3.169925001442312,0,0,0,0,1,0,0,0,0,28,1,0,0,1,1,0,0,0,0,0,0,0,11,38,2.4849066497880004,3.6635616461296463
05-feb,0,0,0,0,0,1,1,0,0,0,1,0,0,0,1,0.5,0.5,0.00032583903551645487,3068,1549,0.00032583903551645487,0.5047246660149886,0,0,1,1,0,1,1,0.5,0.5,0.5,0,0,2,1,0,1,6,2.584962500721156,0,0,0,0,1,1,0,0,19,28,0,0,0,1,1,0,0,0,0,0,0,0,10,32,2.3978952727983707,3.4965075614664802
05-g_nasir-build-mini-calculater-cli,0,0,0,0,0,2,1,0,1,0,1,1,0,0,2,0.3333333333333333,0.6666666666666666,0.001310615989515072,762,762,0.002621231979030144,0.9986893840104849,0,0,1,1,0,1,1,0.3333333333333333,0.3333333333333333,0.5,0,0,7,1,0,1,36,3.871895669408963,0,0,0,0,1,1,0,0,27,28,0,0,0,1,1,0,0,0,0,0,0,0,10,39,2.3978952727983707,3.6888794541139363
05-hh,0,0,0,0,0,1,1,0,0,0,1,0,0,0,1,0.5,0.5,0.0005192107995846313,1925,1549,0.0005192107995846313,0.8042575285565939,0,0,1,1,0,1,1,0.5,0.5,0.5,0,0,2,1,0,1,5,1.9219280948873623,0,0,0,0,1,0,0,0,0,28,1,0,0,1,1,0,0,0,0,0,0,0,9,37,2.302585092994046,3.6375861597263857
05-ib-mini-calculator-cli,0,0,0,0,0,1,1,0,0,0,1,1,0,0,2,0.5,1.0,0.0013054830287206266,765,765,0.0013054830287206266,0.9986945169712794,0,0,1,1,0,1,1,0.5,0.3333333333333333,0.5,0,0,5,1,0,1,25,3.5434651896016467,0,0,0,0,1,1,0,0,35,28,0,0,0,1,1,0,0,0,0,0,0,0,7,32,2.0794415416798357,3.4965075614664802
05-if-mini-calculator-cli,0,0,0,0,0,1,1,0,0,0,1,1,0,0,2,0.5,1.0,0.001310615989515072,762,762,0.001310615989515072,0.9986893840104849,0,0,1,1,0,1,1,0.5,0.3333333333333333,0.5,0,0,5,1,0,1,25,3.5434651896016467,0,0,0,0,1,1,0,0,35,28,0,0,0,1,1,0,0,0,0,0,0,0,9,35,2.302585092994046,3.58351893845611
05-jr-my-cli-calculator,0,0,0,0,0,1,1,0,0,0,1,1,0,0,2,0.5,1.0,0.001314060446780552,760,760,0.001314060446780552,0.9986859395532195,0,0,1,1,0,1,1,0.5,0.3333333333333333,0.5,0,0,5,1,0,1,23,3.5883543471732335,0,0,0,0,1,1,0,0,50,28,0,0,0,1,1,0,0,0,0,0,0,0,8,36,2.1972245773362196,3.6109179126442243
05-kt-mini-calculator-cli,0,0,0,0,0,1,1,0,0,0,2,0,0,0,2,1.0,1.0,0.002621231979030144,762,762,0.001310615989515072,0.9986893840104849,0,0,1,1,0,1,1,0.5,0.3333333333333333,0.3333333333333333,0,0,5,1,0,1,25,3.593269689515108,0,0,0,0,1,1,0,0,27,28,0,0,0,1,1,0,0,0,0,0,0,0,9,33,2.302585092994046,3.5263605246161616
05-library,0,0,0,0,0,2,1,0,1,0,0,2,0,0,2,0.0,0.6666666666666666,0.0,698,698,0.002861230329041488,0.9985693848354793,0,0,0,1,0,1,1,0.3333333333333333,0.3333333333333333,1.0,0,0,2,1,0,1,10,3.1219280948873624,0,0,0,0,1,0,0,0,0,28,1,0,0,1,1,0,0,0,0,0,0,0,10,43,2.3978952727983707,3.784189633918261
05-me,0,0,0,0,0,2,1,0,1,0,1,0,0,0,1,0.3333333333333333,0.3333333333333333,0.000510986203372509,1956,1549,0.001021972406745018,0.7915176290240163,0,0,1,1,0,1,1,0.3333333333333333,0.5,0.5,0,0,2,1,0,1,5,2.321928094887362,0,0,0,0,1,0,0,0,0,28,1,0,0,1,1,0,0,0,0,0,0,0,11,41,2.4849066497880004,3.7376696182833684
05-mini-calculator,0,0,0,0,0,1,1,0,0,0,1,1,0,0,2,0.5,1.0,0.0013089005235602095,763,763,0.0013089005235602095,0.9986910994764397,0,0,1,1,0,1,1,0.5,0.3333333333333333,0.5,0,0,3,1,0,1,18,3.6143694458867563,0,0,0,0,1,1,0,0,80,28,0,0,0,1,1,0,0,0,0,0,0,0,7,24,2.0794415416798357,3.2188758248682006
05-modules,0,0,0,0,0,1,1,0,0,0,1,0,0,0,1,0.5,0.5,0.0005347593582887701,1869,1549,0.0005347593582887701,0.8283422459893048,0,0,1,1,0,1,1,0.5,0.5,0.5,0,0,2,1,0,1,10,3.321928094887362,0,0,0,0,1,0,0,0,0,28,1,0,0,1,1,0,0,0,0,0,0,0,5,35,1.791759469228055,3.58351893845611
05-mynpm,0,0,0,0,0,2,1,0,1,0,0,0,0,0,0,0.0,0.0,0.0,2196,1549,0.0009103322712790169,0.7050523441055986,0,0,1,1,0,1,1,0.3333333333333333,1.0,1.0,0,0,2,1,0,1,8,2.75,0,0,0,0,1,0,0,0,28,314,0,0,0,1,1,0,0,0,0,0,0,0,13,43,2.6390573296152584,3.784189633918261
05-mypackage,0,0,0,0,0,2,1,0,1,0,0,0,0,0,0,0.0,0.0,0.0,406,406,0.004914004914004914,0.9975429975429976,0,0,0,1,0,1,1,0.3333333333333333,1.0,1.0,0,0,2,1,0,1,12,3.418295834054489,0,0,0,0,1,0,0,0,0,28,1,0,0,1,1,0,0,0,0,0,0,0,12,47,2.5649493574615367,3.871201010907891
05-node,0,0,0,0,0,1,1,0,0,0,0,0,0,0,0,0.0,0.0,0.0,1844,1549,0.0005420054200542005,0.8395663956639566,0,0,1,1,0,1,1,0.5,1.0,1.0,0,0,2,1,0,1,7,2.807354922057604,0,0,0,0,1,0,0,0,0,28,1,0,0,1,1,0,0,0,0,0,0,0,10,34,2.3978952727983707,3.5553480614894135
05-npm-test,0,0,0,0,0,1,1,0,0,0,1,0,0,0,1,0.5,0.5,0.0002788622420524261,3585,1480,0.0002788622420524261,0.41271611823759063,0,0,1,1,0,1,1,0.5,0.5,0.5,0,0,3,1,0,1,11,3.095795255000934,0,0,0,0,1,0,0,0,26,28,0,0,0,1,1,0,0,0,0,0,0,0,10,51,2.3978952727983707,3.9512437185814275
05-proyecto,0,0,0,0,0,1,1,0,0,0,1,0,0,0,1,0.5,0.5,0.0004224757076468103,2366,1549,0.0004224757076468103,0.6544148711449091,0,0,1,1,0,1,1,0.5,0.5,0.5,0,0,2,1,0,1,11,3.277613436819116,0,0,0,0,1,1,0,0,0,28,1,0,0,1,1,0,0,0,0,0,0,0,8,28,2.1972245773362196,3.367295829986474
05-questions-typescript---quiz,0,0,0,0,0,1,1,0,0,0,1,1,0,0,2,0.5,1.0,0.001272264631043257,785,785,0.001272264631043257,0.9987277353689568,0,0,1,1,0,1,1,0.5,0.3333333333333333,0.5,0,0,6,1,0,1,30,3.7777471629109445,0,0,0,0,1,0,0,0,0,28,1,0,0,1,1,0,0,0,0,0,0,0,7,28,2.0794415416798357,3.367295829986474
05-rubab_word-counter,0,0,0,0,0,1,1,0,0,0,2,2,0,0,4,1.0,2.0,0.0025575447570332483,781,781,0.0012787723785166241,0.9987212276214834,0,0,1,1,0,1,1,0.5,0.2,0.3333333333333333,0,0,4,1,0,1,21,3.7849418274376423,0,0,0,0,1,0,0,0,0,28,1,0,0,1,1,0,0,0,0,0,0,0,10,31,2.3978952727983707,3.4657359027997265
05-sahill-mini-calculator-cli,0,0,0,0,0,2,1,1,0,0,2,1,0,0,3,0.6666666666666666,1.0,0.002621231979030144,762,758,0.002621231979030144,0.9934469200524246,0,0,1,1,0,1,1,0.3333333333333333,0.25,0.3333333333333333,0,0,5,1,0,1,29,3.5780011510322702,0,0,0,0,1,0,0,0,42,28,0,0,0,1,1,0,0,0,0,0,0,0,10,53,2.3978952727983707,3.9889840465642745
05-simple-curency-convertor,0,0,0,0,0,1,1,0,0,0,1,2,0,0,3,0.5,1.5,0.0012547051442910915,796,796,0.0012547051442910915,0.998745294855709,0,0,1,1,0,1,1,0.5,0.25,0.5,0,0,4,1,0,1,27,3.9023115759170293,0,0,0,0,1,0,0,0,0,28,1,0,0,1,1,0,0,0,0,0,0,0,8,31,2.1972245773362196,3.4657359027997265
05-to-do-list,0,0,0,0,0,1,1,0,0,0,1,2,0,0,3,0.5,1.5,0.0012515644555694619,798,798,0.0012515644555694619,0.9987484355444305,0,0,1,1,0,1,1,0.5,0.25,0.5,0,0,4,1,0,1,13,3.0269868333592873,0,0,0,0,1,0,0,0,0,28,1,0,0,1,1,0,0,0,0,0,0,0,10,39,2.3978952727983707,3.6888794541139363
05-typescript,0,0,0,0,0,2,1,0,1,0,0,4,0,0,4,0.0,1.3333333333333333,0.0,1244,1244,0.001606425702811245,0.9991967871485944,0,0,1,1,0,1,1,0.3333333333333333,0.2,1.0,0,0,2,1,0,1,13,3.3927474104487847,0,0,0,0,1,0,0,0,0,28,1,0,0,1,1,0,0,0,0,0,0,0,10,43,2.3978952727983707,3.784189633918261
05-word-counter-huzaifak,0,0,0,0,0,1,1,0,0,0,2,3,0,0,5,1.0,2.5,0.0015600624024961,1281,1281,0.00078003120124805,0.999219968798752,0,0,1,1,0,1,1,0.5,0.16666666666666666,0.3333333333333333,0,0,4,1,0,1,24,4.053508854797679,0,0,0,0,1,0,0,0,0,28,1,0,0,1,1,0,0,0,0,0,0,0,9,37,2.302585092994046,3.6375861597263857
05-wordscounter,0,0,0,0,0,1,1,0,1,0,2,2,0,0,4,1.0,2.0,0.0017006802721088435,1175,1175,0.0008503401360544217,0.9991496598639455,0,0,1,1,0,1,1,0.5,0.2,0.3333333333333333,0,0,2,1,0,1,15,3.6402239289418516,0,0,0,0,1,0,0,0,0,28,1,0,0,1,1,0,0,0,0,0,0,0,9,30,2.302585092994046,3.4339872044851463
05-yangjia,0,0,0,0,0,1,1,0,0,0,0,0,0,0,0,0.0,0.0,0.0,1200,1200,0.0008326394671107411,0.9991673605328892,0,0,1,1,0,1,1,0.5,1.0,1.0,0,0,2,1,0,1,10,3.121928094887362,0,0,0,0,1,0,0,0,0,28,1,0,0,1,1,0,0,0,0,0,0,0,7,27,2.0794415416798357,3.332204510175204
05-zk1,0,0,0,0,0,1,1,0,0,0,0,0,0,0,0,0.0,0.0,0.0,2054,1549,0.00048661800486618007,0.7537712895377129,0,0,1,1,0,1,1,0.5,1.0,1.0,0,0,2,1,0,1,6,2.584962500721156,0,0,0,0,1,0,0,0,0,28,1,0,0,1,1,0,0,0,0,0,0,0,13,38,2.6390573296152584,3.6635616461296463
05.learn-cli,0,0,0,0,0,1,1,0,0,0,2,0,0,0,2,1.0,1.0,0.0013097576948264572,1526,1526,0.0006548788474132286,0.9993451211525868,0,0,1,1,0,1,1,0.5,0.3333333333333333,0.3333333333333333,0,0,3,1,1,1,12,3.418295834054489,1,1,1,1,1,1,1,1,0,28,1,0,0,1,1,0,0,0,0,0,0,0,7,25,2.0794415416798357,3.258096538021482
05.npm-package-demo,0,0,0,0,0,2,1,0,1,0,0,3,0,0,3,0.0,1.0,0.0,1486,1486,0.0013449899125756557,0.9993275050437121,0,0,1,1,0,1,1,0.3333333333333333,0.25,1.0,0,0,4,1,1,1,19,3.7216117239699003,0,0,0,0,1,0,0,0,0,28,1,0,0,1,1,0,0,0,0,0,0,0,11,41,2.4849066497880004,3.7376696182833684
05.word-counter-by-alina,0,0,0,0,0,1,1,0,0,0,1,2,0,0,3,0.5,1.5,0.0013297872340425532,751,751,0.0013297872340425532,0.9986702127659575,0,0,1,1,0,1,1,0.5,0.25,0.5,0,0,5,1,1,1,24,4.053508854797679,0,0,0,0,1,1,0,0,0,28,1,0,0,1,1,0,0,0,0,0,0,0,9,32,2.302585092994046,3.4965075614664802
05.xcxc,0,0,0,0,0,1,1,0,0,0,0,0,0,0,0,0.0,0.0,0.0,2009,1549,0.0004975124378109452,0.7706467661691542,0,0,1,1,0,1,1,0.5,1.0,1.0,0,0,2,0,1,1,7,2.2359263506290326,0,0,0,0,1,1,0,0,0,8,1,0,0,1,1,0,0,0,0,0,0,0,10,38,2.3978952727983707,3.6635616461296463
050-simple-calculator,0,0,0,0,0,1,1,0,0,0,1,1,0,0,2,0.5,1.0,0.001201923076923077,831,831,0.001201923076923077,0.9987980769230769,0,0,1,1,0,1,1,0.5,0.3333333333333333,0.5,0,0,3,1,0,1,21,3.7849418274376427,0,0,0,0,1,0,0,0,57,28,0,0,0,1,1,0,0,0,0,0,0,0,8,37,2.1972245773362196,3.6375861597263857
0510test,0,0,0,0,0,1,1,0,0,0,17,0,0,0,17,8.5,8.5,0.01486013986013986,1143,1143,0.0008741258741258741,0.9991258741258742,0,0,1,1,0,1,1,0.5,0.05555555555555555,0.05555555555555555,0,0,1,0,0,1,8,2.5,0,0,0,0,1,0,0,0,0,28,1,0,0,1,1,0,0,0,0,0,0,0,6,28,1.9459101490553132,3.367295829986474
0513route,0,0,0,0,0,1,1,0,0,0,0,0,0,0,0,0.0,0.0,0.0,2304,1549,0.0004338394793926247,0.6720173535791757,0,0,1,1,0,1,1,0.5,1.0,1.0,0,0,1,0,0,1,9,3.169925001442312,0,0,0,0,1,0,0,0,6,28,0,0,0,1,1,0,0,0,0,0,0,0,8,39,2.1972245773362196,3.6888794541139363
0517-1,0,0,0,0,0,2,1,0,1,0,0,2,0,0,2,0.0,0.6666666666666666,0.0,2236,1549,0.000894054537326777,0.6924452391595888,0,0,1,1,0,1,1,0.3333333333333333,0.3333333333333333,1.0,0,0,2,1,0,1,6,2.2516291673878226,0,0,0,0,1,0,0,0,14,28,0,0,0,1,1,0,0,0,0,0,0,0,14,54,2.70805020110221,4.007333185232471
05192003b,0,0,0,0,0,1,1,0,0,0,0,0,0,0,0,0.0,0.0,0.0,1504,1504,0.000664451827242525,0.9993355481727575,0,0,1,1,0,1,1,0.5,1.0,1.0,0,0,1,0,0,1,9,2.6416041678685938,0,0,0,0,1,0,0,0,0,28,1,0,0,1,1,0,0,0,0,0,0,0,10,32,2.3978952727983707,3.4965075614664802
0519phone,0,0,0,0,0,1,1,0,0,0,0,0,0,0,0,0.0,0.0,0.0,1139,1139,0.0008771929824561404,0.9991228070175439,0,0,1,1,0,1,1,0.5,1.0,1.0,0,0,1,0,0,1,9,3.169925001442312,0,0,0,0,1,0,0,0,0,28,1,0,0,1,1,0,0,0,0,0,0,0,8,37,2.1972245773362196,3.6375861597263857
0520shangkela,0,0,0,0,0,1,1,0,0,0,2,0,0,0,2,1.0,1.0,0.0008952551477170994,2233,1549,0.0004476275738585497,0.6933751119068935,0,0,1,1,0,1,1,0.5,0.3333333333333333,0.3333333333333333,0,0,1,0,0,1,13,3.3927474104487847,0,0,0,0,1,0,0,0,0,28,1,0,0,1,1,0,0,0,0,0,0,0,6,26,1.9459101490553132,3.295836866004329
0526caikuai-kb,0,0,0,0,0,1,1,0,0,0,11,32,0,0,43,5.5,21.5,0.005910800644814616,1860,1549,0.0005373455131649651,0.832348199892531,0,0,1,1,0,1,1,0.5,0.022727272727272728,0.08333333333333333,0,0,2,1,0,1,14,3.378783493486176,0,0,0,0,1,1,0,0,0,18,1,0,0,9,1,0,0,0,0,0,0,0,14,63,2.70805020110221,4.1588830833596715
052hide-stencil-wc,0,0,0,0,0,3,0,1,2,0,1,16,0,0,17,0.25,4.25,0.0005599104143337066,1785,1549,0.0016797312430011197,0.8673012318029115,0,0,1,1,0,1,1,0.25,0.05555555555555555,0.5,0,0,3,1,0,1,18,3.7254805569978675,1,1,1,1,1,0,0,0,25,3954,0,0,0,8,1,0,0,0,0,0,0,0,13,53,2.6390573296152584,3.9889840465642745
0536x-plugs,0,0,0,0,0,3,0,0,5,0,0,0,0,0,0,0.0,0.0,0.0,1194,1194,0.002510460251046025,0.999163179916318,0,0,1,1,0,1,1,0.25,1.0,1.0,0,0,2,1,0,1,11,3.459431618637298,0,0,0,0,1,1,1,1,4,28,0,0,0,1,1,0,0,0,0,0,0,0,10,49,2.3978952727983707,3.912023005428146
057p6n,0,0,0,0,0,1,1,1,4,0,0,0,0,0,0,0.0,0.0,0.0,1152,1152,0.0008673026886383347,0.9991326973113617,0,0,1,1,0,1,1,0.5,1.0,1.0,0,0,1,0,0,1,6,2.584962500721156,0,0,0,0,1,1,0,0,6,720,0,0,0,1,1,0,0,0,0,0,0,0,7,29,2.0794415416798357,3.4011973816621555
0590485guessingg,0,0,0,0,0,1,1,0,1,0,1,2,0,0,3,0.5,1.5,0.0012106537530266344,825,825,0.0012106537530266344,0.9987893462469734,0,0,1,1,0,1,1,0.5,0.25,0.5,0,0,1,0,0,1,16,3.327819531114783,0,0,0,0,1,1,0,0,13,28,0,0,0,1,1,0,0,0,0,0,0,0,8,31,2.1972245773362196,3.4657359027997265
05_19,0,0,0,0,0,1,1,0,0,0,2,0,0,0,2,1.0,1.0,0.0010689470871191875,1870,1549,0.0005344735435595938,0.8278995189738108,0,0,1,1,0,1,1,0.5,0.3333333333333333,0.3333333333333333,0,0,2,0,0,1,5,2.321928094887362,0,0,0,0,1,0,0,0,0,28,1,0,0,1,1,0,0,0,0,0,0,0,10,32,2.3978952727983707,3.4965075614664802
05__demo,0,0,0,0,0,1,2,0,0,0,0,0,0,0,0,0.0,0.0,0.0,1398,1398,0.0007147962830593281,0.9992852037169406,0,0,1,1,0,1,1,0.5,1.0,1.0,0,0,3,0,0,1,8,2.75,0,0,0,0,1,1,1,1,3,11,0,0,0,1,1,0,0,0,0,0,0,0,9,46,2.302585092994046,3.8501476017100584
05_addnum,0,0,0,0,0,2,1,0,1,0,0,0,0,0,0,0.0,0.0,0.0,1908,1549,0.0010476689366160294,0.8114195914091147,0,0,1,1,0,1,1,0.3333333333333333,1.0,1.0,0,0,2,0,0,1,9,2.94770277922009,0,0,0,0,1,0,0,0,0,28,1,0,0,1,1,0,0,0,0,0,0,0,10,34,2.3978952727983707,3.5553480614894135
05_anosha_wordcounter,0,0,0,0,0,1,1,0,0,0,1,1,0,0,2,0.5,1.0,0.001379310344827586,724,724,0.001379310344827586,0.9986206896551724,0,0,0,1,0,1,1,0.5,0.3333333333333333,0.5,0,0,3,0,0,1,21,3.784941827437642,0,0,0,0,1,1,0,0,24,28,0,0,0,1,1,0,0,0,0,0,0,0,5,26,1.791759469228055,3.295836866004329
05_anzuhang_utils,0,0,0,0,0,1,1,0,0,0,0,0,0,0,0,0.0,0.0,0.0,1459,1459,0.0006849315068493151,0.9993150684931507,0,0,1,1,0,1,1,0.5,1.0,1.0,0,0,3,0,0,1,17,3.6168746059562227,0,0,0,0,1,0,0,0,0,28,1,0,0,1,1,0,0,0,0,0,0,0,9,36,2.302585092994046,3.6109179126442243
05_calculator_cli_project_hasan,0,0,0,0,0,4,3,0,3,0,1,1,0,0,2,0.2,0.4,0.001310615989515072,762,762,0.005242463958060288,0.9986893840104849,0,0,1,1,0,1,1,0.2,0.3333333333333333,0.5,0,0,5,0,0,1,31,3.8330709070912787,0,0,0,0,1,1,0,0,43,28,0,0,0,1,1,0,0,0,0,0,0,0,11,61,2.4849066497880004,4.127134385045092
05_creathxs,0,0,0,0,0,2,1,0,1,0,0,0,0,0,0,0.0,0.0,0.0,440,440,0.0045351473922902496,0.9977324263038548,0,0,0,1,0,1,1,0.3333333333333333,1.0,1.0,0,0,2,0,0,1,11,3.459431618637298,0,0,0,0,1,0,0,0,0,28,1,0,0,1,1,0,0,0,0,0,0,0,6,29,1.9459101490553132,3.4011973816621555
05_currency_convertor_,0,0,0,0,0,1,1,0,0,0,1,1,0,0,2,0.5,1.0,0.0012578616352201257,794,794,0.0012578616352201257,0.9987421383647799,0,0,1,1,0,1,1,0.5,0.3333333333333333,0.5,0,0,4,0,0,1,22,3.3908054820769817,1,1,1,1,1,1,0,0,79,28,0,0,0,1,1,0,0,0,0,0,0,0,8,29,2.1972245773362196,3.4011973816621555
05_custom_zuziqiu,0,0,0,0,0,3,1,0,2,0,1,0,0,0,1,0.25,0.25,0.0005871990604815032,1702,1549,0.0017615971814445098,0.9095713446858485,0,0,1,1,0,1,1,0.25,0.5,0.5,0,0,3,0,0,1,17,3.4548223999466066,0,0,0,0,1,0,0,0,0,28,1,0,0,1,1,0,0,0,0,0,0,0,10,51,2.3978952727983707,3.9512437185814275
05_cynpx,0,0,0,0,0,1,1,0,0,0,0,3,0,0,3,0.0,1.5,0.0,1124,1124,0.0008888888888888889,0.9991111111111111,0,0,1,1,0,1,1,0.5,0.25,1.0,0,0,2,0,0,1,8,3.0,0,0,0,0,1,0,0,0,0,28,1,0,0,2,1,0,0,0,0,0,0,0,9,35,2.302585092994046,3.58351893845611
05_dive-utils,0,0,0,0,0,1,1,0,0,0,0,0,0,0,0,0.0,0.0,0.0,1036,1036,0.0009643201542912247,0.9990356798457087,0,0,1,1,0,1,1,0.5,1.0,1.0,0,0,3,1,0,1,13,3.5465935642949384,0,0,0,0,1,0,0,0,0,28,1,0,0,1,1,0,0,0,0,0,0,0,9,33,2.302585092994046,3.5263605246161616
05_maple_utils,0,0,0,0,0,3,1,1,1,0,0,0,0,0,0,0.0,0.0,0.0,1080,1080,0.0027752081406105457,0.9990749306197965,0,0,1,1,0,1,1,0.25,1.0,1.0,0,0,3,0,0,1,14,3.521640636343319,0,0,0,0,1,1,1,3,18,28,0,0,0,1,1,0,0,0,0,0,0,0,9,67,2.302585092994046,4.219507705176107
05_npm_demo,0,0,0,0,0,1,1,0,0,0,0,0,0,0,0,0.0,0.0,0.0,1447,1447,0.0006906077348066298,0.9993093922651933,0,0,1,1,0,1,1,0.5,1.0,1.0,0,0,3,0,0,1,11,3.0957952550009344,0,0,0,0,1,0,0,0,0,28,1,0,0,1,1,0,0,0,0,0,0,0,8,31,2.1972245773362196,3.4657359027997265
05_packge_dh,0,0,0,0,0,1,1,0,0,0,0,0,0,0,0,0.0,0.0,0.0,1326,1326,0.0007535795026375283,0.9992464204973625,0,0,1,1,0,1,1,0.5,1.0,1.0,0,0,3,0,0,1,12,3.418295834054489,0,0,0,0,1,1,1,1,15,731,0,0,0,0,0,0,0,0,0,0,0,0,7,34,2.0794415416798357,3.5553480614894135
05_program-currency-convertor,0,0,0,0,0,2,1,0,1,0,64,1,0,0,65,21.333333333333332,21.666666666666668,0.07823960880195599,817,817,0.0024449877750611247,0.9987775061124694,0,0,1,1,0,1,1,0.3333333333333333,0.015151515151515152,0.015384615384615385,0,0,4,1,0,1,29,3.788341339656749,0,0,0,0,1,0,0,0,0,28,1,0,0,1,1,0,0,0,0,0,0,0,8,45,2.1972245773362196,3.828641396489095
05_project_currency-convertor,0,0,0,0,0,4,2,0,3,0,64,1,0,0,65,12.8,13.0,0.07823960880195599,817,817,0.004889975550122249,0.9987775061124694,0,0,1,1,0,1,1,0.2,0.015151515151515152,0.015384615384615385,0,0,4,1,0,1,29,3.6469666682736497,0,0,0,0,1,0,0,0,0,28,1,0,0,1,1,0,0,0,0,0,0,0,12,53,2.5649493574615367,3.9889840465642745
05_project_word-counter,0,0,0,0,0,1,1,0,0,0,2,0,0,0,2,1.0,1.0,0.0024783147459727386,806,806,0.0012391573729863693,0.9987608426270136,0,0,1,1,0,1,1,0.5,0.3333333333333333,0.3333333333333333,0,0,4,1,0,1,23,3.7622673906514947,0,0,0,0,1,0,0,0,0,28,1,0,0,1,1,0,0,0,0,0,0,0,7,34,2.0794415416798357,3.5553480614894135
05_pubulish_own_bga_ych,0,0,0,0,0,1,1,0,0,0,0,0,0,0,0,0.0,0.0,0.0,1114,1114,0.0008968609865470852,0.9991031390134529,0,0,1,1,0,1,1,0.5,1.0,1.0,0,0,5,0,0,1,23,3.914866303883101,0,0,0,0,1,1,0,0,0,28,1,0,0,1,1,0,0,0,0,0,0,0,8,30,2.1972245773362196,3.4339872044851463
05_ssl,0,0,0,0,0,3,1,0,2,0,1,0,0,0,1,0.25,0.25,0.001176470588235294,849,849,0.0035294117647058825,0.9988235294117647,0,0,1,1,0,1,1,0.25,0.5,0.5,0,0,2,0,0,1,6,2.2516291673878226,0,0,0,0,1,1,0,0,5,28,0,0,0,1,1,0,0,0,0,0,0,0,10,54,2.3978952727983707,4.007333185232471
05_vue_resize_xm,0,0,0,0,0,1,1,0,0,0,0,2,0,0,2,0.0,1.0,0.0,411,411,0.0024271844660194173,0.9975728155339806,0,0,0,1,0,1,1,0.5,0.3333333333333333,1.0,0,0,4,0,0,1,16,3.4056390622295662,0,0,0,0,1,0,0,0,0,28,1,0,0,2,1,0,0,0,0,0,0,0,9,34,2.302585092994046,3.5553480614894135
05_why_ldengh,0,0,0,0,0,1,1,0,0,0,0,0,0,0,0,0.0,0.0,0.0,904,904,0.0011049723756906078,0.9988950276243094,0,0,1,1,0,1,1,0.5,1.0,1.0,0,0,3,0,0,1,13,3.3927474104487847,0,0,0,0,1,1,1,3,0,28,1,0,0,1,1,0,0,0,0,0,0,0,10,30,2.3978952727983707,3.4339872044851463
05_why_utils,0,0,0,0,0,2,1,1,0,0,0,0,0,0,0,0.0,0.0,0.0,782,782,0.002554278416347382,0.9987228607918263,0,0,1,1,0,1,1,0.3333333333333333,1.0,1.0,0,0,3,0,0,1,12,3.418295834054489,0,0,0,0,1,0,1,4,26,28,0,0,0,1,1,0,0,0,0,0,0,0,6,38,1.9459101490553132,3.6635616461296463
05_word_counter,0,0,0,0,0,1,1,0,0,0,3,0,0,0,3,1.5,1.5,0.0023715415019762848,1264,1264,0.0007905138339920949,0.9992094861660079,0,0,1,1,0,1,1,0.5,0.25,0.25,0,0,3,0,0,1,15,3.506890595608518,0,0,0,0,1,0,0,0,0,28,1,0,0,2,1,0,0,0,0,0,0,0,6,26,1.9459101490553132,3.295836866004329
05_word_counter_exe,0,0,0,0,0,1,1,0,0,0,1,1,0,0,2,0.5,1.0,0.000945179584120983,1057,1057,0.000945179584120983,0.999054820415879,0,0,1,1,0,1,1,0.5,0.3333333333333333,0.5,0,0,4,0,0,1,19,3.5368867237421666,0,0,0,0,1,0,0,0,0,28,1,0,0,1,1,0,0,0,0,0,0,0,6,29,1.9459101490553132,3.4011973816621555
05_wordcounter_kanwal,0,0,0,0,0,1,1,0,0,0,1,1,0,0,2,0.5,1.0,0.0013458950201884253,742,742,0.0013458950201884253,0.9986541049798116,0,0,1,1,0,1,1,0.5,0.3333333333333333,0.5,0,0,3,0,0,1,21,3.820888851350188,0,0,0,0,1,0,0,0,0,28,1,0,0,1,1,0,0,0,0,0,0,0,8,37,2.1972245773362196,3.6375861597263857
05_wordcounter_kanwall,0,0,0,0,0,1,1,0,0,0,2,1,0,0,3,1.0,1.5,0.0026917900403768506,742,742,0.0013458950201884253,0.9986541049798116,0,0,1,1,0,1,1,0.5,0.25,0.3333333333333333,0,0,3,0,0,1,22,3.82306798227366,0,0,0,0,1,0,0,0,0,28,1,0,0,1,1,0,0,0,0,0,0,0,6,32,1.9459101490553132,3.4965075614664802
05_wordcounter_project,0,0,0,0,0,1,1,0,4,0,5,0,0,0,5,2.5,2.5,0.005656108597285068,883,883,0.0011312217194570137,0.998868778280543,0,0,1,1,0,1,1,0.5,0.16666666666666666,0.16666666666666666,0,0,3,0,0,1,22,3.6635327548042547,0,0,0,0,1,0,0,0,0,28,1,0,0,1,1,0,0,0,0,0,0,0,6,25,1.9459101490553132,3.258096538021482
05_wsm_utils,0,0,0,0,0,3,1,2,0,0,0,0,0,0,0,0.0,0.0,0.0,1084,1084,0.0027649769585253456,0.9990783410138249,0,0,1,1,0,1,1,0.25,1.0,1.0,0,0,3,0,0,1,12,3.2516291673878226,0,0,0,0,1,1,1,1,2,28,0,0,0,1,1,0,0,0,0,0,0,0,7,36,2.0794415416798357,3.6109179126442243
05_xl_utlis_00,0,0,0,0,0,1,1,0,0,0,0,0,0,0,0,0.0,0.0,0.0,1455,1455,0.0006868131868131869,0.9993131868131868,0,0,1,1,0,1,1,0.5,1.0,1.0,0,0,4,0,0,1,14,2.9852281360342516,0,0,0,0,1,1,1,4,18,28,0,0,0,0,0,0,0,0,0,0,0,0,9,33,2.302585092994046,3.5263605246161616
05a_mwh_demo,0,0,0,0,0,1,1,0,0,0,2,0,0,0,2,1.0,1.0,0.0009732360097323601,2054,1549,0.00048661800486618007,0.7537712895377129,0,0,1,1,0,1,1,0.5,0.3333333333333333,0.3333333333333333,0,0,3,0,0,1,12,3.2516291673878226,0,0,0,0,1,0,0,0,0,28,1,0,0,1,1,0,0,0,0,0,0,0,9,31,2.302585092994046,3.4657359027997265
05chucifabu,0,0,0,0,0,1,1,0,0,0,0,0,0,0,0,0.0,0.0,0.0,1398,1398,0.0007147962830593281,0.9992852037169406,0,0,1,1,0,1,1,0.5,1.0,1.0,0,0,1,0,0,1,11,3.0957952550009344,0,0,0,0,1,0,0,0,0,28,1,0,0,1,1,0,0,0,0,0,0,0,8,32,2.1972245773362196,3.4965075614664802
05d4eu,0,0,0,0,0,1,1,2,7,0,0,0,0,0,0,0.0,0.0,0.0,1152,1152,0.0008673026886383347,0.9991326973113617,0,0,1,1,0,1,1,0.5,1.0,1.0,0,0,1,0,0,1,6,2.584962500721156,0,0,0,0,1,1,0,0,6,552,0,0,0,1,1,0,0,0,0,0,0,0,50,133,3.9318256327243257,4.897839799950911
05day,0,0,0,0,0,1,1,0,0,0,2,0,0,0,2,1.0,1.0,0.0014925373134328358,1339,1339,0.0007462686567164179,0.9992537313432835,0,0,1,1,0,1,1,0.5,0.3333333333333333,0.3333333333333333,0,0,1,0,0,1,5,2.321928094887362,0,0,0,0,1,0,0,0,0,28,1,0,0,1,1,0,0,0,0,0,0,0,9,32,2.302585092994046,3.4965075614664802
05hlw8,0,0,0,0,0,1,1,3,6,0,0,0,0,0,0,0.0,0.0,0.0,1152,1152,0.0008673026886383347,0.9991326973113617,0,0,1,1,0,1,1,0.5,1.0,1.0,0,0,1,0,0,1,6,2.584962500721156,0,0,0,0,1,1,0,0,6,726,0,0,0,1,1,0,0,0,0,0,0,0,10,36,2.3978952727983707,3.6109179126442243
05hpbo,0,0,0,0,0,1,2,0,9,0,0,0,0,0,0,0.0,0.0,0.0,1151,1151,0.0008680555555555555,0.9991319444444444,0,0,1,1,0,1,1,0.5,1.0,1.0,0,0,1,0,0,1,6,2.584962500721156,0,0,0,0,1,1,0,0,6,566,0,0,0,1,1,0,0,0,0,0,0,0,6,28,1.9459101490553132,3.367295829986474
05kangjia,0,0,0,0,0,1,1,0,0,0,0,0,0,0,0,0.0,0.0,0.0,1434,1434,0.0006968641114982578,0.9993031358885017,0,0,1,1,0,1,1,0.5,1.0,1.0,0,0,1,0,0,1,9,2.94770277922009,0,0,0,0,1,0,0,0,0,28,1,0,0,1,1,0,0,0,0,0,0,0,5,30,1.791759469228055,3.4339872044851463
05lhl_util,0,0,0,0,0,1,1,0,0,0,0,0,0,0,0,0.0,0.0,0.0,946,946,0.0010559662090813093,0.9989440337909187,0,0,1,1,0,1,1,0.5,1.0,1.0,0,0,2,0,0,1,10,2.846439344671015,0,0,0,0,1,1,1,2,24,28,0,0,0,1,1,0,0,0,0,0,0,0,6,21,1.9459101490553132,3.091042453358316
05module_package,0,0,0,0,0,1,1,0,0,0,1,0,0,0,1,0.5,0.5,0.00027770063871146905,3600,1480,0.00027770063871146905,0.41099694529297415,0,0,1,1,0,1,1,0.5,0.5,0.5,0,0,2,0,0,1,16,3.75,0,0,0,0,1,1,1,3,10,28,0,0,0,1,1,0,0,0,0,0,0,0,9,42,2.302585092994046,3.7612001156935624
05npm,0,0,0,0,0,1,1,0,0,0,0,0,0,0,0,0.0,0.0,0.0,3511,1480,0.0002847380410022779,0.4214123006833713,0,0,1,1,0,1,1,0.5,1.0,1.0,0,0,1,0,0,1,5,2.321928094887362,0,0,0,0,1,1,0,0,6,28,0,0,0,1,1,0,0,0,0,0,0,0,13,39,2.6390573296152584,3.6888794541139363
05npmdate,0,0,0,0,0,1,1,1,0,0,0,0,0,0,0,0.0,0.0,0.0,1870,1549,0.0005344735435595938,0.8278995189738108,0,0,1,1,0,1,1,0.5,1.0,1.0,0,0,1,0,0,1,9,3.169925001442312,0,0,0,0,1,0,0,0,0,28,1,0,0,1,1,0,0,0,0,0,0,0,7,32,2.0794415416798357,3.4965075614664802
05publish,0,0,0,0,0,1,1,0,0,0,0,0,0,0,0,0.0,0.0,0.0,2473,1549,0.0004042037186742118,0.6261115602263541,0,0,1,1,0,1,1,0.5,1.0,1.0,0,0,1,0,0,1,9,3.169925001442312,0,0,0,0,1,0,0,0,106,106,0,0,0,1,1,0,0,0,0,0,0,0,6,35,1.9459101490553132,3.58351893845611
05simplecalculator,0,0,0,0,0,3,1,0,2,0,1,1,0,0,2,0.25,0.5,0.001199040767386091,833,833,0.0035971223021582736,0.9988009592326139,0,0,1,1,0,1,1,0.25,0.3333333333333333,0.5,0,0,1,0,0,1,18,3.6835423624332306,0,0,0,0,1,1,0,0,58,28,0,0,0,1,1,0,0,0,0,0,0,0,4,30,1.6094379124341003,3.4339872044851463
05test,0,0,0,0,0,2,1,0,1,0,0,0,0,0,0,0.0,0.0,0.0,2891,1549,0.0006915629322268327,0.5356154910096819,0,0,1,1,0,1,1,0.3333333333333333,1.0,1.0,0,0,1,0,0,1,6,2.2516291673878226,0,0,0,0,1,1,1,1,26,5947,0,0,0,1,1,0,0,0,0,0,0,0,12,44,2.5649493574615367,3.8066624897703196
05untype,0,0,0,0,0,1,1,0,0,0,0,0,0,0,0,0.0,0.0,0.0,998,998,0.001001001001001001,0.998998998998999,0,0,1,1,0,1,1,0.5,1.0,1.0,0,0,1,0,0,1,8,3.0,0,0,0,0,1,0,0,0,0,28,1,0,0,1,1,0,0,0,0,0,0,0,9,38,2.302585092994046,3.6635616461296463
05using-package-json,0,0,0,0,0,2,1,0,1,0,1,0,0,0,1,0.3333333333333333,0.3333333333333333,0.0002929973630237328,3412,1480,0.0005859947260474656,0.43363609727512453,0,0,1,1,0,1,1,0.3333333333333333,0.5,0.5,0,0,3,1,0,1,20,3.8219280948873617,0,0,0,0,1,1,1,3,37,28,0,0,0,1,1,0,0,0,0,0,0,0,10,44,2.3978952727983707,3.8066624897703196
05vf2o,0,0,0,0,0,1,1,1,8,0,0,0,0,0,0,0.0,0.0,0.0,1152,1152,0.0008673026886383347,0.9991326973113617,0,0,1,1,0,1,1,0.5,1.0,1.0,0,0,1,0,0,1,6,2.584962500721156,0,0,0,0,1,1,0,0,6,655,0,0,0,1,1,0,0,0,0,0,0,0,9,25,2.302585092994046,3.258096538021482
05y6tjgmws,0,0,0,0,0,1,1,1,0,0,7,9,0,0,16,3.5,8.0,0.008588957055214725,814,814,0.001226993865030675,0.9987730061349693,0,0,1,1,0,1,1,0.5,0.058823529411764705,0.125,0,0,1,0,0,1,10,3.321928094887362,0,0,0,0,0,0,0,0,159,1419,0,0,0,4,1,0,0,0,0,0,0,0,10,43,2.3978952727983707,3.784189633918261
06,0,0,0,0,0,1,0,0,1,0,0,0,0,0,0,0.0,0.0,0.0,3127,1549,0.00031969309462915604,0.4952046035805627,0,0,1,1,0,1,1,0.5,1.0,1.0,0,0,1,0,0,1,2,1.0,0,0,0,0,0,0,0,0,0,28,1,1,0,0,0,0,0,0,0,0,0,0,10,48,2.3978952727983707,3.8918202981106265
06-02eva,0,0,0,0,0,1,1,0,0,0,1,0,0,0,1,0.5,0.5,0.010638297872340425,93,93,0.010638297872340425,0.9893617021276596,0,0,0,1,0,1,1,0.5,0.5,0.5,0,0,2,1,0,1,8,2.75,0,0,0,0,1,1,0,0,6,28,0,0,0,1,1,0,0,0,0,0,0,0,70,275,4.2626798770413155,5.62040086571715
06-03-5,0,0,0,0,0,1,1,0,0,0,1,0,0,0,1,0.5,0.5,0.009433962264150943,105,105,0.009433962264150943,0.9905660377358491,0,0,0,1,0,1,1,0.5,0.5,0.5,0,0,3,1,0,1,7,2.2359263506290326,0,0,0,0,1,0,0,0,0,28,1,0,0,1,1,0,0,0,0,0,0,0,10,43,2.3978952727983707,3.784189633918261
06-04_1,0,0,0,0,0,1,1,0,0,0,2,0,0,0,2,1.0,1.0,0.008368200836820083,238,238,0.0041841004184100415,0.99581589958159,0,0,0,1,0,1,1,0.5,0.3333333333333333,0.3333333333333333,0,0,3,1,0,1,7,2.521640636343318,0,0,0,0,1,0,0,0,0,28,1,0,0,1,1,0,0,0,0,0,0,0,10,38,2.3978952727983707,3.6635616461296463
06-10,0,0,0,0,0,2,1,0,1,0,0,0,0,0,0,0.0,0.0,0.0,1847,1549,0.0010822510822510823,0.8382034632034632,0,0,1,1,0,1,1,0.3333333333333333,1.0,1.0,0,0,2,1,0,1,5,1.9219280948873623,0,0,0,0,1,0,0,0,0,28,1,0,0,1,1,0,0,0,0,0,0,0,7,37,2.0794415416798357,3.6375861597263857
06-a6li-number-guessing-cli,0,0,0,0,0,1,1,0,0,0,1,1,0,0,2,0.5,1.0,0.001321003963011889,756,756,0.001321003963011889,0.9986789960369881,0,0,1,1,0,1,1,0.5,0.3333333333333333,0.5,0,0,5,1,0,1,27,3.7639657428240816,0,0,0,0,1,1,0,0,36,28,0,0,0,1,1,0,0,0,0,0,0,0,6,27,1.9459101490553132,3.332204510175204
06-aamir-number-guessing-game-cli,0,0,0,0,0,1,1,0,0,0,1,1,0,0,2,0.5,1.0,0.0013192612137203166,757,757,0.0013192612137203166,0.9986807387862797,0,0,1,1,0,1,1,0.5,0.3333333333333333,0.5,0,0,6,1,0,1,33,3.729725089502267,0,0,0,0,1,1,0,0,36,28,0,0,0,1,1,0,0,0,0,0,0,0,9,32,2.302585092994046,3.4965075614664802
06-af-no-guessing-game-cli,0,0,0,0,0,1,1,0,0,0,1,0,0,0,1,0.5,0.5,0.0013157894736842105,759,759,0.0013157894736842105,0.9986842105263158,0,0,1,1,0,1,1,0.5,0.5,0.5,0,0,6,1,0,1,26,3.686419411348773,0,0,0,0,1,1,0,0,28,28,0,0,0,1,1,0,0,0,0,0,0,0,9,32,2.302585092994046,3.4965075614664802
06-asserts,0,0,0,0,0,1,1,0,0,0,1,0,0,0,1,0.5,0.5,0.0003194888178913738,3129,1549,0.0003194888178913738,0.49488817891373804,0,0,1,1,0,1,1,0.5,0.5,0.5,0,0,2,1,0,1,10,2.846439344671016,0,0,0,0,1,0,0,0,0,28,1,0,0,1,1,0,0,0,0,0,0,0,10,35,2.3978952727983707,3.58351893845611
06-bag,0,0,0,0,0,1,1,0,0,0,0,0,0,0,0,0.0,0.0,0.0,375,375,0.0026595744680851063,0.9973404255319149,0,0,0,1,0,1,1,0.5,1.0,1.0,0,0,2,1,0,1,6,2.584962500721156,0,0,0,0,1,0,0,0,14,28,0,0,0,1,1,0,0,0,0,0,0,0,52,142,3.970291913552122,4.962844630259907
06-beiyou-tools1,0,0,0,0,0,1,1,0,0,0,0,0,0,0,0,0.0,0.0,0.0,1528,1528,0.0006540222367560497,0.999345977763244,0,0,1,1,0,1,1,0.5,1.0,1.0,0,0,3,1,0,1,16,3.577819531114783,0,0,0,0,1,0,0,0,34,415,0,0,0,1,1,0,0,0,0,0,0,0,8,32,2.1972245773362196,3.4965075614664802
06-beiyou-tools2,0,0,0,0,0,1,1,0,0,0,0,0,0,0,0,0.0,0.0,0.0,1528,1528,0.0006540222367560497,0.999345977763244,0,0,1,1,0,1,1,0.5,1.0,1.0,0,0,3,1,0,1,16,3.577819531114783,0,0,0,0,1,0,1,3,16,448,0,0,0,1,1,0,0,0,0,0,0,0,7,29,2.0794415416798357,3.4011973816621555
06-comd,0,0,0,0,0,1,1,0,0,0,1,0,0,0,1,0.5,0.5,0.0024271844660194173,411,411,0.0024271844660194173,0.9975728155339806,0,0,0,1,0,1,1,0.5,0.5,0.5,0,0,2,1,0,1,7,2.807354922057604,0,0,0,0,1,0,0,0,0,28,1,0,0,1,1,0,0,0,0,0,0,0,5,27,1.791759469228055,3.332204510175204
06-cosum1,0,0,0,0,0,1,1,0,0,0,0,0,0,0,0,0.0,0.0,0.0,411,411,0.0024271844660194173,0.9975728155339806,0,0,0,1,0,1,1,0.5,1.0,1.0,0,0,2,1,0,1,9,3.169925001442312,0,0,0,0,1,0,0,0,0,28,1,0,0,1,1,0,0,0,0,0,0,0,9,35,2.302585092994046,3.58351893845611
06-createfolder,0,0,0,0,0,1,1,0,0,0,0,0,0,0,0,0.0,0.0,0.0,2276,1549,0.0004391743522178305,0.6802810715854194,0,0,1,1,0,1,1,0.5,1.0,1.0,0,0,2,1,0,1,15,3.4565647621309536,0,0,0,0,1,0,0,0,0,28,1,0,0,1,1,0,0,0,0,0,0,0,7,25,2.0794415416798357,3.258096538021482
06-db,0,0,0,0,0,2,1,0,1,0,0,0,0,0,0,0.0,0.0,0.0,1443,1443,0.0013850415512465374,0.9993074792243767,0,0,1,1,0,1,1,0.3333333333333333,1.0,1.0,0,0,2,1,0,1,5,2.321928094887362,0,0,0,0,1,0,1,4,20,193,0,0,0,1,1,0,0,0,0,0,0,0,9,43,2.302585092994046,3.784189633918261
06-db-rosie,0,0,0,0,0,1,1,0,1,0,0,0,0,0,0,0.0,0.0,0.0,1422,1422,0.0007027406886858749,0.9992972593113141,0,0,1,1,0,1,1,0.5,1.0,1.0,0,0,3,1,0,1,11,3.277613436819116,0,0,0,0,1,0,1,4,20,193,0,0,0,1,1,0,0,0,0,0,0,0,12,47,2.5649493574615367,3.871201010907891
06-dutur_utils,0,0,0,0,0,1,1,0,0,0,0,0,0,0,0,0.0,0.0,0.0,1347,1347,0.000741839762611276,0.9992581602373887,0,0,1,1,0,1,1,0.5,1.0,1.0,0,0,3,1,0,1,14,3.3248629576173574,0,0,0,0,1,0,0,0,0,28,1,0,0,1,1,0,0,0,0,0,0,0,11,42,2.4849066497880004,3.7612001156935624
06-express-server,0,0,0,0,0,1,1,0,0,0,1,0,0,0,1,0.5,0.5,0.0006489292667099286,1540,1540,0.0006489292667099286,0.9993510707332901,0,0,1,1,0,1,1,0.5,0.5,0.5,0,0,3,1,0,1,17,2.939829017466402,0,0,0,0,1,0,0,0,0,28,1,0,0,1,1,0,0,0,0,0,0,0,9,44,2.302585092994046,3.8066624897703196
06-fyutils,0,0,0,0,0,1,1,0,0,0,0,0,0,0,0,0.0,0.0,0.0,908,908,0.0011001100110011,0.9988998899889989,0,0,1,1,0,1,1,0.5,1.0,1.0,0,0,2,1,0,1,10,3.321928094887362,0,0,0,0,1,0,1,2,17,28,0,0,0,0,0,0,0,0,0,0,0,0,13,33,2.6390573296152584,3.5263605246161616
06-ib-number-guessing-game-cli,0,0,0,0,0,1,1,0,0,0,1,1,0,0,2,0.5,1.0,0.00130718954248366,764,764,0.00130718954248366,0.9986928104575163,0,0,1,1,0,1,1,0.5,0.3333333333333333,0.5,0,0,6,1,0,1,30,3.711080496244278,0,0,0,0,1,1,0,0,36,28,0,0,0,1,1,0,0,0,0,0,0,0,9,29,2.302585092994046,3.4011973816621555
06-iq,0,0,0,0,0,2,1,1,1,0,0,0,0,0,0,0.0,0.0,0.0,1442,1442,0.001386001386001386,0.9993069993069993,0,0,1,1,0,1,1,0.3333333333333333,1.0,1.0,0,0,2,1,0,1,5,2.321928094887362,0,0,0,0,1,0,0,0,87,289,0,0,0,1,1,0,0,0,0,0,0,0,9,37,2.302585092994046,3.6375861597263857
06-jobs-api-vydeekelz,0,0,0,0,0,1,1,0,0,0,19,3,0,0,22,9.5,11.0,0.045346062052505964,418,418,0.002386634844868735,0.9976133651551312,0,0,0,1,0,1,1,0.5,0.043478260869565216,0.05,0,0,4,1,0,1,21,3.939470994001287,0,0,0,0,1,1,0,0,14,441,0,0,0,2,1,0,0,0,0,0,0,0,11,37,2.4849066497880004,3.6375861597263857
06-jr-number-guessing-game,0,0,0,0,0,1,1,0,0,0,1,1,0,0,2,0.5,1.0,0.0013175230566534915,758,758,0.0013175230566534915,0.9986824769433466,0,0,1,1,0,1,1,0.5,0.3333333333333333,0.5,0,0,5,1,0,1,26,3.6423714487439023,0,0,0,0,1,1,0,0,30,28,0,0,0,1,1,0,0,0,0,0,0,0,9,36,2.302585092994046,3.6109179126442243
06-kt-number-guessing-game-cli,0,0,0,0,0,1,1,0,0,0,1,1,0,0,2,0.5,1.0,0.001314060446780552,760,760,0.001314060446780552,0.9986859395532195,0,0,1,1,0,1,1,0.5,0.3333333333333333,0.5,0,0,6,1,0,1,30,3.869576746316394,0,0,0,0,1,1,0,0,36,28,0,0,0,1,1,0,0,0,0,0,0,0,9,35,2.302585092994046,3.58351893845611
06-lzq_utils,0,0,0,0,0,1,1,0,0,0,0,0,0,0,0,0.0,0.0,0.0,232,232,0.004291845493562232,0.9957081545064378,0,0,0,1,0,1,1,0.5,1.0,1.0,0,0,3,1,0,1,12,3.4182958340544896,0,0,0,0,1,1,1,3,8,28,0,0,0,0,0,0,0,0,0,0,0,0,6,25,1.9459101490553132,3.258096538021482
06-my-project-cli-student-management-system,0,0,0,0,0,1,1,0,0,0,1,1,0,0,2,0.5,1.0,0.0013003901170351106,768,768,0.0013003901170351106,0.9986996098829649,0,0,1,1,0,1,1,0.5,0.3333333333333333,0.5,0,0,7,1,0,1,43,3.9788500812712257,0,0,0,0,1,0,0,0,0,28,1,0,0,1,1,0,0,0,0,0,0,0,9,33,2.302585092994046,3.5263605246161616
06-npm-publish-demo,0,0,0,0,0,1,1,0,0,0,0,0,0,0,0,0.0,0.0,0.0,922,922,0.0010834236186348862,0.9989165763813651,0,0,1,1,0,1,1,0.5,1.0,1.0,0,0,4,1,0,1,19,3.7871439606981383,0,0,0,0,1,0,0,0,0,28,1,0,0,1,1,0,0,0,0,0,0,0,9,36,2.302585092994046,3.6109179126442243
06-password-gen,0,0,0,0,0,2,1,1,0,0,1,0,0,0,1,0.3333333333333333,0.3333333333333333,0.0035211267605633804,283,283,0.007042253521126761,0.9964788732394366,0,0,0,1,0,1,1,0.3333333333333333,0.5,0.5,0,0,3,1,0,1,15,3.6402239289418516,0,0,0,0,1,0,0,0,45,28,0,0,0,1,1,0,0,0,0,0,0,0,11,44,2.4849066497880004,3.8066624897703196
06-publish-to-npm,0,0,0,0,0,1,1,0,1,0,0,0,0,0,0,0.0,0.0,0.0,1959,1549,0.0005102040816326531,0.7903061224489796,0,0,1,1,0,1,1,0.5,1.0,1.0,0,0,4,1,0,1,17,3.6901165175936654,0,0,0,0,1,0,0,0,0,28,1,0,0,1,1,0,0,0,0,0,0,0,8,33,2.1972245773362196,3.5263605246161616
06-publish-to-npm-first,0,0,0,0,0,1,1,0,1,0,0,0,0,0,0,0.0,0.0,0.0,1959,1549,0.0005102040816326531,0.7903061224489796,0,0,1,1,0,1,1,0.5,1.0,1.0,0,0,5,1,0,1,23,3.82790978214397,0,0,0,0,1,0,0,0,0,28,1,0,0,1,1,0,0,0,0,0,0,0,7,23,2.0794415416798357,3.1780538303479458
06-query-projection-lab,0,0,0,0,0,1,1,0,0,0,3,0,0,0,3,1.5,1.5,0.5,5,5,0.16666666666666666,0.8333333333333334,1,1,0,1,0,1,1,0.5,0.25,0.25,0,0,4,1,0,1,23,4.0559581516151235,0,0,0,0,1,0,0,0,0,28,1,0,0,1,1,0,0,0,0,0,0,0,132,132,4.890349128221754,4.890349128221754
06-react-router-myself,0,0,0,0,0,2,0,0,2,0,1,5,0,2,8,0.3333333333333333,2.6666666666666665,0.0014749262536873156,677,677,0.0029498525073746312,0.9985250737463127,0,0,0,1,0,1,1,0.3333333333333333,0.1111111111111111,0.5,0,0,4,1,0,1,22,3.7201287774331875,0,0,0,0,0,0,0,0,255,404,0,0,0,5,1,0,0,0,1,0,1,1,11,46,2.4849066497880004,3.8501476017100584
06-send-registry-use-registry,0,0,0,0,0,1,1,0,0,0,0,0,0,0,0,0.0,0.0,0.0,1043,1043,0.0009578544061302681,0.9990421455938697,0,0,1,1,0,1,1,0.5,1.0,1.0,0,0,5,1,0,1,29,3.4786706502999865,0,0,0,0,1,1,1,2,17,28,0,0,0,1,1,0,0,0,0,0,0,0,10,34,2.3978952727983707,3.5553480614894135
06-servidor-con-node-p1,0,0,0,0,0,1,1,0,0,0,3,0,0,0,3,1.5,1.5,0.0022058823529411764,1359,1359,0.0007352941176470588,0.9992647058823529,0,0,1,1,0,1,1,0.5,0.25,0.25,0,0,5,1,0,1,23,3.6211755429194716,0,0,0,0,1,0,0,0,0,28,1,0,0,1,1,0,0,0,0,0,0,0,7,33,2.0794415416798357,3.5263605246161616
06-sms,0,0,0,0,0,1,1,0,1,0,2,2,0,0,4,1.0,2.0,0.0027472527472527475,727,727,0.0013736263736263737,0.9986263736263736,0,0,0,1,0,1,1,0.5,0.2,0.3333333333333333,0,0,2,1,0,1,6,2.2516291673878226,0,0,0,0,1,1,0,0,255,538,0,0,0,1,1,0,0,0,0,0,0,0,6,36,1.9459101490553132,3.6109179126442243
06-std-ms,0,0,0,0,0,1,1,0,1,0,2,2,0,0,4,1.0,2.0,0.002751031636863824,726,726,0.001375515818431912,0.9986244841815681,0,0,0,1,0,1,1,0.5,0.2,0.3333333333333333,0,0,3,1,0,1,9,2.725480556997868,0,0,0,0,1,1,0,0,255,538,0,0,0,1,1,0,0,0,0,0,0,0,10,29,2.3978952727983707,3.4011973816621555
06-student-management-system,0,0,0,0,0,1,1,0,0,0,3,4,0,0,7,1.5,3.5,0.0023510971786833857,1275,1275,0.0007836990595611285,0.9992163009404389,0,0,1,1,0,1,1,0.5,0.125,0.25,0,0,4,1,0,1,28,3.4852281360342516,0,0,0,0,1,0,0,0,0,28,1,0,0,1,1,0,0,0,0,0,0,0,10,32,2.3978952727983707,3.4965075614664802
06-tekbooks,0,0,0,0,0,1,0,1,0,0,17,13,0,0,30,8.5,15.0,0.017932489451476793,947,947,0.0010548523206751054,0.9989451476793249,0,0,1,1,0,1,1,0.5,0.03225806451612903,0.05555555555555555,0,0,2,1,0,1,11,3.095795255000934,0,0,0,0,0,1,0,0,24,549,0,0,0,4,1,0,0,0,0,0,0,0,9,41,2.302585092994046,3.7376696182833684
06-todo-project,0,0,0,0,0,1,1,0,0,0,1,1,0,0,2,0.5,1.0,0.0012195121951219512,819,819,0.0012195121951219512,0.998780487804878,0,0,1,1,0,1,1,0.5,0.3333333333333333,0.5,0,0,3,1,0,1,15,3.32323142879762,0,0,0,0,1,0,0,0,0,28,1,0,0,1,1,0,0,0,0,0,0,0,10,42,2.3978952727983707,3.7612001156935624
06-use-weixing-bao,0,0,0,0,0,1,1,0,0,0,1,0,0,0,1,0.5,0.5,0.0003198976327575176,3125,1549,0.0003198976327575176,0.49552143314139474,0,0,1,1,0,1,1,0.5,0.5,0.5,0,0,4,1,0,1,18,3.6835423624332306,0,0,0,0,1,0,0,0,0,28,1,0,0,1,1,0,0,0,0,0,0,0,9,29,2.302585092994046,3.4011973816621555
06-wbh_utils,0,0,0,0,0,1,1,0,0,0,0,0,0,0,0,0.0,0.0,0.0,1151,1151,0.0008680555555555555,0.9991319444444444,0,0,1,1,0,1,1,0.5,1.0,1.0,0,0,3,1,0,1,12,3.584962500721156,0,0,0,0,1,1,1,4,18,28,0,0,0,0,0,0,0,0,0,0,0,0,10,35,2.3978952727983707,3.58351893845611
06-why_utils_52,0,0,0,0,0,1,1,0,0,0,0,0,0,0,0,0.0,0.0,0.0,1311,1311,0.0007621951219512195,0.9992378048780488,0,0,1,1,0,1,1,0.5,1.0,1.0,0,0,4,1,0,1,15,3.7735572622751845,0,0,0,0,1,1,1,4,18,28,0,0,0,0,0,0,0,0,0,0,0,0,6,27,1.9459101490553132,3.332204510175204
06-why_utils_521,0,0,0,0,0,1,1,0,0,0,0,0,0,0,0,0.0,0.0,0.0,1311,1311,0.0007621951219512195,0.9992378048780488,0,0,1,1,0,1,1,0.5,1.0,1.0,0,0,4,1,0,1,16,3.875,0,0,0,0,1,1,1,4,18,28,0,0,0,0,0,0,0,0,0,0,0,0,9,37,2.302585092994046,3.6375861597263857
06-wordcounter,0,0,0,0,0,1,1,0,0,0,4,4,0,0,8,2.0,4.0,0.004640371229698376,861,861,0.001160092807424594,0.9988399071925754,0,0,1,1,0,1,1,0.5,0.1111111111111111,0.2,0,0,2,1,0,1,14,3.521640636343319,0,0,0,0,1,0,0,0,113,556,0,0,0,1,1,0,0,0,0,0,0,0,6,28,1.9459101490553132,3.367295829986474
06-yang-utils,0,0,0,0,0,1,1,0,0,0,0,0,0,0,0,0.0,0.0,0.0,888,888,0.0011248593925759281,0.9988751406074241,0,0,1,1,0,1,1,0.5,1.0,1.0,0,0,3,1,0,1,13,3.546593564294939,0,0,0,0,1,0,0,0,0,28,1,0,0,1,1,0,0,0,0,0,0,0,9,33,2.302585092994046,3.5263605246161616
06-yayyahmi-word-counter,0,0,0,0,0,1,1,0,0,0,2,3,0,0,5,1.0,2.5,0.0025284450063211127,790,790,0.0012642225031605564,0.9987357774968394,0,0,1,1,0,1,1,0.5,0.16666666666666666,0.3333333333333333,0,0,4,1,0,1,24,3.9387218755408675,0,0,0,0,1,0,0,0,0,28,1,0,0,1,1,0,0,0,0,0,0,0,8,30,2.1972245773362196,3.4339872044851463
06.-student-management-system-by-alina,0,0,0,0,0,1,1,0,0,0,1,2,0,0,3,0.5,1.5,0.0013605442176870747,734,734,0.0013605442176870747,0.998639455782313,0,0,1,1,0,1,1,0.5,0.25,0.5,0,0,7,1,1,1,38,3.797416579791908,0,0,0,0,1,1,0,0,0,28,1,0,0,1,1,0,0,0,0,0,0,0,7,25,2.0794415416798357,3.258096538021482
06.07,0,0,0,0,0,2,3,3,3,0,0,3,0,0,3,0.0,1.0,0.0,3311,1480,0.0006038647342995169,0.4468599033816425,0,0,1,1,0,1,1,0.3333333333333333,0.25,1.0,0,0,2,0,1,1,5,1.9219280948873623,0,0,0,0,1,0,0,0,0,28,1,0,0,1,1,0,0,0,0,0,0,0,3,28,1.3862943611198906,3.367295829986474
06.1_instalando-modulo-publicado,0,0,0,0,0,1,1,0,0,0,1,0,0,0,1,0.5,0.5,0.001597444089456869,625,625,0.001597444089456869,0.9984025559105432,0,0,0,1,0,1,1,0.5,0.5,0.5,0,0,5,1,1,1,32,4.054229296672174,0,0,0,0,1,0,0,0,0,28,1,0,0,1,1,0,0,0,0,0,0,0,10,36,2.3978952727983707,3.6109179126442243
06.cjj,0,0,0,0,0,1,1,0,0,0,0,0,0,0,0,0.0,0.0,0.0,288,288,0.0034602076124567475,0.9965397923875432,0,0,0,1,0,1,1,0.5,1.0,1.0,0,0,2,0,1,1,6,2.2516291673878226,0,0,0,0,1,0,0,0,0,28,1,0,0,1,1,0,0,0,0,0,0,0,6,26,1.9459101490553132,3.295836866004329
0602laba,0,0,0,0,0,1,1,0,0,0,2,0,0,0,2,1.0,1.0,0.0008216926869350862,2433,1549,0.0004108463434675431,0.6364009860312243,0,0,1,1,0,1,1,0.5,0.3333333333333333,0.3333333333333333,0,0,1,0,0,1,8,2.5,0,0,0,0,1,1,0,0,13,28,0,0,0,1,1,0,0,0,0,0,0,0,9,41,2.302585092994046,3.7376696182833684
0602vanya,0,0,0,0,0,1,1,0,0,0,2,0,0,0,2,1.0,1.0,0.0008216926869350862,2433,1549,0.0004108463434675431,0.6364009860312243,0,0,1,1,0,1,1,0.5,0.3333333333333333,0.3333333333333333,0,0,1,0,0,1,9,2.725480556997868,0,0,0,0,1,1,0,0,13,28,0,0,1,1,1,0,0,0,0,0,0,0,10,41,2.3978952727983707,3.7376696182833684
0603-yanpan06,0,0,0,0,0,1,1,0,0,0,0,0,0,0,0,0.0,0.0,0.0,227,227,0.0043859649122807015,0.9956140350877193,0,0,0,1,0,1,1,0.5,1.0,1.0,0,0,2,1,0,1,13,2.873140679513133,0,0,0,0,1,0,0,0,5,28,0,0,0,1,1,0,0,0,0,0,0,0,10,38,2.3978952727983707,3.6635616461296463
0603m-farvari,0,0,0,0,0,2,1,0,1,0,1,0,0,0,1,0.3333333333333333,0.3333333333333333,0.010101010101010102,98,98,0.020202020202020204,0.98989898989899,0,0,0,1,0,1,1,0.3333333333333333,0.5,0.5,0,0,2,1,0,1,13,3.238901256602631,0,0,0,0,1,1,0,0,19,28,0,0,0,0,0,0,0,0,0,0,0,0,135,595,4.912654885736052,6.39024066706535
0604lk,0,0,0,0,0,4,2,1,1,0,0,0,0,0,0,0.0,0.0,0.0,1129,1129,0.0035398230088495575,0.9991150442477876,0,0,1,1,0,1,1,0.2,1.0,1.0,0,0,1,0,0,1,6,2.2516291673878226,0,0,0,0,1,0,0,0,0,28,1,0,0,2,1,0,0,0,0,0,0,0,10,68,2.3978952727983707,4.23410650459726
0614testnpm,0,0,0,0,0,1,1,0,0,0,0,0,0,0,0,0.0,0.0,0.0,382,382,0.0026109660574412533,0.9973890339425587,0,0,0,1,0,1,1,0.5,1.0,1.0,0,0,1,0,0,1,11,3.277613436819116,0,0,0,0,1,0,0,0,0,28,1,0,0,1,1,0,0,0,0,0,0,0,9,33,2.302585092994046,3.5263605246161616
0621package,0,0,0,0,0,1,1,0,0,0,0,0,0,0,0,0.0,0.0,0.0,412,412,0.002421307506053269,0.9975786924939467,0,0,0,1,0,1,1,0.5,1.0,1.0,0,0,1,0,0,1,11,3.277613436819116,0,0,0,0,1,0,0,0,0,28,1,0,0,1,1,0,0,0,0,0,0,0,8,34,2.1972245773362196,3.5553480614894135
0624zmj,0,0,0,0,0,1,1,0,0,0,1,2,0,0,3,0.5,1.5,0.0006807351940095302,1468,1468,0.0006807351940095302,0.9993192648059904,0,0,1,1,0,1,1,0.5,0.25,0.5,0,0,1,0,0,1,7,2.807354922057604,0,0,0,0,1,0,1,2,12,28,0,0,0,3,1,0,0,0,0,0,0,0,6,27,1.9459101490553132,3.332204510175204
0650teqqly,0,0,0,0,0,1,1,0,0,0,2,0,0,0,2,1.0,1.0,0.00477326968973747,418,418,0.002386634844868735,0.9976133651551312,0,0,0,1,0,1,1,0.5,0.3333333333333333,0.3333333333333333,0,0,1,0,0,1,10,2.9219280948873623,1,1,1,1,1,0,0,0,34,28,0,0,0,1,1,0,0,0,0,0,0,0,9,34,2.302585092994046,3.5553480614894135
06550r,0,0,0,0,0,1,1,2,2,0,0,0,0,0,0,0.0,0.0,0.0,1151,1151,0.0008680555555555555,0.9991319444444444,0,0,1,1,0,1,1,0.5,1.0,1.0,0,0,1,0,0,1,6,1.9182958340544896,0,0,0,0,1,1,0,0,6,556,0,0,0,1,1,0,0,0,0,0,0,0,8,33,2.1972245773362196,3.5263605246161616
065ap2,0,0,0,0,0,1,3,0,2,0,0,0,0,0,0,0.0,0.0,0.0,1151,1151,0.0008680555555555555,0.9991319444444444,0,0,1,1,0,1,1,0.5,1.0,1.0,0,0,1,0,0,1,6,2.584962500721156,0,0,0,0,1,1,0,0,6,718,0,0,0,1,1,0,0,0,0,0,0,0,6,32,1.9459101490553132,3.4965075614664802
066m7q8o0z,0,0,0,0,0,1,2,1,0,0,7,9,0,0,16,3.5,8.0,0.00902061855670103,775,775,0.001288659793814433,0.9987113402061856,0,0,1,1,0,1,1,0.5,0.058823529411764705,0.125,0,0,1,0,0,1,10,2.9219280948873623,0,0,0,0,0,0,0,0,159,1419,0,0,0,4,1,0,0,0,0,0,0,0,7,26,2.0794415416798357,3.295836866004329
0673qo,0,0,0,0,0,1,3,1,1,0,0,0,0,0,0,0.0,0.0,0.0,1151,1151,0.0008680555555555555,0.9991319444444444,0,0,1,1,0,1,1,0.5,1.0,1.0,0,0,1,0,0,1,6,2.584962500721156,0,0,0,0,1,1,0,0,6,586,0,0,0,1,1,0,0,0,0,0,0,0,9,33,2.302585092994046,3.5263605246161616
06_03_vnvika_1,0,0,0,0,0,1,1,0,0,0,0,0,0,0,0,0.0,0.0,0.0,1731,1549,0.0005773672055427252,0.8943418013856813,0,0,1,1,0,1,1,0.5,1.0,1.0,0,0,4,0,0,1,14,3.182005814760214,0,0,0,0,1,1,0,0,3,28,0,0,0,1,1,0,0,0,0,0,0,0,5,33,1.791759469228055,3.5263605246161616
06_anosha_student_management_system,0,0,0,0,0,1,1,0,0,0,1,1,0,0,2,0.5,1.0,0.001388888888888889,719,719,0.001388888888888889,0.9986111111111111,0,0,0,1,0,1,1,0.5,0.3333333333333333,0.5,0,0,5,0,0,1,35,3.622000516883153,0,0,0,0,1,1,0,0,50,28,0,0,0,1,1,0,0,0,0,0,0,0,8,33,2.1972245773362196,3.5263605246161616
06_byvoidmodule,0,0,0,0,0,1,0,0,0,0,0,0,0,0,0,0.0,0.0,0.0,4792,1480,0.00020863759649488838,0.3087836428124348,0,0,1,1,0,1,1,0.5,1.0,1.0,0,0,2,0,0,1,15,3.6402239289418516,0,0,0,0,1,1,0,0,2,31,0,0,0,1,1,0,0,0,0,0,0,0,10,42,2.3978952727983707,3.7612001156935624
06_changfu_utils,0,0,0,0,0,2,1,0,1,0,0,0,0,0,0,0.0,0.0,0.0,1318,1318,0.001516300227445034,0.9992418498862775,0,0,1,1,0,1,1,0.3333333333333333,1.0,1.0,0,0,3,0,0,1,16,3.75,0,0,0,0,1,1,1,4,18,28,0,0,0,1,1,0,0,0,0,0,0,0,8,44,2.1972245773362196,3.8066624897703196
06_cli,0,0,0,0,0,2,1,0,2,0,0,0,0,0,0,0.0,0.0,0.0,332,332,0.006006006006006006,0.996996996996997,0,0,0,1,0,1,1,0.3333333333333333,1.0,1.0,0,0,2,0,0,1,6,2.584962500721156,0,0,0,0,1,1,0,0,13,28,0,0,0,1,1,0,0,0,0,0,0,0,10,44,2.3978952727983707,3.8066624897703196
06_cli_applications_using_nodejs,0,0,0,0,0,1,1,0,0,0,7,0,0,0,7,3.5,3.5,0.001878690284487386,3725,1480,0.00026838432635534085,0.39720880300590444,0,0,1,1,0,1,1,0.5,0.125,0.125,0,0,5,0,0,1,32,3.890319531114783,0,0,0,0,1,1,0,0,26,28,0,0,0,1,1,0,0,0,0,0,0,0,6,27,1.9459101490553132,3.332204510175204
06_cli_busca_cep,0,0,0,0,0,1,1,0,0,0,0,0,0,0,0,0.0,0.0,0.0,332,332,0.003003003003003003,0.996996996996997,0,0,0,1,0,1,1,0.5,1.0,1.0,0,0,4,0,0,1,16,3.4056390622295662,0,0,0,0,1,1,0,0,13,28,0,0,0,1,1,0,0,0,0,0,0,0,6,30,1.9459101490553132,3.4339872044851463
06_clibased_project_student-managment-system,0,0,0,0,0,4,1,0,4,0,2,1,0,0,3,0.4,0.6,0.0025284450063211127,790,788,0.0050568900126422255,0.9962073324905183,0,0,1,1,0,1,1,0.2,0.25,0.3333333333333333,0,0,6,1,0,1,44,4.181276369602582,0,0,0,0,1,0,0,0,0,28,1,0,0,1,1,0,0,0,0,0,0,0,9,61,2.302585092994046,4.127134385045092
06_coder_utils,0,0,0,0,0,3,1,1,1,0,0,0,0,0,0,0.0,0.0,0.0,1239,1239,0.0024193548387096775,0.9991935483870967,0,0,1,1,0,1,1,0.25,1.0,1.0,0,0,3,0,0,1,14,3.6644977792004623,0,0,0,0,1,1,0,0,14,28,0,0,0,1,1,0,0,0,0,0,0,0,11,61,2.4849066497880004,4.127134385045092
06_ctl_utils-00,0,0,0,0,0,1,1,0,0,0,0,0,0,0,0,0.0,0.0,0.0,1226,1226,0.0008149959250203749,0.9991850040749797,0,0,1,1,0,1,1,0.5,1.0,1.0,0,0,4,1,0,1,15,3.189898095464288,0,0,0,0,1,1,1,1,18,28,0,0,0,1,1,0,0,0,0,0,0,0,9,31,2.302585092994046,3.4657359027997265
06_currency_converter,0,0,0,0,0,1,1,0,0,0,1,1,0,0,2,0.5,1.0,0.0012437810945273632,803,803,0.0012437810945273632,0.9987562189054726,0,0,1,1,0,1,1,0.5,0.3333333333333333,0.5,0,0,3,0,0,1,21,3.3680424225727155,0,0,0,0,1,1,0,0,0,28,1,0,0,1,1,0,0,0,0,0,0,0,8,33,2.1972245773362196,3.5263605246161616
06_czl_utils,0,0,0,0,0,1,1,0,0,0,0,0,0,0,0,0.0,0.0,0.0,1408,1408,0.0007097232079489,0.9992902767920511,0,0,1,1,0,1,1,0.5,1.0,1.0,0,0,3,0,0,1,12,3.2516291673878226,0,0,0,0,1,1,1,4,0,28,1,0,0,0,0,0,0,0,0,0,0,0,6,35,1.9459101490553132,3.58351893845611
06_dingtao_utils,0,0,0,0,0,3,1,1,1,0,0,0,0,0,0,0.0,0.0,0.0,733,733,0.004087193460490463,0.9986376021798365,0,0,1,1,0,1,1,0.25,1.0,1.0,0,0,3,0,0,1,16,3.625,0,0,0,0,1,1,1,1,7,11,0,0,0,0,0,0,0,0,0,0,0,0,9,50,2.302585092994046,3.9318256327243257
06_fhyoki_utils,0,0,0,0,0,1,1,0,0,0,0,0,0,0,0,0.0,0.0,0.0,1121,1121,0.00089126559714795,0.9991087344028521,0,0,1,1,0,1,1,0.5,1.0,1.0,0,0,3,0,0,1,15,3.6402239289418516,0,0,0,0,1,1,1,3,15,28,0,0,0,0,0,0,0,0,0,0,0,0,6,27,1.9459101490553132,3.332204510175204
06_ghulam_nasir-number-guess_2,0,0,0,0,0,1,1,1,0,0,2,1,0,0,3,1.0,1.5,0.0026246719160104987,761,761,0.0013123359580052493,0.9986876640419947,0,0,1,1,0,1,1,0.5,0.25,0.3333333333333333,0,0,6,1,0,1,30,3.9647351787255047,0,0,0,0,1,1,0,0,42,28,0,0,0,1,1,0,0,0,0,0,0,0,7,33,2.0794415416798357,3.5263605246161616
06_gy_utils_00,0,0,0,0,0,1,1,1,2,0,0,0,0,0,0,0.0,0.0,0.0,1136,815,0.0008795074758135445,0.7167985927880387,0,0,1,1,0,1,1,0.5,1.0,1.0,0,0,4,0,0,1,14,3.128085278891395,0,0,0,0,1,1,1,6,18,0,0,0,0,1,1,0,0,0,0,0,0,0,6,24,1.9459101490553132,3.2188758248682006
06_hcj_utils_fabu,0,0,0,0,0,1,1,0,0,0,0,0,0,0,0,0.0,0.0,0.0,1133,1133,0.0008818342151675485,0.9991181657848325,0,0,1,1,0,1,1,0.5,1.0,1.0,0,0,4,0,0,1,17,3.6901165175936654,0,0,0,0,1,1,1,3,42,28,0,0,0,0,0,0,0,0,0,0,0,0,6,31,1.9459101490553132,3.4657359027997265
06_ht_utils,0,0,0,0,0,3,1,1,1,0,0,0,0,0,0,0.0,0.0,0.0,456,456,0.006564551422319475,0.9978118161925602,0,0,0,1,0,1,1,0.25,1.0,1.0,0,0,3,0,0,1,11,3.095795255000934,0,0,0,0,1,1,1,3,18,28,0,0,0,0,0,0,0,0,0,0,0,0,16,72,2.833213344056216,4.290459441148391
06_huyun_06,0,0,0,0,0,1,1,0,0,0,0,0,0,0,0,0.0,0.0,0.0,2673,1549,0.00037397157816005983,0.5792819745699327,0,0,1,1,0,1,1,0.5,1.0,1.0,0,0,3,0,0,1,11,2.7321588913645702,0,0,0,0,1,0,0,0,0,11,1,0,0,1,1,0,0,0,0,0,0,0,8,26,2.1972245773362196,3.295836866004329
06_jc_utils,0,0,0,0,0,1,1,0,0,0,0,0,0,0,0,0.0,0.0,0.0,1360,1360,0.0007347538574577516,0.9992652461425422,0,0,1,1,0,1,1,0.5,1.0,1.0,0,0,3,0,0,1,11,3.277613436819116,0,0,0,0,1,1,1,3,0,28,1,0,0,0,0,0,0,0,0,0,0,0,10,35,2.3978952727983707,3.58351893845611
06_jia_utils,0,0,0,0,0,2,1,1,0,0,0,0,0,0,0,0.0,0.0,0.0,1382,1382,0.0014461315979754157,0.9992769342010123,0,0,1,1,0,1,1,0.3333333333333333,1.0,1.0,0,0,3,0,0,1,12,3.2516291673878226,0,0,0,0,0,1,1,3,18,28,0,0,0,1,1,0,0,0,0,0,0,0,6,43,1.9459101490553132,3.784189633918261
06_jim_utils,0,0,0,0,0,1,1,0,0,0,0,0,0,0,0,0.0,0.0,0.0,1455,1455,0.0006868131868131869,0.9993131868131868,0,0,1,1,0,1,1,0.5,1.0,1.0,0,0,3,0,0,1,12,3.2516291673878226,0,0,0,0,1,0,0,0,0,28,1,0,0,1,1,0,0,0,0,0,0,0,9,35,2.302585092994046,3.58351893845611
06_jing_wei,0,0,0,0,0,2,1,1,0,0,0,0,0,0,0,0.0,0.0,0.0,1113,1113,0.0017953321364452424,0.9991023339317774,0,0,1,1,0,1,1,0.3333333333333333,1.0,1.0,0,0,3,0,0,1,11,3.095795255000934,0,0,0,0,1,0,1,3,12,28,0,0,0,1,1,0,0,0,0,0,0,0,10,46,2.3978952727983707,3.8501476017100584
06_lad_al2lo,0,0,0,0,0,1,1,0,0,0,1,0,0,0,1,0.5,0.5,0.0010111223458038423,988,988,0.0010111223458038423,0.9989888776541962,0,0,1,1,0,1,1,0.5,0.5,0.5,0,0,3,0,0,1,12,2.8553885422075336,0,0,0,0,1,0,0,0,0,28,1,0,0,1,1,0,0,0,0,0,0,0,9,36,2.302585092994046,3.6109179126442243
06_library,0,0,0,0,0,1,1,0,0,0,0,5,0,0,5,0.0,2.5,0.0,1540,1540,0.0006489292667099286,0.9993510707332901,0,0,1,1,0,1,1,0.5,0.16666666666666666,1.0,0,0,2,0,0,1,10,3.1219280948873624,0,0,0,0,1,0,0,0,0,28,1,0,0,1,1,0,0,0,0,0,0,0,6,28,1.9459101490553132,3.367295829986474
06_lion-lib,0,0,0,0,0,2,1,0,1,0,0,0,0,0,0,0.0,0.0,0.0,2933,1549,0.0006816632583503749,0.5279481935923653,0,0,1,1,0,1,1,0.3333333333333333,1.0,1.0,0,0,3,1,0,1,11,3.095795255000934,0,0,0,0,1,0,0,0,0,28,1,0,1,1,1,0,0,0,0,0,0,0,5,30,1.791759469228055,3.4339872044851463
06_my_fn_xixi,0,0,0,0,0,1,1,0,0,0,0,0,0,0,0,0.0,0.0,0.0,1303,1303,0.0007668711656441718,0.9992331288343558,0,0,1,1,0,1,1,0.5,1.0,1.0,0,0,4,0,0,1,13,3.0269868333592873,0,0,0,0,1,0,1,3,21,28,0,0,0,1,1,0,0,0,0,0,0,0,6,33,1.9459101490553132,3.5263605246161616
06_my_utils,0,0,0,0,0,1,1,0,0,0,0,0,0,0,0,0.0,0.0,0.0,1460,1460,0.0006844626967830253,0.999315537303217,0,0,1,1,0,1,1,0.5,1.0,1.0,0,0,3,0,0,1,11,3.277613436819116,0,0,0,0,1,1,1,5,15,28,0,0,0,1,1,0,0,0,0,0,0,0,10,32,2.3978952727983707,3.4965075614664802
06_nht_math00,0,0,0,0,0,2,1,1,0,0,0,0,0,0,0,0.0,0.0,0.0,1416,1416,0.0014114326040931546,0.9992942836979535,0,0,1,1,0,1,1,0.3333333333333333,1.0,1.0,0,0,3,0,0,1,13,2.873140679513133,0,0,0,0,1,0,1,3,13,28,0,0,0,1,1,0,0,0,0,0,0,0,9,53,2.302585092994046,3.9889840465642745
06_nono_npm_publish,0,0,0,0,0,1,1,0,0,0,0,0,0,0,0,0.0,0.0,0.0,1383,1383,0.000722543352601156,0.9992774566473989,0,0,1,1,0,1,1,0.5,1.0,1.0,0,0,4,0,0,1,19,3.5368867237421666,0,0,0,0,1,0,1,3,16,28,0,0,0,2,1,0,0,0,0,0,0,0,8,32,2.1972245773362196,3.4965075614664802
06_npm_demo5,0,0,0,0,0,1,1,0,0,0,0,0,0,0,0,0.0,0.0,0.0,1398,1398,0.0007147962830593281,0.9992852037169406,0,0,1,1,0,1,1,0.5,1.0,1.0,0,0,3,0,0,1,12,3.2516291673878226,0,0,0,0,1,0,0,0,0,28,1,0,0,1,1,0,0,0,0,0,0,0,11,36,2.4849066497880004,3.6109179126442243
06_npx,0,0,0,0,0,1,1,0,0,0,0,2,0,0,2,0.0,1.0,0.0,1354,1354,0.0007380073800738007,0.9992619926199262,0,0,1,1,0,1,1,0.5,0.3333333333333333,1.0,0,0,2,0,0,1,6,2.584962500721156,0,0,0,0,1,1,1,1,0,28,1,0,0,1,1,0,0,0,0,0,0,0,11,35,2.4849066497880004,3.58351893845611
06_number-guessing_game_hasan,0,0,0,0,0,1,1,0,0,0,1,1,0,0,2,0.5,1.0,0.0013123359580052493,761,761,0.0013123359580052493,0.9986876640419947,0,0,1,1,0,1,1,0.5,0.3333333333333333,0.5,0,0,5,1,0,1,29,3.7362801326109922,0,0,0,0,1,1,0,0,36,28,0,0,0,1,1,0,0,0,0,0,0,0,5,26,1.791759469228055,3.295836866004329
06_object-oriented-program,0,0,0,0,0,1,1,0,0,0,2,1,0,0,3,1.0,1.5,0.0026917900403768506,742,742,0.0013458950201884253,0.9986541049798116,0,0,1,1,0,1,1,0.5,0.25,0.3333333333333333,0,0,4,1,0,1,26,3.9979526986606913,0,0,0,0,1,0,0,0,0,28,1,0,0,1,1,0,0,0,0,0,0,0,8,34,2.1972245773362196,3.5553480614894135
06_ppj-utils,0,0,0,0,0,3,1,1,1,0,0,0,0,0,0,0.0,0.0,0.0,1208,1208,0.0024813895781637717,0.9991728701406121,0,0,1,1,0,1,1,0.25,1.0,1.0,0,0,3,1,0,1,12,3.418295834054489,0,0,0,0,1,0,0,0,0,28,1,0,0,1,1,0,0,0,0,0,0,0,5,45,1.791759469228055,3.828641396489095
06_project_student_managment_system,0,0,0,0,0,1,1,0,0,0,2,1,0,0,3,1.0,1.5,0.0025284450063211127,790,790,0.0012642225031605564,0.9987357774968394,0,0,1,1,0,1,1,0.5,0.25,0.3333333333333333,0,0,5,0,0,1,35,3.8757315032041886,0,0,0,0,1,0,0,0,0,28,1,0,0,1,1,0,0,0,0,0,0,0,6,30,1.9459101490553132,3.4339872044851463
06_publicando-no-npm,0,0,0,0,0,1,1,0,0,0,0,0,0,0,0,0.0,0.0,0.0,523,523,0.0019083969465648854,0.9980916030534351,0,0,0,1,0,1,1,0.5,1.0,1.0,0,0,4,1,0,1,20,3.7841837197791888,0,0,0,0,1,0,0,0,0,28,1,0,0,1,1,0,0,0,0,0,0,0,8,28,2.1972245773362196,3.367295829986474
06_route-cli,0,0,0,0,0,1,1,0,0,0,8,0,0,0,8,4.0,4.0,0.0034828036569438396,2296,1549,0.00043535045711797995,0.674357858075751,0,0,1,1,0,1,1,0.5,0.1111111111111111,0.1111111111111111,0,0,3,1,0,1,12,3.584962500721156,0,0,0,0,1,0,0,0,0,28,1,0,0,1,1,0,0,0,0,0,0,0,10,44,2.3978952727983707,3.8066624897703196
06_sahill56_number_guesing_game_cli,0,0,0,0,0,2,1,0,1,0,1,1,0,0,2,0.3333333333333333,0.6666666666666666,0.0013123359580052493,761,761,0.0026246719160104987,0.9986876640419947,0,0,1,1,0,1,1,0.3333333333333333,0.3333333333333333,0.5,0,0,6,0,0,1,35,3.9113061459995175,0,0,0,0,1,1,0,0,36,28,0,0,0,1,1,0,0,0,0,0,0,0,8,31,2.1972245773362196,3.4657359027997265
06_school-management-application,0,0,0,0,0,1,1,0,0,0,1,1,0,0,2,0.5,1.0,0.0014619883040935672,683,683,0.0014619883040935672,0.9985380116959064,0,0,0,1,0,1,1,0.5,0.3333333333333333,0.5,0,0,4,1,0,1,32,3.952819531114783,0,0,0,0,1,0,0,0,0,28,1,0,0,1,1,0,0,0,0,0,0,0,6,27,1.9459101490553132,3.332204510175204
06_sqf_util,0,0,0,0,0,1,1,0,0,0,0,0,0,0,0,0.0,0.0,0.0,243,243,0.004098360655737705,0.9959016393442623,0,0,0,1,0,1,1,0.5,1.0,1.0,0,0,3,0,0,1,11,3.277613436819116,0,0,0,0,1,1,1,2,0,28,1,0,0,1,1,0,0,0,0,0,0,0,8,29,2.1972245773362196,3.4011973816621555
06_stdmanagementsystem,0,0,0,0,0,1,1,0,4,0,4,1,0,0,5,2.0,2.5,0.004524886877828055,883,883,0.0011312217194570137,0.998868778280543,0,0,1,1,0,1,1,0.5,0.16666666666666666,0.2,0,0,2,0,0,1,22,3.413088436425758,0,0,0,0,1,0,0,0,0,28,1,0,0,1,1,0,0,0,0,0,0,0,8,35,2.1972245773362196,3.58351893845611
06_student_management_system-by-wajid,0,0,0,0,0,1,1,0,0,0,1,1,0,0,2,0.5,1.0,0.00130718954248366,764,764,0.00130718954248366,0.9986928104575163,0,0,1,1,0,1,1,0.5,0.3333333333333333,0.5,0,0,6,1,0,1,37,3.9723064058771302,0,0,0,0,1,0,0,0,0,28,1,0,0,1,1,0,0,0,0,0,0,0,8,30,2.1972245773362196,3.4339872044851463
06_student_managment_system,0,0,0,0,0,1,1,0,0,0,1,1,0,0,2,0.5,1.0,0.001358695652173913,735,735,0.001358695652173913,0.998641304347826,0,0,1,1,0,1,1,0.5,0.3333333333333333,0.5,0,0,4,0,0,1,27,3.5039824091702334,0,0,0,0,1,0,0,0,59,1402,0,0,0,1,1,0,0,0,0,0,0,0,8,29,2.1972245773362196,3.4011973816621555
06_student_system,0,0,0,0,0,4,1,3,0,0,2,2,0,0,4,0.4,0.8,0.001890359168241966,1057,1057,0.003780718336483932,0.999054820415879,0,0,1,1,0,1,1,0.2,0.2,0.3333333333333333,0,0,3,0,0,1,17,3.2927701939369904,0,0,0,0,1,0,0,0,0,28,1,0,0,1,1,0,0,0,0,0,0,0,9,80,2.302585092994046,4.394449154672439
06_studentmanagementsystem_kanwal,0,0,0,0,0,1,1,0,0,0,1,0,0,0,1,0.5,0.5,0.001349527665317139,740,740,0.001349527665317139,0.9986504723346828,0,0,1,1,0,1,1,0.5,0.5,0.5,0,0,3,0,0,1,33,3.725916088924304,0,0,0,0,1,0,0,0,0,28,1,0,0,1,1,0,0,0,0,0,0,0,9,38,2.302585092994046,3.6635616461296463
06_testutils,0,0,0,0,0,2,1,1,0,0,0,0,0,0,0,0.0,0.0,0.0,1323,1321,0.0015105740181268882,0.9977341389728097,0,0,1,1,0,1,1,0.3333333333333333,1.0,1.0,0,0,2,0,0,1,12,3.0220552088742,0,0,0,0,1,1,1,3,9,28,0,0,0,0,0,0,0,0,0,0,0,0,10,55,2.3978952727983707,4.02535169073515
06_ttt_utils,0,0,0,0,0,3,1,2,1,0,0,0,0,0,0,0.0,0.0,0.0,997,997,0.003006012024048096,0.998997995991984,0,0,1,1,0,1,1,0.25,1.0,1.0,0,0,3,0,0,1,12,2.7516291673878226,0,0,0,0,1,1,1,4,18,28,0,0,0,1,1,0,0,0,0,0,0,0,6,51,1.9459101490553132,3.9512437185814275
06_utils,0,0,0,0,0,1,1,0,0,0,0,0,0,0,0,0.0,0.0,0.0,482,482,0.002070393374741201,0.9979296066252588,0,0,0,1,0,1,1,0.5,1.0,1.0,0,0,2,0,0,1,8,3.0,0,0,0,0,1,1,0,0,15,0,0,0,0,1,1,0,0,0,0,0,0,0,10,33,2.3978952727983707,3.5263605246161616
06_why_utils,0,0,0,0,0,1,1,0,0,0,0,0,0,0,0,0.0,0.0,0.0,1460,1460,0.0006844626967830253,0.999315537303217,0,0,1,1,0,1,1,0.5,1.0,1.0,0,0,3,0,0,1,12,3.418295834054489,0,0,0,0,1,0,0,0,0,28,1,0,0,1,1,0,0,0,0,0,0,0,5,23,1.791759469228055,3.1780538303479458
06_why_utils1,0,0,0,0,0,4,1,2,1,0,0,0,0,0,0,0.0,0.0,0.0,924,924,0.004324324324324324,0.9989189189189189,0,0,1,1,0,1,1,0.2,1.0,1.0,0,0,3,0,0,1,13,3.5465935642949384,0,0,0,0,1,1,1,4,18,28,0,0,0,0,0,0,0,0,0,0,0,0,10,77,2.3978952727983707,4.356708826689592
06_why_utils4234,0,0,0,0,0,2,1,1,0,0,0,0,0,0,0,0.0,0.0,0.0,743,743,0.002688172043010753,0.9986559139784946,0,0,1,1,0,1,1,0.3333333333333333,1.0,1.0,0,0,3,0,0,1,16,3.75,0,0,0,0,1,1,1,4,0,28,1,0,0,0,0,0,0,0,0,0,0,0,9,51,2.302585092994046,3.9512437185814275
06_why_utils_00,0,0,0,0,0,1,1,0,0,0,0,0,0,0,0,0.0,0.0,0.0,1221,1221,0.0008183306055646482,0.9991816693944353,0,0,1,1,0,1,1,0.5,1.0,1.0,0,0,4,0,0,1,15,3.2729055953200556,0,0,0,0,1,1,1,4,18,28,0,0,0,1,1,0,0,0,0,0,0,0,8,27,2.1972245773362196,3.332204510175204
06_why_utils_login,0,0,0,0,0,1,1,0,0,0,0,0,0,0,0,0.0,0.0,0.0,1227,1227,0.0008143322475570033,0.999185667752443,0,0,1,1,0,1,1,0.5,1.0,1.0,0,0,4,0,0,1,18,3.68354236243323,0,0,0,0,1,1,1,1,0,28,1,0,0,1,1,0,0,0,0,0,0,0,9,38,2.302585092994046,3.6635616461296463
06_why_utils_miao,0,0,0,0,0,1,1,0,0,0,0,0,0,0,0,0.0,0.0,0.0,1234,1234,0.0008097165991902834,0.9991902834008097,0,0,1,1,0,1,1,0.5,1.0,1.0,0,0,4,0,0,1,17,3.6901165175936654,0,0,0,0,1,1,1,1,17,28,0,0,0,1,1,0,0,0,0,0,0,0,6,23,1.9459101490553132,3.1780538303479458
06_why_utils_my,0,0,0,0,0,2,1,1,0,0,0,0,0,0,0,0.0,0.0,0.0,1073,1073,0.00186219739292365,0.9990689013035382,0,0,1,1,0,1,1,0.3333333333333333,1.0,1.0,0,0,4,0,0,1,15,3.4565647621309536,0,0,0,0,1,1,1,4,18,28,0,0,0,0,0,0,0,0,0,0,0,0,8,47,2.1972245773362196,3.871201010907891
06_why_utils_myself,0,0,0,0,0,2,1,1,0,0,1,0,0,0,1,0.3333333333333333,0.3333333333333333,0.0021691973969631237,460,460,0.004338394793926247,0.9978308026030369,0,0,0,1,0,1,1,0.3333333333333333,0.5,0.5,0,0,4,0,0,1,19,3.6818808028034016,0,0,0,0,1,1,1,3,18,28,0,0,0,1,1,0,0,0,0,0,0,0,11,44,2.4849066497880004,3.8066624897703196
06_word_counter_project,0,0,0,0,0,1,1,0,0,0,2,1,0,0,3,1.0,1.5,0.0025157232704402514,794,794,0.0012578616352201257,0.9987421383647799,0,0,1,1,0,1,1,0.5,0.25,0.3333333333333333,0,0,4,0,0,1,23,3.6424896731661263,1,1,1,1,1,1,0,0,85,28,0,0,0,1,1,0,0,0,0,0,0,0,7,31,2.0794415416798357,3.4657359027997265
06_words-counter,0,0,0,0,0,1,1,0,0,0,1,1,0,0,2,0.5,1.0,0.0012406947890818859,805,805,0.0012406947890818859,0.9987593052109182,0,0,1,1,0,1,1,0.5,0.3333333333333333,0.5,0,0,3,1,0,1,16,3.75,0,0,0,0,1,0,0,0,65,68,0,0,0,1,1,0,0,0,0,0,0,0,9,37,2.302585092994046,3.6375861597263857
06_wx-untils,0,0,0,0,0,3,1,1,1,0,0,0,0,0,0,0.0,0.0,0.0,1083,1082,0.0027675276752767526,0.9981549815498155,0,0,1,1,0,1,1,0.25,1.0,1.0,0,0,3,1,0,1,12,3.584962500721156,0,0,0,0,1,1,1,2,0,28,1,0,0,0,0,0,0,0,0,0,0,0,7,43,2.0794415416798357,3.784189633918261
06_xj,0,0,0,0,0,1,1,0,0,0,1,0,0,0,1,0.5,0.5,0.0003846153846153846,2599,1549,0.0003846153846153846,0.5957692307692307,0,0,1,1,0,1,1,0.5,0.5,0.5,0,0,2,0,0,1,5,2.321928094887362,0,0,0,0,1,0,0,0,0,28,1,0,0,1,1,0,0,0,0,0,0,0,9,39,2.302585092994046,3.6888794541139363
06_yuan_utils,0,0,0,0,0,1,1,0,0,0,0,0,0,0,0,0.0,0.0,0.0,1207,1207,0.0008278145695364238,0.9991721854304636,0,0,1,1,0,1,1,0.5,1.0,1.0,0,0,3,0,0,1,13,3.3927474104487847,0,0,0,0,1,1,1,3,18,28,0,0,0,1,1,0,0,0,0,0,0,0,11,32,2.4849066497880004,3.4965075614664802
06_zmh_utils,0,0,0,0,0,1,1,0,0,0,0,0,0,0,0,0.0,0.0,0.0,1349,1349,0.0007407407407407407,0.9992592592592593,0,0,1,1,0,1,1,0.5,1.0,1.0,0,0,3,0,0,1,12,3.418295834054489,0,0,0,0,1,1,1,2,18,28,0,0,0,0,0,0,0,0,0,0,0,0,10,37,2.3978952727983707,3.6375861597263857
06_zzj_utils,0,0,0,0,0,1,1,0,0,0,0,0,0,0,0,0.0,0.0,0.0,1061,1061,0.0009416195856873823,0.9990583804143126,0,0,1,1,0,1,1,0.5,1.0,1.0,0,0,3,0,0,1,12,3.2516291673878226,0,0,0,0,1,1,1,2,5,28,0,0,0,0,0,0,0,0,0,0,0,0,7,25,2.0794415416798357,3.258096538021482
06_zzw_utils,0,0,0,0,0,2,1,1,0,0,0,0,0,0,0,0.0,0.0,0.0,376,376,0.005305039787798408,0.9973474801061007,0,0,0,1,0,1,1,0.3333333333333333,1.0,1.0,0,0,3,0,0,1,12,3.2516291673878226,0,0,0,0,1,1,1,3,15,28,0,0,0,1,1,0,0,0,0,0,0,0,5,33,1.791759469228055,3.5263605246161616
06a-dd,0,0,0,0,0,1,1,0,0,0,0,2,0,0,2,0.0,1.0,0.0,2032,1549,0.0004918839153959665,0.7619281849483522,0,0,1,1,0,1,1,0.5,0.3333333333333333,1.0,0,0,2,1,0,1,6,2.251629167387823,0,0,0,0,1,0,0,0,0,28,1,0,0,1,1,0,0,0,0,0,0,0,9,33,2.302585092994046,3.5263605246161616
06a-first-cli,0,0,0,0,0,2,1,0,1,0,0,0,0,0,0,0.0,0.0,0.0,2032,1549,0.000983767830791933,0.7619281849483522,0,0,1,1,0,1,1,0.3333333333333333,1.0,1.0,0,0,3,1,0,1,13,3.3927474104487847,0,0,0,0,1,0,0,0,0,28,1,0,0,1,1,0,0,0,0,0,0,0,6,32,1.9459101490553132,3.4965075614664802
06aaa,0,0,0,0,0,1,1,0,0,0,0,0,0,0,0,0.0,0.0,0.0,2032,1549,0.0004918839153959665,0.7619281849483522,0,0,1,1,0,1,1,0.5,1.0,1.0,0,0,1,0,0,1,5,1.3709505944546687,0,0,0,0,1,0,0,0,0,28,1,0,0,1,1,0,0,0,0,0,0,0,9,38,2.302585092994046,3.6635616461296463
06buj9h3su,0,0,0,0,0,1,2,1,0,0,7,9,0,0,16,3.5,8.0,0.00903225806451613,774,774,0.0012903225806451613,0.9987096774193548,0,0,1,1,0,1,1,0.5,0.058823529411764705,0.125,0,0,1,0,0,1,10,3.121928094887362,0,0,0,0,0,0,0,0,159,1419,0,0,0,4,1,0,0,0,0,0,0,0,7,33,2.0794415416798357,3.5263605246161616
06cli-number-guessing,0,0,0,0,0,1,1,0,0,0,1,1,0,0,2,0.5,1.0,0.001218026796589525,820,820,0.001218026796589525,0.9987819732034104,0,0,1,1,0,1,1,0.5,0.3333333333333333,0.5,0,0,3,1,0,1,21,3.7256507561120933,0,0,0,0,1,0,0,0,40,65,0,0,0,1,1,0,0,0,0,0,0,0,8,34,2.1972245773362196,3.5553480614894135
06cwh1,0,0,0,0,0,1,3,1,1,0,0,0,0,0,0,0.0,0.0,0.0,1152,1152,0.0008673026886383347,0.9991326973113617,0,0,1,1,0,1,1,0.5,1.0,1.0,0,0,1,0,0,1,6,2.584962500721156,0,0,0,0,1,1,0,0,6,650,0,0,0,1,1,0,0,0,0,0,0,0,6,27,1.9459101490553132,3.332204510175204
06demo-1,0,0,0,0,0,1,1,0,0,0,2,0,0,0,2,1.0,1.0,0.0007733952049497294,2585,1549,0.0003866976024748647,0.5989945862335654,0,0,1,1,0,1,1,0.5,0.3333333333333333,0.3333333333333333,0,0,2,1,0,1,8,3.0,0,0,0,0,1,0,0,0,0,0,1,0,0,1,1,0,0,0,0,0,0,0,7,30,2.0794415416798357,3.4339872044851463
06distribuction,0,0,0,0,0,2,1,1,0,0,0,0,0,0,0,0.0,0.0,0.0,590,589,0.00338409475465313,0.9966159052453468,0,0,0,1,0,1,1,0.3333333333333333,1.0,1.0,0,0,1,0,0,1,15,3.456564762130954,0,0,0,0,1,1,1,3,0,28,1,0,0,1,1,0,0,0,0,0,0,0,6,50,1.9459101490553132,3.9318256327243257
06dre15t8r,0,0,0,0,0,1,2,1,0,0,7,9,0,0,16,3.5,8.0,0.008641975308641974,809,809,0.0012345679012345679,0.9987654320987654,0,0,1,1,0,1,1,0.5,0.058823529411764705,0.125,0,0,1,0,0,1,10,3.121928094887362,0,0,0,0,0,0,0,0,159,1419,0,0,0,4,1,0,0,0,0,0,0,0,8,37,2.1972245773362196,3.6375861597263857
06fanyi,0,0,0,0,0,7,0,0,7,0,2,2,0,0,4,0.25,0.5,0.0009082652134423251,2201,1549,0.003178928247048138,0.7034514078110808,0,0,1,1,0,1,1,0.125,0.2,0.3333333333333333,0,0,1,0,0,1,7,2.807354922057604,0,0,0,0,1,0,0,0,0,28,1,0,0,1,1,0,0,0,0,0,0,0,11,64,2.4849066497880004,4.174387269895637
06fwb4,0,0,0,0,0,1,3,0,2,0,0,0,0,0,0,0.0,0.0,0.0,1153,1153,0.0008665511265164644,0.9991334488734835,0,0,1,1,0,1,1,0.5,1.0,1.0,0,0,1,0,0,1,6,2.584962500721156,0,0,0,0,1,1,0,0,6,553,0,0,0,1,1,0,0,0,0,0,0,0,6,29,1.9459101490553132,3.4011973816621555
06ghl,0,0,0,0,0,3,1,1,1,0,0,0,0,0,0,0.0,0.0,0.0,1309,1309,0.0022900763358778627,0.999236641221374,0,0,1,1,0,1,1,0.25,1.0,1.0,0,0,1,0,0,1,5,2.321928094887362,0,0,0,0,1,1,1,4,0,28,1,0,0,0,0,0,0,0,0,0,0,0,5,54,1.791759469228055,4.007333185232471
06gx9q,0,0,0,0,0,1,3,2,9,0,0,0,0,0,0,0.0,0.0,0.0,1151,1151,0.0008680555555555555,0.9991319444444444,0,0,1,1,0,1,1,0.5,1.0,1.0,0,0,1,0,0,1,6,2.584962500721156,0,0,0,0,1,1,0,0,6,720,0,0,0,1,1,0,0,0,0,0,0,0,9,34,2.302585092994046,3.5553480614894135
06idvu,0,0,0,0,0,1,1,0,3,0,0,0,0,0,0,0.0,0.0,0.0,1152,1152,0.0008673026886383347,0.9991326973113617,0,0,1,1,0,1,1,0.5,1.0,1.0,0,0,1,0,0,1,6,2.584962500721156,0,0,0,0,1,1,0,0,6,703,0,0,0,1,1,0,0,0,0,0,0,0,6,19,1.9459101490553132,2.995732273553991
06my_bag_demo,0,0,0,0,0,3,1,1,1,0,0,0,0,0,0,0.0,0.0,0.0,967,967,0.0030991735537190084,0.9989669421487604,0,0,1,1,0,1,1,0.25,1.0,1.0,0,0,3,0,0,1,13,3.3927474104487847,0,0,0,0,1,1,1,5,4,28,0,0,0,0,0,0,0,0,0,0,0,0,4,56,1.6094379124341003,4.04305126783455
06npm-chuangjianbao,0,0,0,0,0,1,1,0,0,0,0,0,0,0,0,0.0,0.0,0.0,1398,1398,0.0007147962830593281,0.9992852037169406,0,0,1,1,0,1,1,0.5,1.0,1.0,0,0,2,1,0,1,19,3.74741303953164,0,0,0,0,1,0,0,0,0,28,1,0,0,1,1,0,0,0,0,0,0,0,8,30,2.1972245773362196,3.4339872044851463
06nsimple-calculator,0,0,0,0,0,3,2,0,2,0,1,1,0,0,2,0.25,0.5,0.0012077294685990338,827,820,0.0036231884057971015,0.9903381642512077,0,0,1,1,0,1,1,0.25,0.3333333333333333,0.5,0,0,2,1,0,1,20,3.884183719779189,0,0,0,0,1,1,0,0,52,28,0,0,0,1,1,0,0,0,0,0,0,0,6,42,1.9459101490553132,3.7612001156935624
06numberguessinggameclibyshamsass,0,0,0,0,0,1,1,0,0,0,1,1,0,0,2,0.5,1.0,0.0013157894736842105,759,759,0.0013157894736842105,0.9986842105263158,0,0,1,1,0,1,1,0.5,0.3333333333333333,0.5,0,0,1,0,0,1,33,3.7556266947226713,0,0,0,0,1,0,0,0,0,28,1,0,0,1,1,0,0,0,0,0,0,0,8,36,2.1972245773362196,3.6109179126442243
06p998toez,0,0,0,0,0,1,0,1,0,0,4,9,0,0,13,2.0,6.5,0.004842615012106538,825,825,0.0012106537530266344,0.9987893462469734,0,0,1,1,0,1,1,0.5,0.07142857142857142,0.2,0,0,1,0,0,1,10,3.121928094887362,0,0,0,0,0,0,0,0,159,1419,0,0,0,4,1,0,0,0,0,0,0,0,8,33,2.1972245773362196,3.5263605246161616
06tiny-npm-deploy,0,0,0,0,0,1,1,0,0,0,1,2,0,0,3,0.5,1.5,0.000510986203372509,1956,1549,0.000510986203372509,0.7915176290240163,0,0,1,1,0,1,1,0.5,0.25,0.5,0,0,3,1,0,1,17,3.6168746059562227,0,0,0,0,1,0,0,0,0,28,1,0,0,2,1,0,0,0,0,0,1,1,7,32,2.0794415416798357,3.4965075614664802
06vsg5,0,0,0,0,0,1,1,2,2,0,0,0,0,0,0,0.0,0.0,0.0,1152,1152,0.0008673026886383347,0.9991326973113617,0,0,1,1,0,1,1,0.5,1.0,1.0,0,0,1,0,0,1,6,2.584962500721156,0,0,0,0,1,1,0,0,6,572,0,0,0,1,1,0,0,0,0,0,0,0,6,25,1.9459101490553132,3.258096538021482
07-20atm-machine,0,0,0,0,0,1,1,0,0,0,1,1,0,0,2,0.5,1.0,0.001221001221001221,818,818,0.001221001221001221,0.9987789987789988,0,0,1,1,0,1,1,0.5,0.3333333333333333,0.5,0,0,3,1,0,1,16,3.5,0,0,0,0,1,0,0,0,22,39,0,0,0,1,1,0,0,0,0,0,0,0,6,28,1.9459101490553132,3.367295829986474
07-20calculator,0,0,0,0,0,2,1,0,1,0,1,1,0,0,2,0.3333333333333333,0.6666666666666666,0.001215066828675577,822,822,0.002430133657351154,0.9987849331713244,0,0,1,1,0,1,1,0.3333333333333333,0.3333333333333333,0.5,0,0,2,1,0,1,15,3.3735572622751855,0,0,0,0,1,1,0,0,10,28,0,0,0,1,1,0,0,0,0,0,0,0,10,42,2.3978952727983707,3.7612001156935624
07-20cli-number-guessing,0,0,0,0,0,2,1,0,1,0,1,1,0,0,2,0.3333333333333333,0.6666666666666666,0.0012165450121654502,821,821,0.0024330900243309003,0.9987834549878345,0,0,1,1,0,1,1,0.3333333333333333,0.3333333333333333,0.5,0,0,4,1,0,1,24,3.8035088547976783,0,0,0,0,1,0,0,0,38,63,0,0,0,1,1,0,0,0,0,0,0,0,11,45,2.4849066497880004,3.828641396489095
07-a7li-atm-machine-cli,0,0,0,0,0,1,1,0,0,0,1,1,0,0,2,0.5,1.0,0.0013227513227513227,755,755,0.0013227513227513227,0.9986772486772487,0,0,1,1,0,1,1,0.5,0.3333333333333333,0.5,0,0,5,1,0,1,23,3.414441303694973,0,0,0,0,1,1,0,0,50,28,0,0,0,1,1,0,0,0,0,0,0,0,7,25,2.0794415416798357,3.258096538021482
07-aamir-atm-machine-cli,0,0,0,0,0,1,1,0,0,0,1,1,0,0,2,0.5,1.0,0.0013192612137203166,757,757,0.0013192612137203166,0.9986807387862797,0,0,1,1,0,1,1,0.5,0.3333333333333333,0.5,0,0,5,1,0,1,24,3.4387218755408675,0,0,0,0,1,1,0,0,48,28,0,0,0,1,1,0,0,0,0,0,0,0,8,27,2.1972245773362196,3.332204510175204
07-adventure-game-huzaifak,0,0,0,0,0,1,1,0,0,0,2,3,0,0,5,1.0,2.5,0.0015723270440251573,1271,1271,0.0007861635220125787,0.9992138364779874,0,0,1,1,0,1,1,0.5,0.16666666666666666,0.3333333333333333,0,0,4,1,0,1,26,3.9500637564362084,0,0,0,0,1,0,0,0,0,28,1,0,0,1,1,0,0,0,0,0,0,0,9,41,2.302585092994046,3.7376696182833684
07-af-atm2-machine-cli,0,0,0,0,0,1,1,0,0,0,2,0,0,0,2,1.0,1.0,0.002635046113306983,758,758,0.0013175230566534915,0.9986824769433466,0,0,1,1,0,1,1,0.5,0.3333333333333333,0.3333333333333333,0,0,5,1,0,1,22,3.6069367321753205,0,0,0,0,1,0,0,0,48,28,0,0,0,1,1,0,0,0,0,0,0,0,8,31,2.1972245773362196,3.4657359027997265
07-building-a-router,0,0,0,0,0,2,0,0,2,0,1,9,0,2,12,0.3333333333333333,4.0,0.0014947683109118087,668,668,0.0029895366218236174,0.9985052316890882,0,0,0,1,0,1,1,0.3333333333333333,0.07692307692307693,0.5,0,0,4,1,0,1,20,3.7841837197791888,0,0,0,0,0,0,0,0,255,593,0,0,0,6,1,0,0,0,1,0,1,1,11,45,2.4849066497880004,3.828641396489095
07-calito-router,0,0,0,0,0,3,0,0,4,0,5,12,0,2,19,1.25,4.75,0.028409090909090908,175,175,0.017045454545454544,0.9943181818181818,0,0,0,1,0,1,1,0.25,0.05,0.16666666666666666,0,0,3,1,0,1,16,3.5,0,0,0,0,0,0,0,0,255,592,0,0,0,7,1,0,0,0,1,0,1,1,13,64,2.6390573296152584,4.174387269895637
07-cesar-router,0,0,0,0,0,1,0,0,2,0,1,14,0,2,17,0.5,8.5,0.0011210762331838565,891,891,0.0011210762331838565,0.9988789237668162,0,0,1,1,0,1,1,0.5,0.05555555555555555,0.5,0,0,3,1,0,1,15,3.3232314287976203,0,0,0,0,0,0,0,0,255,593,0,0,0,8,1,0,0,0,1,0,1,1,7,23,2.0794415416798357,3.1780538303479458
07-cosum,0,0,0,0,0,1,1,0,0,0,0,0,0,0,0,0.0,0.0,0.0,411,411,0.0024271844660194173,0.9975728155339806,0,0,0,1,0,1,1,0.5,1.0,1.0,0,0,2,1,0,1,8,3.0,0,0,0,0,1,0,0,0,4,4,0,0,0,1,1,0,0,0,0,0,0,0,6,24,1.9459101490553132,3.2188758248682006
07-coxx,0,0,0,0,0,1,1,0,0,0,0,0,0,0,0,0.0,0.0,0.0,411,411,0.0024271844660194173,0.9975728155339806,0,0,0,1,0,1,1,0.5,1.0,1.0,0,0,2,1,0,1,7,2.5216406363433186,0,0,0,0,1,0,0,0,0,28,1,0,0,1,1,0,0,0,0,0,0,0,7,29,2.0794415416798357,3.4011973816621555
07-currency-coverter-project,0,0,0,0,0,1,1,0,0,0,1,1,0,0,2,0.5,1.0,0.001226993865030675,814,814,0.001226993865030675,0.9987730061349693,0,0,1,1,0,1,1,0.5,0.3333333333333333,0.5,0,0,4,1,0,1,28,3.5086217800361656,0,0,0,0,1,0,0,0,0,28,1,0,0,1,1,0,0,0,0,0,0,0,11,30,2.4849066497880004,3.4339872044851463
07-custom-router,0,0,0,0,0,4,0,0,4,0,1,16,0,2,19,0.2,3.8,0.0009140767824497258,1093,1093,0.003656307129798903,0.9990859232175503,0,0,1,1,0,1,1,0.2,0.05,0.5,0,0,3,1,0,1,16,3.375,0,0,0,0,0,0,0,0,255,608,0,0,0,8,1,0,0,0,1,0,1,1,7,53,2.0794415416798357,3.9889840465642745
07-dey-router,0,0,0,0,0,2,0,0,2,0,1,17,0,2,20,0.3333333333333333,6.666666666666667,0.001869158878504673,534,534,0.003738317757009346,0.9981308411214953,0,0,0,1,0,1,1,0.3333333333333333,0.047619047619047616,0.5,0,0,3,1,0,1,13,3.238901256602631,0,0,0,0,0,0,0,0,255,593,0,0,0,7,1,0,0,0,1,0,1,1,7,35,2.0794415416798357,3.58351893845611
07-esercizio-fake-users,0,0,0,0,0,1,1,0,1,0,0,0,0,0,0,0.0,0.0,0.0,3115,1549,0.00032092426187419767,0.49711168164313224,0,0,1,1,0,1,1,0.5,1.0,1.0,0,0,4,1,0,1,23,3.5883543471732335,0,0,0,0,1,1,0,0,13,28,0,0,1,1,1,0,0,0,0,0,0,0,5,24,1.791759469228055,3.2188758248682006
07-ghulam-nasir-atm-machine-cli,0,0,0,0,0,2,1,0,1,0,1,1,0,0,2,0.3333333333333333,0.6666666666666666,0.0013192612137203166,757,757,0.002638522427440633,0.9986807387862797,0,0,1,1,0,1,1,0.3333333333333333,0.3333333333333333,0.5,0,0,6,1,0,1,31,3.7567958110719153,0,0,0,0,1,1,0,0,44,28,0,0,0,1,1,0,0,0,0,0,0,0,6,29,1.9459101490553132,3.4011973816621555
07-ib-atm-machine-cli,0,0,0,0,0,1,1,0,0,0,1,1,0,0,2,0.5,1.0,0.00130718954248366,764,764,0.00130718954248366,0.9986928104575163,0,0,1,1,0,1,1,0.5,0.3333333333333333,0.5,0,0,5,1,0,1,21,3.4992275417233563,0,0,0,0,1,1,0,0,49,28,0,0,0,1,1,0,0,0,0,0,0,0,7,31,2.0794415416798357,3.4657359027997265
07-joa-router,0,0,0,0,0,5,0,0,4,0,1,15,0,2,18,0.16666666666666666,3.0,0.0021321961620469083,468,468,0.010660980810234541,0.997867803837953,0,0,0,1,0,1,1,0.16666666666666666,0.05263157894736842,0.5,0,0,3,1,0,1,13,3.238901256602631,0,0,0,0,0,0,0,0,255,593,0,0,0,8,1,0,0,0,1,0,1,1,7,54,2.0794415416798357,4.007333185232471
07-kt-atm-machine-cli,0,0,0,0,0,1,1,0,0,0,1,1,0,0,2,0.5,1.0,0.0013192612137203166,757,757,0.0013192612137203166,0.9986807387862797,0,0,1,1,0,1,1,0.5,0.3333333333333333,0.5,0,0,5,1,0,1,21,3.535174565635902,0,0,0,0,1,1,0,0,49,28,0,0,0,1,1,0,0,0,0,0,0,0,7,32,2.0794415416798357,3.4965075614664802
07-lieto-router,0,0,0,0,0,3,0,0,3,0,1,15,0,2,18,0.25,4.5,0.00267379679144385,373,373,0.008021390374331552,0.9973262032085561,0,0,0,1,0,1,1,0.25,0.05263157894736842,0.5,0,0,3,1,0,1,15,3.240223928941852,0,0,0,0,0,0,0,0,255,593,0,0,0,7,1,0,0,0,1,0,1,1,13,67,2.6390573296152584,4.219507705176107
07-lombardi-router,0,0,0,0,0,1,0,0,1,0,2,7,0,2,11,1.0,5.5,0.002061855670103093,969,969,0.0010309278350515464,0.9989690721649485,0,0,1,1,0,1,1,0.5,0.08333333333333333,0.3333333333333333,0,0,3,1,0,1,18,3.6835423624332306,0,0,0,0,0,0,0,0,255,569,0,0,0,7,1,0,0,0,1,0,1,1,10,41,2.3978952727983707,3.7376696182833684
07-luismi-router,0,0,0,0,0,3,0,0,3,0,1,12,0,2,15,0.25,3.75,0.0014265335235378032,700,700,0.0042796005706134095,0.9985734664764622,0,0,0,1,0,1,1,0.25,0.0625,0.5,0,0,3,1,0,1,16,3.5,0,0,0,0,0,0,0,0,9,72,0,0,0,7,1,0,0,0,1,0,1,1,13,66,2.6390573296152584,4.204692619390966
07-mery-router,0,0,0,0,0,2,0,0,2,0,1,14,0,2,17,0.3333333333333333,5.666666666666667,0.001075268817204301,929,929,0.002150537634408602,0.9989247311827957,0,0,1,1,0,1,1,0.3333333333333333,0.05555555555555555,0.5,0,0,3,1,0,1,14,3.182005814760214,0,0,0,0,0,0,0,0,32,529,0,0,0,7,1,0,0,0,1,0,1,1,10,54,2.3978952727983707,4.007333185232471
07-midu-router,0,0,0,0,0,2,0,0,2,0,1,12,0,2,15,0.3333333333333333,5.0,0.000819672131147541,1219,1219,0.001639344262295082,0.9991803278688525,0,0,1,1,0,1,1,0.3333333333333333,0.0625,0.5,0,0,3,1,0,1,14,3.3787834934861767,0,0,0,0,0,0,0,0,0,28,1,0,0,7,1,0,0,0,1,0,1,1,7,32,2.0794415416798357,3.4965075614664802
07-mopa-router,0,0,0,0,0,2,0,0,2,0,1,12,0,2,15,0.3333333333333333,5.0,0.0013850415512465374,721,721,0.002770083102493075,0.9986149584487535,0,0,0,1,0,1,1,0.3333333333333333,0.0625,0.5,0,0,3,1,0,1,14,3.3787834934861767,0,0,0,0,0,0,0,0,255,593,0,0,0,6,1,0,0,0,1,0,1,1,10,55,2.3978952727983707,4.02535169073515
07-my-react-router,0,0,0,0,0,5,0,0,4,0,1,13,0,2,16,0.16666666666666666,2.6666666666666665,0.0010822510822510823,923,923,0.005411255411255411,0.9989177489177489,0,0,1,1,0,1,1,0.16666666666666666,0.058823529411764705,0.5,0,0,4,1,0,1,18,3.419381945646371,0,0,0,0,0,0,0,0,99,451,0,0,0,6,1,0,0,0,1,0,1,1,11,77,2.4849066497880004,4.356708826689592
07-navegation-router,0,0,0,0,0,23,0,3,3,0,1,17,0,2,20,0.041666666666666664,0.8333333333333334,0.0015625,639,256,0.0359375,0.4,0,0,0,1,0,1,1,0.041666666666666664,0.047619047619047616,0.5,0,0,3,1,0,1,20,3.621928094887362,1,1,1,1,1,1,1,15,150,15738,0,0,0,8,1,0,0,0,1,0,1,1,43,170,3.784189633918261,5.14166355650266
07-nico-router,0,0,0,0,0,1,0,0,1,0,1,17,0,2,20,0.5,10.0,0.0015552099533437014,642,642,0.0015552099533437014,0.9984447900466563,0,0,0,1,0,1,1,0.5,0.047619047619047616,0.5,0,0,3,1,0,1,14,3.3787834934861767,0,0,0,0,0,0,0,0,99,451,0,0,0,7,1,0,0,0,1,0,1,1,10,40,2.3978952727983707,3.713572066704308
07-npm,0,0,0,0,0,2,1,0,5,0,0,0,0,0,0,0.0,0.0,0.0,2119,1549,0.0009433962264150943,0.7306603773584905,0,0,1,1,0,1,1,0.3333333333333333,1.0,1.0,0,0,2,1,0,1,6,2.584962500721156,0,0,0,0,1,1,0,0,0,28,1,0,0,1,1,0,0,0,0,0,0,0,11,34,2.4849066497880004,3.5553480614894135
07-react-router,0,0,0,0,0,7,0,0,7,0,1,14,0,2,17,0.125,2.125,0.0011655011655011655,857,857,0.008158508158508158,0.9988344988344988,0,0,1,1,0,1,1,0.125,0.05555555555555555,0.5,0,0,3,1,0,1,15,3.189898095464287,0,0,0,0,0,0,0,0,149,1523,0,0,0,6,1,0,0,0,1,0,1,1,12,97,2.5649493574615367,4.584967478670572
07-react-router-saraib,0,0,0,0,0,9,0,0,8,0,1,12,0,2,15,0.1,1.5,0.001658374792703151,602,602,0.014925373134328358,0.9983416252072969,0,0,0,1,0,1,1,0.1,0.0625,0.5,0,0,4,1,0,1,22,3.4817145729860726,0,0,0,0,0,1,0,0,255,539,0,0,0,7,1,0,0,0,1,0,1,1,21,130,3.091042453358316,4.875197323201151
07-router,0,0,0,0,0,1,0,0,3,0,1,14,0,2,17,0.5,8.5,0.0008795074758135445,1136,1136,0.0008795074758135445,0.9991204925241864,0,0,1,1,0,1,1,0.5,0.05555555555555555,0.5,0,0,2,1,0,1,9,2.94770277922009,0,0,0,0,0,0,0,0,0,28,1,0,0,7,1,0,0,0,1,0,1,1,8,40,2.1972245773362196,3.713572066704308
07-router-world,0,0,0,0,0,5,0,0,5,0,1,13,0,2,16,0.16666666666666666,2.6666666666666665,0.002777777777777778,359,359,0.013888888888888888,0.9972222222222222,0,0,0,1,0,1,1,0.16666666666666666,0.058823529411764705,0.5,0,0,3,1,0,1,15,3.32323142879762,0,0,0,0,0,0,0,0,255,592,0,0,0,8,1,0,0,0,1,0,1,1,7,77,2.0794415416798357,4.356708826689592
07-router-yeltsin,0,0,0,0,0,3,0,0,2,0,1,12,0,2,15,0.25,3.75,0.001199040767386091,833,833,0.0035971223021582736,0.9988009592326139,0,0,1,1,0,1,1,0.25,0.0625,0.5,0,0,3,1,0,1,17,3.6168746059562227,0,0,0,0,0,0,0,0,20,8950,0,0,0,7,1,0,0,0,1,0,1,1,11,58,2.4849066497880004,4.07753744390572
07-sahilll65-atm-matchine,0,0,0,0,0,1,1,0,0,0,1,1,0,0,2,0.5,1.0,0.0013175230566534915,758,758,0.0013175230566534915,0.9986824769433466,0,0,1,1,0,1,1,0.5,0.3333333333333333,0.5,0,0,4,1,0,1,25,3.7532696895151076,0,0,0,0,1,1,0,0,51,28,0,0,0,1,1,0,0,0,0,0,0,0,9,35,2.302585092994046,3.58351893845611
07-sc-cs,0,0,0,0,0,2,1,2,0,0,1,0,0,0,1,0.3333333333333333,0.3333333333333333,0.0005431830526887561,1840,1549,0.0010863661053775121,0.8413905486148832,0,0,1,1,0,1,1,0.3333333333333333,0.5,0.5,0,0,3,1,0,1,8,2.25,0,0,0,0,1,0,0,0,0,28,1,0,0,1,1,0,0,0,0,0,0,0,7,35,2.0794415416798357,3.58351893845611
07-student-manage-system,0,0,0,0,0,1,1,0,0,0,1,2,0,0,3,0.5,1.5,0.0013623978201634877,733,733,0.0013623978201634877,0.9986376021798365,0,0,1,1,0,1,1,0.5,0.25,0.5,0,0,4,1,0,1,24,3.5424812503605785,0,0,0,0,1,0,0,0,0,28,1,0,0,1,1,0,0,0,0,0,0,0,12,36,2.5649493574615367,3.6109179126442243
07-student-managment-system,0,0,0,0,0,1,1,0,0,0,1,1,0,0,2,0.5,1.0,0.0012987012987012987,769,769,0.0012987012987012987,0.9987012987012988,0,0,1,1,0,1,1,0.5,0.3333333333333333,0.5,0,0,4,1,0,1,27,3.5039824091702334,0,0,0,0,1,0,0,0,0,28,1,0,0,1,1,0,0,0,0,0,0,0,7,28,2.0794415416798357,3.367295829986474
07-studentmanagementsystem,0,0,0,0,0,1,1,0,0,0,3,3,0,0,6,1.5,3.0,0.003484320557491289,860,860,0.0011614401858304297,0.9988385598141696,0,0,1,1,0,1,1,0.5,0.14285714285714285,0.25,0,0,2,1,0,1,26,3.4594911601991534,0,0,0,0,1,0,0,0,191,1137,0,0,0,1,1,0,0,0,0,0,0,0,10,39,2.3978952727983707,3.6888794541139363
07-tools,0,0,0,0,0,1,1,0,0,0,0,0,0,0,0,0.0,0.0,0.0,1554,1554,0.0006430868167202572,0.9993569131832798,0,0,1,1,0,1,1,0.5,1.0,1.0,0,0,2,1,0,1,8,2.75,0,0,0,0,1,1,1,2,25,562,0,0,0,1,1,0,0,0,0,0,0,0,10,28,2.3978952727983707,3.367295829986474
07.31-it,0,0,0,0,0,1,1,0,0,0,0,0,0,0,0,0.0,0.0,0.0,2161,1549,0.00046253469010175765,0.7164662349676225,0,0,1,1,0,1,1,0.5,1.0,1.0,0,0,3,1,1,1,8,3.0,0,0,0,0,1,0,0,0,0,28,1,0,0,1,1,0,0,0,0,0,0,0,7,32,2.0794415416798357,3.4965075614664802
07.adventure-game-by-alina,0,0,0,0,0,1,1,0,0,0,2,2,0,0,4,1.0,2.0,0.0027210884353741495,734,734,0.0013605442176870747,0.998639455782313,0,0,1,1,0,1,1,0.5,0.2,0.3333333333333333,0,0,5,1,1,1,26,3.950063756436209,0,0,0,0,1,1,0,0,0,28,1,0,0,1,1,0,0,0,0,0,0,0,6,24,1.9459101490553132,3.2188758248682006
07.learn_cli,0,0,0,0,0,1,1,0,0,0,4,0,0,0,4,2.0,2.0,0.002628120893561104,1521,1521,0.000657030223390276,0.9993429697766097,0,0,1,1,0,1,1,0.5,0.2,0.2,0,0,3,0,1,1,12,3.418295834054489,1,0,1,0,1,1,1,2,99,1296,0,0,0,1,1,0,0,0,0,0,0,0,8,31,2.1972245773362196,3.4657359027997265
0705_module,0,0,0,0,0,1,1,0,0,0,0,0,0,0,0,0.0,0.0,0.0,1092,1092,0.0009149130832570906,0.9990850869167429,0,0,1,1,0,1,1,0.5,1.0,1.0,0,0,2,0,0,1,11,3.277613436819116,0,0,0,0,1,1,0,0,0,28,1,0,0,1,1,0,0,0,0,0,0,0,5,22,1.791759469228055,3.1354942159291497
0709day1,0,0,0,0,0,1,1,0,0,0,0,0,0,0,0,0.0,0.0,0.0,2914,1480,0.00034305317324185246,0.5077186963979416,0,0,1,1,0,1,1,0.5,1.0,1.0,0,0,1,0,0,1,8,2.75,0,0,0,0,1,0,0,0,0,0,1,0,0,0,0,0,0,0,0,0,0,0,9,34,2.302585092994046,3.5553480614894135
0715cocked,0,0,0,0,0,1,1,0,0,0,2,0,0,0,2,1.0,1.0,0.0009186954524575103,2176,1549,0.00045934772622875517,0.7115296279283417,0,0,1,1,0,1,1,0.5,0.3333333333333333,0.3333333333333333,0,0,1,0,0,1,10,3.121928094887362,0,0,0,0,1,0,0,0,0,28,1,0,0,2,1,0,0,0,0,0,0,0,10,38,2.3978952727983707,3.6635616461296463
0715rikao,0,0,0,0,0,2,1,0,1,0,1,0,0,0,1,0.3333333333333333,0.3333333333333333,0.0004589261128958238,2178,1549,0.0009178522257916476,0.710876548875631,0,0,1,1,0,1,1,0.3333333333333333,0.5,0.5,0,0,1,0,0,1,9,3.169925001442312,0,0,0,0,1,0,0,0,0,28,1,0,0,1,1,0,0,0,0,0,0,0,6,41,1.9459101490553132,3.7376696182833684
0716testpackage,0,0,0,0,0,1,1,0,0,0,1,0,0,0,1,0.5,0.5,0.0006906077348066298,1447,1447,0.0006906077348066298,0.9993093922651933,0,0,1,1,0,1,1,0.5,0.5,0.5,0,0,1,0,0,1,15,3.506890595608519,0,0,0,0,1,0,0,0,0,28,1,0,0,1,1,0,0,0,0,0,0,0,6,21,1.9459101490553132,3.091042453358316
0717,0,0,0,0,0,1,1,0,0,0,0,0,0,0,0,0.0,0.0,0.0,3271,1480,0.0003056234718826406,0.45232273838630804,0,0,1,1,0,1,1,0.5,1.0,1.0,0,0,1,0,0,1,4,1.5,0,0,0,0,1,0,0,0,0,28,1,0,0,2,1,0,0,0,0,0,0,0,4,23,1.6094379124341003,3.1780538303479458
0717_node,0,0,0,0,0,1,1,0,0,0,0,0,0,0,0,0.0,0.0,0.0,3271,1480,0.0003056234718826406,0.45232273838630804,0,0,1,1,0,1,1,0.5,1.0,1.0,0,0,2,0,0,1,9,2.94770277922009,0,0,0,0,1,1,0,0,0,28,1,0,0,1,1,0,0,0,0,0,0,0,7,27,2.0794415416798357,3.332204510175204
0717aa,0,0,0,0,0,1,1,0,0,0,0,0,0,0,0,0.0,0.0,0.0,1811,1549,0.0005518763796909492,0.8548565121412803,0,0,1,1,0,1,1,0.5,1.0,1.0,0,0,1,0,0,1,6,1.9182958340544893,0,0,0,0,1,0,0,0,0,28,1,0,0,1,1,0,0,0,0,0,0,0,12,62,2.5649493574615367,4.143134726391533
0719-2020-yft,0,0,0,0,0,2,1,0,1,0,0,2,0,0,2,0.0,0.6666666666666666,0.0,2364,1549,0.0008456659619450317,0.6549682875264271,0,0,1,1,0,1,1,0.3333333333333333,0.3333333333333333,1.0,0,0,3,1,0,1,13,3.0269868333592873,0,0,0,0,1,0,1,7,11,5979,0,0,0,1,1,0,0,0,0,0,0,0,10,48,2.3978952727983707,3.8918202981106265
0719_zw_utils,0,0,0,0,0,1,1,0,0,0,2,0,0,0,2,1.0,1.0,0.0008456659619450317,2364,1549,0.00042283298097251583,0.6549682875264271,0,0,1,1,0,1,1,0.5,0.3333333333333333,0.3333333333333333,0,0,3,0,0,1,13,3.5465935642949384,1,1,0,0,1,1,0,0,140,5979,0,0,0,0,0,0,0,0,0,0,0,0,10,31,2.3978952727983707,3.4657359027997265
0719zk,0,0,0,0,0,1,1,0,0,0,2,0,0,0,2,1.0,1.0,0.0011049723756906078,1809,1549,0.0005524861878453039,0.8558011049723757,0,0,1,1,0,1,1,0.5,0.3333333333333333,0.3333333333333333,0,0,1,0,0,1,6,2.584962500721156,0,0,0,0,1,0,0,0,0,28,1,0,0,1,1,0,0,0,0,0,0,0,9,34,2.302585092994046,3.5553480614894135
0724aaa,0,0,0,0,0,1,1,0,0,0,0,0,0,0,0,0.0,0.0,0.0,3226,1549,0.0003098853424233034,0.48001239541369695,0,0,1,1,0,1,1,0.5,1.0,1.0,0,0,1,0,0,1,7,2.1280852788913944,0,0,0,0,1,0,0,0,0,28,1,0,0,1,1,0,0,0,0,0,0,0,9,35,2.302585092994046,3.58351893845611
0726react,0,0,0,0,0,1,0,1,1,0,53,0,0,0,53,26.5,26.5,0.017863161442534546,2966,1480,0.0003370407819346141,0.4988203572632289,0,0,1,1,0,1,1,0.5,0.018518518518518517,0.018518518518518517,0,0,1,0,0,1,9,3.169925001442312,0,0,0,0,0,1,0,0,109,65536,0,0,0,3,1,0,0,0,0,0,0,0,12,51,2.5649493574615367,3.9512437185814275
0748number_guessing_game,0,0,0,0,0,1,1,0,0,0,1,1,0,0,2,0.5,1.0,0.0012033694344163659,830,830,0.0012033694344163659,0.9987966305655837,0,0,1,1,0,1,1,0.5,0.3333333333333333,0.5,0,0,3,0,0,1,24,3.7720552088742005,0,0,0,0,1,0,0,0,0,28,1,0,0,1,1,0,0,0,0,0,0,0,5,34,1.791759469228055,3.5553480614894135
074_studentsage_university_management_system,0,0,0,0,0,1,1,1,1,0,3,2,0,0,5,1.5,2.5,0.00411522633744856,728,728,0.0013717421124828531,0.9986282578875172,0,0,0,1,0,1,1,0.5,0.16666666666666666,0.25,0,0,5,0,0,1,44,3.8176400059662186,0,0,0,0,1,0,0,0,0,28,1,0,0,1,1,0,0,0,0,0,0,0,6,35,1.9459101490553132,3.58351893845611
076ifc,0,0,0,0,0,1,2,0,4,0,0,0,0,0,0,0.0,0.0,0.0,1151,1151,0.0008680555555555555,0.9991319444444444,0,0,1,1,0,1,1,0.5,1.0,1.0,0,0,1,0,0,1,6,2.584962500721156,0,0,0,0,1,1,0,0,6,612,0,0,0,1,1,0,0,0,0,0,0,0,9,36,2.302585092994046,3.6109179126442243
079project,0,0,0,0,0,10,9,1,0,0,46,1,0,0,47,4.181818181818182,4.2727272727272725,0.17490494296577946,262,181,0.03802281368821293,0.688212927756654,0,0,0,1,0,1,1,0.09090909090909091,0.020833333333333332,0.02127659574468085,0,0,1,0,0,1,10,3.321928094887362,1,0,0,0,1,1,1,6,178,7235,0,0,0,4,1,0,0,0,0,0,0,0,9,109,2.302585092994046,4.700480365792417
07_adventure_game,0,0,0,0,0,1,1,0,0,0,3,3,0,0,6,1.5,3.0,0.002365930599369085,1267,1267,0.0007886435331230284,0.999211356466877,0,0,1,1,0,1,1,0.5,0.14285714285714285,0.25,0,0,3,0,0,1,17,3.572469458770136,0,0,0,0,1,1,0,0,0,28,1,0,0,2,1,0,0,0,0,0,0,0,8,38,2.1972245773362196,3.6635616461296463
07_adventure_game-by-wajid,0,0,0,0,0,1,1,0,0,0,1,1,0,0,2,0.5,1.0,0.00130718954248366,764,764,0.00130718954248366,0.9986928104575163,0,0,1,1,0,1,1,0.5,0.3333333333333333,0.5,0,0,5,1,0,1,26,4.103909910282363,0,0,0,0,1,0,0,0,0,28,1,0,0,1,1,0,0,0,0,0,0,0,8,23,2.1972245773362196,3.1780538303479458
07_adventure_game_ss,0,0,0,0,0,1,1,0,0,0,3,3,0,0,6,1.5,3.0,0.002835538752362949,1057,1057,0.000945179584120983,0.999054820415879,0,0,1,1,0,1,1,0.5,0.14285714285714285,0.25,0,0,4,0,0,1,20,3.6464393446710153,0,0,0,0,1,0,0,0,0,28,1,0,0,1,1,0,0,0,0,0,0,0,7,21,2.0794415416798357,3.091042453358316
07_adventuregame_kanwal,0,0,0,0,0,1,1,0,0,0,1,1,0,0,2,0.5,1.0,0.0013458950201884253,742,742,0.0013458950201884253,0.9986541049798116,0,0,1,1,0,1,1,0.5,0.3333333333333333,0.5,0,0,3,0,0,1,23,3.7950885863977324,0,0,0,0,1,0,0,0,0,28,1,0,0,1,1,0,0,0,0,0,0,0,8,35,2.1972245773362196,3.58351893845611
07_adventuregame_project,0,0,0,0,0,1,1,0,4,0,4,1,0,0,5,2.0,2.5,0.004524886877828055,883,883,0.0011312217194570137,0.998868778280543,0,0,1,1,0,1,1,0.5,0.16666666666666666,0.2,0,0,3,0,0,1,24,3.9182958340544904,0,0,0,0,1,0,0,0,0,28,1,0,0,1,1,0,0,0,0,0,0,0,8,21,2.1972245773362196,3.091042453358316
07_anosha_adventuregame,0,0,0,0,0,1,1,0,0,0,2,1,0,0,3,1.0,1.5,0.0027739251040221915,720,720,0.0013869625520110957,0.9986130374479889,0,0,0,1,0,1,1,0.5,0.25,0.3333333333333333,0,0,3,0,0,1,23,3.7950885863977324,0,0,0,0,1,1,0,0,0,28,1,0,0,1,1,0,0,0,0,0,0,0,6,34,1.9459101490553132,3.5553480614894135
07_atm_machine_cli_hasan,0,0,0,0,0,1,1,0,0,0,1,1,0,0,2,0.5,1.0,0.0013175230566534915,758,758,0.0013175230566534915,0.9986824769433466,0,0,1,1,0,1,1,0.5,0.3333333333333333,0.5,0,0,5,0,0,1,24,3.501629167387823,0,0,0,0,1,1,0,0,37,28,0,0,0,1,1,0,0,0,0,0,0,0,8,39,2.1972245773362196,3.6888794541139363
07_ccb_utils_demo,0,0,0,0,0,1,1,0,0,0,1,2,0,0,3,0.5,1.5,0.0008396305625524769,1190,1190,0.0008396305625524769,0.9991603694374476,0,0,1,1,0,1,1,0.5,0.25,0.5,0,0,4,0,0,1,17,3.6901165175936654,0,0,0,0,1,0,0,0,0,28,1,0,0,1,1,0,0,0,0,0,0,0,7,33,2.0794415416798357,3.5263605246161616
07_coder_cjf,0,0,0,0,0,2,1,0,1,0,1,1,0,0,2,0.3333333333333333,0.6666666666666666,0.0006849315068493151,1459,1459,0.0013698630136986301,0.9993150684931507,0,0,1,1,0,1,1,0.3333333333333333,0.3333333333333333,0.5,0,0,3,0,0,1,12,3.2516291673878226,0,0,0,0,1,1,1,1,3,28,0,0,0,1,1,0,0,0,0,0,0,0,9,41,2.302585092994046,3.7376696182833684
07_elliot_module,0,0,0,0,0,1,1,0,0,0,0,0,0,0,0,0.0,0.0,0.0,2725,1549,0.00036683785766691124,0.5682318415260454,0,0,1,1,0,1,1,0.5,1.0,1.0,0,0,3,0,0,1,16,3.327819531114783,0,0,0,0,1,1,0,0,16,28,0,0,0,1,1,0,0,0,0,0,0,0,9,26,2.302585092994046,3.295836866004329
07_instalando-modulo,0,0,0,0,0,1,1,0,0,0,1,0,0,0,1,0.5,0.5,0.002028397565922921,492,492,0.002028397565922921,0.9979716024340771,0,0,0,1,0,1,1,0.5,0.5,0.5,0,0,3,1,0,1,20,3.6841837197791882,0,0,0,0,1,0,0,0,0,28,1,0,0,1,1,0,0,0,0,0,0,0,9,27,2.302585092994046,3.332204510175204
07_library,0,0,0,0,0,5,1,0,4,0,5,0,0,0,5,0.8333333333333334,0.8333333333333334,0.004074979625101874,1226,1226,0.004074979625101874,0.9991850040749797,0,0,1,1,0,1,1,0.16666666666666666,0.16666666666666666,0.16666666666666666,0,0,2,0,0,1,10,3.1219280948873624,0,0,0,0,1,0,0,0,0,28,1,0,0,1,1,0,0,0,0,0,0,0,10,61,2.3978952727983707,4.127134385045092
07_npmdemo,0,0,0,0,0,1,1,0,0,0,0,0,0,0,0,0.0,0.0,0.0,1398,1398,0.0007147962830593281,0.9992852037169406,0,0,1,1,0,1,1,0.5,1.0,1.0,0,0,2,0,0,1,10,3.121928094887362,0,0,0,0,1,0,0,0,0,28,1,0,0,1,1,0,0,0,0,0,0,0,9,36,2.302585092994046,3.6109179126442243
07_talat_naz_student_management_system,0,0,0,0,0,1,1,0,1,0,1,2,0,0,3,0.5,1.5,0.001349527665317139,740,740,0.001349527665317139,0.9986504723346828,0,0,1,1,0,1,1,0.5,0.25,0.5,0,0,6,0,0,1,38,3.557431961929704,0,0,0,0,1,1,0,0,54,28,0,0,0,1,1,0,0,0,0,0,0,0,8,33,2.1972245773362196,3.5263605246161616
07_tkm_utils,0,0,0,0,0,2,1,1,0,0,0,0,0,0,0,0.0,0.0,0.0,1052,1052,0.001899335232668566,0.9990503323836657,0,0,1,1,0,1,1,0.3333333333333333,1.0,1.0,0,0,3,0,0,1,12,3.2516291673878226,0,0,0,0,1,0,1,1,15,28,0,0,0,1,1,0,0,0,0,0,0,0,8,47,2.1972245773362196,3.871201010907891
07_todo_list_hasan,0,0,0,0,0,1,1,0,0,0,1,1,0,0,2,0.5,1.0,0.001321003963011889,756,756,0.001321003963011889,0.9986789960369881,0,0,1,1,0,1,1,0.5,0.3333333333333333,0.5,0,0,4,0,0,1,18,3.4613201402110083,0,0,0,0,1,1,0,0,98,28,0,0,0,1,1,0,0,0,0,0,0,0,8,29,2.1972245773362196,3.4011973816621555
07_why_utils,0,0,0,0,0,1,1,0,0,0,0,0,0,0,0,0.0,0.0,0.0,572,572,0.0017452006980802793,0.9982547993019197,0,0,0,1,0,1,1,0.5,1.0,1.0,0,0,3,0,0,1,12,3.418295834054489,0,0,0,0,1,1,1,3,18,28,0,0,0,1,1,0,0,0,0,0,0,0,8,34,2.1972245773362196,3.5553480614894135
07_why_utils_demo,0,0,0,0,0,1,1,0,0,0,2,2,0,0,4,1.0,2.0,0.0014194464158978,1408,1408,0.0007097232079489,0.9992902767920511,0,0,1,1,0,1,1,0.5,0.2,0.3333333333333333,0,0,4,0,0,1,17,3.807763576417195,0,0,0,0,1,0,0,0,0,28,1,0,0,1,1,0,0,0,0,0,0,0,9,27,2.302585092994046,3.332204510175204
07aa,0,0,0,0,0,1,1,0,1,0,0,0,0,0,0,0.0,0.0,0.0,2032,1549,0.0004918839153959665,0.7619281849483522,0,0,1,1,0,1,1,0.5,1.0,1.0,0,0,1,0,0,1,4,1.5,0,0,0,0,1,0,0,0,0,28,1,0,0,1,1,0,0,0,0,0,0,0,8,31,2.1972245773362196,3.4657359027997265
07aj-next-routes-extended,0,0,0,0,0,2,0,0,1,0,2,27,0,2,31,0.6666666666666666,10.333333333333334,0.0012690355329949238,1575,1549,0.0012690355329949238,0.9828680203045685,0,0,1,1,0,1,1,0.3333333333333333,0.03125,0.3333333333333333,0,0,4,1,0,1,25,3.5590795706241742,1,1,1,1,1,1,1,7,48,5412,0,0,0,8,1,0,0,0,0,0,0,0,8,49,2.1972245773362196,3.912023005428146
07cli_number_guessing,0,0,0,0,0,1,1,0,1,0,1,1,0,0,2,0.5,1.0,0.0012706480304955528,786,786,0.0012706480304955528,0.9987293519695044,0,0,1,1,0,1,1,0.5,0.3333333333333333,0.5,0,0,3,0,0,1,21,3.7256507561120933,0,0,0,0,1,1,0,0,61,62,0,0,0,1,1,0,0,0,0,0,0,0,7,35,2.0794415416798357,3.58351893845611
07fgapmu9l,0,0,0,0,0,1,1,1,0,0,7,9,0,0,16,3.5,8.0,0.008526187576126675,820,820,0.001218026796589525,0.9987819732034104,0,0,1,1,0,1,1,0.5,0.058823529411764705,0.125,0,0,1,0,0,1,10,3.321928094887362,0,0,0,0,0,0,0,0,159,1419,0,0,0,4,1,0,0,0,0,0,0,0,5,33,1.791759469228055,3.5263605246161616
07gond,0,0,0,0,0,1,1,3,1,0,0,3,0,0,3,0.0,1.5,0.0,2747,1549,0.000363901018922853,0.5636826783114993,0,0,1,1,0,1,1,0.5,0.25,1.0,0,0,1,0,0,1,6,2.584962500721156,1,1,0,0,1,1,1,6,41,250,0,0,0,5,1,0,0,0,0,1,1,1,6,24,1.9459101490553132,3.2188758248682006
07jg3h,0,0,0,0,0,1,3,2,6,0,0,0,0,0,0,0.0,0.0,0.0,1151,1151,0.0008680555555555555,0.9991319444444444,0,0,1,1,0,1,1,0.5,1.0,1.0,0,0,1,0,0,1,6,2.584962500721156,0,0,0,0,1,1,0,0,6,717,0,0,0,1,1,0,0,0,0,0,0,0,9,29,2.302585092994046,3.4011973816621555
07npm_chaungjianbao2,0,0,0,0,0,1,1,0,0,0,0,0,0,0,0,0.0,0.0,0.0,1398,1398,0.0007147962830593281,0.9992852037169406,0,0,1,1,0,1,1,0.5,1.0,1.0,0,0,2,0,0,1,20,3.8464393446710154,0,0,0,0,1,1,1,2,0,28,1,0,0,1,1,0,0,0,0,0,0,0,6,30,1.9459101490553132,3.4339872044851463
07npm_myf,0,0,0,0,0,1,1,0,0,0,0,0,0,0,0,0.0,0.0,0.0,1398,1398,0.0007147962830593281,0.9992852037169406,0,0,1,1,0,1,1,0.5,1.0,1.0,0,0,2,0,0,1,9,2.94770277922009,0,0,0,0,1,0,0,0,0,28,1,0,0,1,1,0,0,0,0,0,0,0,9,32,2.302585092994046,3.4965075614664802
07npm_syc,0,0,0,0,0,1,1,0,0,0,0,0,0,0,0,0.0,0.0,0.0,1398,1398,0.0007147962830593281,0.9992852037169406,0,0,1,1,0,1,1,0.5,1.0,1.0,0,0,2,0,0,1,9,3.169925001442312,0,0,0,0,1,1,0,0,0,28,1,0,0,1,1,0,0,0,0,0,0,0,5,27,1.791759469228055,3.332204510175204
07p5f9,0,0,0,0,0,1,2,3,7,0,0,0,0,0,0,0.0,0.0,0.0,1151,1151,0.0008680555555555555,0.9991319444444444,0,0,1,1,0,1,1,0.5,1.0,1.0,0,0,1,0,0,1,6,2.584962500721156,0,0,0,0,1,1,0,0,6,475,0,0,0,1,1,0,0,0,0,0,0,0,9,33,2.302585092994046,3.5263605246161616
07quyd,0,0,0,0,0,1,2,3,2,0,0,0,0,0,0,0.0,0.0,0.0,1153,1153,0.0008665511265164644,0.9991334488734835,0,0,1,1,0,1,1,0.5,1.0,1.0,0,0,1,0,0,1,6,2.584962500721156,0,0,0,0,1,1,0,0,6,583,0,0,0,1,1,0,0,0,0,0,0,0,6,26,1.9459101490553132,3.295836866004329
07t2xvu6t4,0,0,0,0,0,1,2,1,0,0,7,9,0,0,16,3.5,8.0,0.00903225806451613,774,774,0.0012903225806451613,0.9987096774193548,0,0,1,1,0,1,1,0.5,0.058823529411764705,0.125,0,0,1,0,0,1,10,3.121928094887362,0,0,0,0,0,0,0,0,159,1419,0,0,0,4,1,0,0,0,0,0,0,0,8,38,2.1972245773362196,3.6635616461296463
07ts-vue-todo-item,0,0,0,0,0,4,0,1,3,0,5,7,0,0,12,1.0,2.4,0.0026399155227032735,1893,1549,0.0021119324181626186,0.8178458289334741,0,0,1,1,0,1,1,0.2,0.07692307692307693,0.16666666666666666,0,0,4,1,0,1,18,3.419381945646371,0,0,0,0,0,0,0,0,36,330,0,0,0,4,1,0,0,0,0,0,0,0,6,69,1.9459101490553132,4.248495242049359
07vinayak,0,0,0,0,0,1,1,0,5,0,2,1,0,0,3,1.0,1.5,0.002280501710376283,876,876,0.0011402508551881414,0.9988597491448119,0,0,1,1,0,1,1,0.5,0.25,0.3333333333333333,0,0,1,0,0,1,9,2.94770277922009,0,0,0,0,1,0,0,0,0,28,1,0,0,1,1,0,0,0,0,0,0,0,6,34,1.9459101490553132,3.5553480614894135
07vvsa,0,0,0,0,0,1,1,2,0,0,0,0,0,0,0,0.0,0.0,0.0,1151,1151,0.0008680555555555555,0.9991319444444444,0,0,1,1,0,1,1,0.5,1.0,1.0,0,0,1,0,0,1,6,2.2516291673878226,0,0,0,0,1,1,0,0,6,851,0,0,0,1,1,0,0,0,0,0,0,0,6,27,1.9459101490553132,3.332204510175204
07zhud,0,0,0,0,0,1,2,2,0,0,0,0,0,0,0,0.0,0.0,0.0,1152,1152,0.0008673026886383347,0.9991326973113617,0,0,1,1,0,1,1,0.5,1.0,1.0,0,0,1,0,0,1,6,2.584962500721156,0,0,0,0,1,1,0,0,6,535,0,0,0,1,1,0,0,0,0,0,0,0,9,37,2.302585092994046,3.6375861597263857
08,0,0,0,0,0,1,1,0,0,0,0,0,0,0,0,0.0,0.0,0.0,3335,1480,0.00029976019184652276,0.44364508393285373,0,0,1,1,0,1,1,0.5,1.0,1.0,0,0,1,0,0,1,2,1.0,0,0,0,0,1,0,0,0,0,28,1,1,0,1,1,0,0,0,0,0,0,0,10,37,2.3978952727983707,3.6375861597263857
08-02-webpack-number-lucar,0,0,0,0,0,2,1,0,1,0,0,3,0,0,3,0.0,1.0,0.0,999,999,0.002,0.999,0,0,1,1,0,1,1,0.3333333333333333,0.25,1.0,0,0,5,1,0,1,26,3.854285871987246,0,0,0,0,1,0,0,0,6,28,0,0,0,1,1,0,0,0,0,0,0,0,12,49,2.5649493574615367,3.912023005428146
08-1,0,0,0,0,0,1,1,0,0,0,0,0,0,0,0,0.0,0.0,0.0,411,411,0.0024271844660194173,0.9975728155339806,0,0,0,1,0,1,1,0.5,1.0,1.0,0,0,2,1,0,1,4,2.0,0,0,0,0,1,0,0,0,0,28,1,0,0,1,1,0,0,0,0,0,0,0,10,30,2.3978952727983707,3.4339872044851463
08-a8li-todo-list-cli,0,0,0,0,0,1,1,0,0,0,2,0,0,0,2,1.0,1.0,0.0026490066225165563,754,754,0.0013245033112582781,0.9986754966887417,0,0,1,1,0,1,1,0.5,0.3333333333333333,0.3333333333333333,0,0,5,1,0,1,21,3.27280432733462,0,0,0,0,1,1,0,0,55,28,0,0,0,1,1,0,0,0,0,0,0,0,9,36,2.302585092994046,3.6109179126442243
08-aamir-todo-list-cli,0,0,0,0,0,1,1,0,0,0,1,1,0,0,2,0.5,1.0,0.0013227513227513227,755,755,0.0013227513227513227,0.9986772486772487,0,0,1,1,0,1,1,0.5,0.3333333333333333,0.5,0,0,5,1,0,1,22,3.51602764126623,0,0,0,0,1,1,0,0,55,28,0,0,0,1,1,0,0,0,0,0,0,0,7,22,2.0794415416798357,3.1354942159291497
08-adv-stencil,0,0,0,0,0,1,0,0,1,0,0,1,0,0,1,0.0,0.5,0.0,2623,1549,0.00038109756097560977,0.5903201219512195,0,0,1,1,0,1,1,0.5,0.5,1.0,0,0,3,1,0,1,14,3.6644977792004623,0,0,0,0,1,0,0,0,25,3803,0,0,0,4,1,0,0,0,0,0,0,0,13,40,2.6390573296152584,3.713572066704308
08-adventuregame,0,0,0,0,0,1,1,0,0,0,4,3,0,0,7,2.0,3.5,0.004662004662004662,857,857,0.0011655011655011655,0.9988344988344988,0,0,1,1,0,1,1,0.5,0.125,0.2,0,0,2,1,0,1,16,3.577819531114783,0,0,0,0,1,0,0,0,70,950,0,0,0,1,1,0,0,0,0,0,0,0,13,46,2.6390573296152584,3.8501476017100584
08-am-tado-list-project-8,0,0,0,0,0,1,1,0,0,0,1,1,0,0,2,0.5,1.0,0.0013227513227513227,755,755,0.0013227513227513227,0.9986772486772487,0,0,1,1,0,1,1,0.5,0.3333333333333333,0.5,0,0,6,1,0,1,25,3.7492750707107123,0,0,0,0,1,1,0,0,56,28,0,0,0,1,1,0,0,0,0,0,0,0,7,23,2.0794415416798357,3.1780538303479458
08-codexiaoluo,0,0,0,0,0,1,1,0,0,0,0,0,0,0,0,0.0,0.0,0.0,411,411,0.0024271844660194173,0.9975728155339806,0,0,0,1,0,1,1,0.5,1.0,1.0,0,0,2,1,0,1,14,3.4677201004745006,0,0,0,0,1,0,0,0,0,28,1,0,0,1,1,0,0,0,0,0,0,0,7,32,2.0794415416798357,3.4965075614664802
08-custm,0,0,0,0,0,1,1,0,0,0,0,0,0,0,0,0.0,0.0,0.0,411,411,0.0024271844660194173,0.9975728155339806,0,0,0,1,0,1,1,0.5,1.0,1.0,0,0,2,1,0,1,8,3.0,0,0,0,0,1,0,0,0,0,28,1,0,0,1,1,0,0,0,0,0,0,0,7,29,2.0794415416798357,3.4011973816621555
08-custom,0,0,0,0,0,1,1,0,0,0,0,0,0,0,0,0.0,0.0,0.0,411,411,0.0024271844660194173,0.9975728155339806,0,0,0,1,0,1,1,0.5,1.0,1.0,0,0,2,1,0,1,9,3.169925001442312,0,0,0,0,1,0,0,0,0,28,1,0,0,1,1,0,0,0,0,0,0,0,8,35,2.1972245773362196,3.58351893845611
08-custom111,0,0,0,0,0,1,1,0,0,0,0,0,0,0,0,0.0,0.0,0.0,411,411,0.0024271844660194173,0.9975728155339806,0,0,0,1,0,1,1,0.5,1.0,1.0,0,0,2,1,0,1,12,3.188721875540867,0,0,0,0,1,0,0,0,0,28,1,0,0,1,1,0,0,0,0,0,0,0,10,31,2.3978952727983707,3.4657359027997265
08-customgyt,0,0,0,0,0,1,1,0,0,0,0,0,0,0,0,0.0,0.0,0.0,411,411,0.0024271844660194173,0.9975728155339806,0,0,0,1,0,1,1,0.5,1.0,1.0,0,0,2,1,0,1,12,3.4182958340544896,0,0,0,0,1,0,0,0,0,28,1,0,0,1,1,0,0,0,0,0,0,0,10,38,2.3978952727983707,3.6635616461296463
08-custum,0,0,0,0,0,1,1,0,0,0,0,0,0,0,0,0.0,0.0,0.0,411,411,0.0024271844660194173,0.9975728155339806,0,0,0,1,0,1,1,0.5,1.0,1.0,0,0,2,1,0,1,9,2.94770277922009,0,0,0,0,1,0,0,0,0,28,1,0,0,1,1,0,0,0,0,0,0,0,9,31,2.302585092994046,3.4657359027997265
08-fork,0,0,0,0,0,1,1,0,0,0,0,0,0,0,0,0.0,0.0,0.0,411,411,0.0024271844660194173,0.9975728155339806,0,0,0,1,0,1,1,0.5,1.0,1.0,0,0,2,1,0,1,7,2.807354922057604,0,0,0,0,1,0,0,0,0,28,1,0,0,1,1,0,0,0,0,0,0,0,7,26,2.0794415416798357,3.295836866004329
08-ghulam-nasir_to-do-list-by-ib,0,0,0,0,0,1,1,0,0,0,1,1,0,0,2,0.5,1.0,0.0013192612137203166,757,757,0.0013192612137203166,0.9986807387862797,0,0,1,1,0,1,1,0.5,0.3333333333333333,0.5,0,0,8,1,0,1,32,3.9917292966721747,0,0,0,0,1,1,0,0,33,28,0,0,0,1,1,0,0,0,0,0,0,0,9,34,2.302585092994046,3.5553480614894135
08-ib-todo-list-cli,0,0,0,0,0,1,1,0,0,0,1,1,0,0,2,0.5,1.0,0.00130718954248366,764,764,0.00130718954248366,0.9986928104575163,0,0,1,1,0,1,1,0.5,0.3333333333333333,0.5,0,0,5,1,0,1,19,3.260828171224455,0,0,0,0,1,1,0,0,55,28,0,0,0,1,1,0,0,0,0,0,0,0,7,30,2.0794415416798357,3.4339872044851463
08-if-todolist-cli-project,0,0,0,0,0,1,1,0,0,0,2,0,0,0,2,1.0,1.0,0.0026455026455026454,755,755,0.0013227513227513227,0.9986772486772487,0,0,1,1,0,1,1,0.5,0.3333333333333333,0.3333333333333333,0,0,5,1,0,1,26,3.6902603909683838,0,0,0,0,1,1,0,0,55,28,0,0,0,1,1,0,0,0,0,0,0,0,9,33,2.302585092994046,3.5263605246161616
08-kt-todo-list-cli,0,0,0,0,0,1,1,0,0,0,1,1,0,0,2,0.5,1.0,0.001321003963011889,756,756,0.001321003963011889,0.9986789960369881,0,0,1,1,0,1,1,0.5,0.3333333333333333,0.5,0,0,5,1,0,1,19,3.260828171224455,0,0,0,0,1,1,0,0,54,28,0,0,0,1,1,0,0,0,0,0,0,0,7,38,2.0794415416798357,3.6635616461296463
08-library,0,0,0,0,0,5,1,0,4,0,0,3,0,0,3,0.0,0.5,0.0,1589,1549,0.0031446540880503146,0.9742138364779874,0,0,1,1,0,1,1,0.16666666666666666,0.25,1.0,0,0,2,1,0,1,10,3.1219280948873624,0,0,0,0,1,0,0,0,0,28,1,0,0,1,1,0,0,0,0,0,0,0,12,71,2.5649493574615367,4.276666119016055
08-library-02-webpack-numbers,0,0,0,0,0,2,1,0,1,0,0,3,0,0,3,0.0,1.0,0.0,968,968,0.0020639834881320948,0.9989680082559339,0,0,1,1,0,1,1,0.3333333333333333,0.25,1.0,0,0,5,1,0,1,29,4.0472990984266435,0,0,0,0,1,0,0,0,0,28,1,0,0,1,1,0,0,0,0,0,0,0,11,39,2.4849066497880004,3.6888794541139363
08-library-demoo,0,0,0,0,0,1,1,0,0,0,0,4,0,0,4,0.0,2.0,0.0,1540,1540,0.0006489292667099286,0.9993510707332901,0,0,1,1,0,1,1,0.5,0.2,1.0,0,0,3,1,0,1,16,3.625,0,0,0,0,1,0,0,0,0,28,1,0,0,1,1,0,0,0,0,0,0,0,7,32,2.0794415416798357,3.4965075614664802
08-library-number,0,0,0,0,0,2,1,0,1,0,0,3,0,0,3,0.0,1.0,0.0,1290,1290,0.001549186676994578,0.9992254066615027,0,0,1,1,0,1,1,0.3333333333333333,0.25,1.0,0,0,3,1,0,1,17,3.572469458770136,0,0,0,0,1,0,0,0,0,28,1,0,0,1,1,0,0,0,0,0,0,0,14,49,2.70805020110221,3.912023005428146
08-numbers,0,0,0,0,0,2,1,0,1,0,0,4,0,0,4,0.0,1.3333333333333333,0.0,705,705,0.0028328611898017,0.9985835694050992,0,0,0,1,0,1,1,0.3333333333333333,0.2,1.0,0,0,2,1,0,1,10,3.321928094887362,0,0,0,0,1,0,0,0,0,28,1,0,0,1,1,0,0,0,0,0,0,0,10,48,2.3978952727983707,3.8918202981106265
08-quiz,0,0,0,0,0,1,1,0,0,0,2,3,0,0,5,1.0,2.5,0.0015710919088766694,1272,1272,0.0007855459544383347,0.9992144540455616,0,0,1,1,0,1,1,0.5,0.16666666666666666,0.3333333333333333,0,0,2,1,0,1,7,2.807354922057604,0,0,0,0,1,0,0,0,0,28,1,0,0,1,1,0,0,0,0,0,0,0,7,29,2.0794415416798357,3.4011973816621555
08-quiz-huzaifak,0,0,0,0,0,1,1,1,0,0,2,3,0,0,5,1.0,2.5,0.0015710919088766694,1272,1272,0.0007855459544383347,0.9992144540455616,0,0,1,1,0,1,1,0.5,0.16666666666666666,0.3333333333333333,0,0,3,1,0,1,16,3.375,0,0,0,0,1,0,0,0,0,28,1,0,0,1,1,0,0,0,0,0,0,0,7,23,2.0794415416798357,3.1780538303479458
08-react-router,0,0,0,0,0,1,0,0,1,0,1,14,0,2,17,0.5,8.5,0.0014347202295552368,696,696,0.0014347202295552368,0.9985652797704447,0,0,0,1,0,1,1,0.5,0.05555555555555555,0.5,0,0,3,1,0,1,15,3.1898980954642875,0,0,0,0,0,0,0,0,99,451,0,0,0,7,1,0,0,0,1,0,1,1,7,37,2.0794415416798357,3.6375861597263857
08-sahill44-to-do-list-cli,0,0,0,0,0,1,1,0,0,0,1,1,0,0,2,0.5,1.0,0.0013227513227513227,755,755,0.0013227513227513227,0.9986772486772487,0,0,1,1,0,1,1,0.5,0.3333333333333333,0.5,0,0,6,1,0,1,26,3.4556501805795428,0,0,0,0,1,0,0,0,58,28,0,0,0,1,1,0,0,0,0,0,0,0,6,22,1.9459101490553132,3.1354942159291497
08-simple-calculator,0,0,0,0,0,1,1,0,0,0,1,1,0,0,2,0.5,1.0,0.001697792869269949,588,588,0.001697792869269949,0.99830220713073,0,0,0,1,0,1,1,0.5,0.3333333333333333,0.5,0,0,3,1,0,1,20,3.7841837197791883,0,0,0,0,1,1,0,0,55,28,0,0,0,1,1,0,0,0,0,0,0,0,11,36,2.4849066497880004,3.6109179126442243
08-typescript,0,0,0,0,0,1,1,0,0,0,0,0,0,0,0,0.0,0.0,0.0,504,504,0.0019801980198019802,0.998019801980198,0,0,0,1,0,1,1,0.5,1.0,1.0,0,0,2,1,0,1,13,3.3927474104487847,0,0,0,0,1,0,0,0,0,28,1,0,0,1,1,0,0,0,0,0,0,0,10,33,2.3978952727983707,3.5263605246161616
08-upload-npm-package,0,0,0,0,0,1,1,0,0,0,0,0,0,0,0,0.0,0.0,0.0,596,596,0.0016750418760469012,0.998324958123953,0,0,0,1,0,1,1,0.5,1.0,1.0,0,0,4,1,0,1,21,3.71304777961255,0,0,0,0,1,1,0,0,34,28,0,0,0,1,1,0,0,0,0,0,0,0,10,33,2.3978952727983707,3.5263605246161616
08-word-counter,0,0,0,0,0,1,2,0,0,0,1,1,0,0,2,0.5,1.0,0.0012406947890818859,805,805,0.0012406947890818859,0.9987593052109182,0,0,1,1,0,1,1,0.5,0.3333333333333333,0.5,0,0,3,1,0,1,15,3.506890595608518,0,0,0,0,1,0,0,0,0,28,1,0,0,1,1,0,0,0,0,0,0,0,7,25,2.0794415416798357,3.258096538021482
08-word-counter-project,0,0,0,0,0,2,2,0,0,0,1,1,0,0,2,0.3333333333333333,0.6666666666666666,0.0012406947890818859,805,805,0.0024813895781637717,0.9987593052109182,0,0,1,1,0,1,1,0.3333333333333333,0.3333333333333333,0.5,0,0,4,1,0,1,23,3.6424896731661263,0,0,0,0,1,0,0,0,0,28,1,0,0,1,1,0,0,0,0,0,0,0,10,56,2.3978952727983707,4.04305126783455
08-yayy-quiz,0,0,0,0,0,1,1,0,0,0,1,2,0,0,3,0.5,1.5,0.001277139208173691,782,782,0.001277139208173691,0.9987228607918263,0,0,1,1,0,1,1,0.5,0.25,0.5,0,0,3,1,0,1,12,3.0220552088742005,0,0,0,0,1,0,0,0,0,28,1,0,0,1,1,0,0,0,0,0,0,0,9,27,2.302585092994046,3.332204510175204
08.aegon,0,0,0,0,0,1,1,0,0,0,0,0,0,0,0,0.0,0.0,0.0,456,456,0.002188183807439825,0.9978118161925602,0,0,0,1,0,1,1,0.5,1.0,1.0,0,0,2,0,1,1,8,3.0,0,0,0,0,1,0,0,0,0,28,1,0,0,1,1,0,0,0,0,0,0,0,11,33,2.4849066497880004,3.5263605246161616
08.libily,0,0,0,0,0,1,1,0,0,0,1,9,0,0,10,0.5,5.0,0.001001001001001001,998,998,0.001001001001001001,0.998998998998999,0,0,1,1,0,1,1,0.5,0.09090909090909091,0.5,0,0,2,0,1,1,9,2.725480556997868,0,0,0,0,1,0,0,0,0,28,1,0,0,1,1,0,0,0,0,0,0,0,6,23,1.9459101490553132,3.1780538303479458
08.npm--fabubao,0,0,0,0,0,1,1,0,0,0,0,0,0,0,0,0.0,0.0,0.0,1398,1398,0.0007147962830593281,0.9992852037169406,0,0,1,1,0,1,1,0.5,1.0,1.0,0,0,4,1,1,1,15,3.5068905956085183,0,0,0,0,1,0,1,4,0,28,1,0,0,1,1,0,0,0,0,0,0,0,7,26,2.0794415416798357,3.295836866004329
08.shangchuan,0,0,0,0,0,1,1,0,0,0,0,0,0,0,0,0.0,0.0,0.0,1398,1398,0.0007147962830593281,0.9992852037169406,0,0,1,1,0,1,1,0.5,1.0,1.0,0,0,2,0,1,1,13,3.238901256602631,0,0,0,0,1,0,0,0,0,28,1,0,0,1,1,0,0,0,0,0,0,0,9,27,2.302585092994046,3.332204510175204
0806zss,0,0,0,0,0,1,1,0,0,0,1,0,0,0,1,0.5,0.5,0.00034626038781163435,2887,1549,0.00034626038781163435,0.5363573407202216,0,0,1,1,0,1,1,0.5,0.5,0.5,0,0,1,0,0,1,7,2.235926350629032,0,0,0,0,1,0,0,0,0,28,1,0,0,1,1,0,0,0,0,0,0,0,6,27,1.9459101490553132,3.332204510175204
0806zss1,0,0,0,0,0,1,1,0,0,0,1,0,0,0,1,0.5,0.5,0.00034626038781163435,2887,1549,0.00034626038781163435,0.5363573407202216,0,0,1,1,0,1,1,0.5,0.5,0.5,0,0,1,0,0,1,8,2.5,0,0,0,0,1,0,0,0,0,28,1,0,0,1,1,0,0,0,0,0,0,0,8,34,2.1972245773362196,3.5553480614894135
080_number_guessing_game,0,0,0,0,0,1,1,0,0,0,2,1,0,0,3,1.0,1.5,0.0024691358024691358,809,809,0.0012345679012345679,0.9987654320987654,0,0,1,1,0,1,1,0.5,0.25,0.3333333333333333,0,0,4,0,0,1,24,3.5739348962840563,0,0,0,0,1,1,0,0,0,28,1,0,0,1,1,0,0,0,0,0,0,0,6,31,1.9459101490553132,3.4657359027997265
080_project_atm,0,0,0,0,0,1,1,0,0,0,2,1,0,0,3,1.0,1.5,0.0024813895781637717,805,805,0.0012406947890818859,0.9987593052109182,0,0,1,1,0,1,1,0.5,0.25,0.3333333333333333,0,0,3,0,0,1,15,3.506890595608519,0,0,0,0,1,1,0,0,0,28,1,0,0,1,1,0,0,0,0,0,0,0,6,28,1.9459101490553132,3.367295829986474
080_simple_calculator,0,0,0,0,0,1,1,0,0,0,1,1,0,0,2,0.5,1.0,0.0012345679012345679,809,809,0.0012345679012345679,0.9987654320987654,0,0,1,1,0,1,1,0.5,0.3333333333333333,0.5,0,0,3,0,0,1,21,3.7849418274376423,0,0,0,0,1,1,0,0,56,28,0,0,0,1,1,0,0,0,0,0,0,0,8,37,2.1972245773362196,3.6375861597263857
080_word_counter,0,0,0,0,0,1,1,0,0,0,2,1,0,0,3,1.0,1.5,0.0024906600249066002,802,802,0.0012453300124533001,0.9987546699875467,0,0,1,1,0,1,1,0.5,0.25,0.3333333333333333,0,0,3,0,0,1,16,3.5,0,0,0,0,1,1,0,0,0,28,1,0,0,1,1,0,0,0,0,0,0,0,5,21,1.791759469228055,3.091042453358316
0810ruibin,0,0,0,0,0,1,1,0,0,0,0,0,0,0,0,0.0,0.0,0.0,1057,1057,0.000945179584120983,0.999054820415879,0,0,1,1,0,1,1,0.5,1.0,1.0,0,0,1,0,0,1,10,2.9219280948873623,1,0,0,0,1,1,1,1,7,45,0,0,0,1,1,0,0,0,0,0,0,0,5,28,1.791759469228055,3.367295829986474
0811-test,0,0,0,0,0,2,0,1,1,0,3,7,0,0,10,1.0,3.3333333333333335,0.002112676056338028,1419,1419,0.0014084507042253522,0.9992957746478873,0,0,1,1,0,1,1,0.3333333333333333,0.09090909090909091,0.25,0,0,2,1,0,1,9,2.725480556997868,0,0,0,0,0,0,0,0,36,321,0,0,0,3,1,0,0,0,0,0,0,0,8,57,2.1972245773362196,4.060443010546419
0812zuoye,0,0,0,0,0,1,1,0,0,0,1,0,0,0,1,0.5,0.5,0.0007042253521126761,1419,1419,0.0007042253521126761,0.9992957746478873,0,0,1,1,0,1,1,0.5,0.5,0.5,0,0,1,0,0,1,9,3.169925001442312,0,0,0,0,1,0,0,0,0,28,1,0,0,1,1,0,0,0,0,0,0,0,13,39,2.6390573296152584,3.6888794541139363
0819-demo,0,0,0,0,0,1,1,0,0,0,0,0,0,0,0,0.0,0.0,0.0,1412,1412,0.0007077140835102619,0.9992922859164898,0,0,1,1,0,1,1,0.5,1.0,1.0,0,0,2,1,0,1,9,3.169925001442312,0,0,0,0,1,0,0,0,0,28,1,0,0,3,1,0,0,0,0,0,0,0,9,42,2.302585092994046,3.7612001156935624
0819_guigu-utils,0,0,0,0,0,1,1,0,0,0,0,2,0,0,2,0.0,1.0,0.0,2330,1549,0.000429000429000429,0.6645216645216645,0,0,1,1,0,1,1,0.5,0.3333333333333333,1.0,0,0,3,1,0,1,16,3.452819531114783,0,0,0,0,1,1,1,9,14,28,0,0,0,1,1,0,0,0,0,0,0,0,9,57,2.302585092994046,4.060443010546419
081axa,0,0,0,0,0,1,2,1,6,0,0,0,0,0,0,0.0,0.0,0.0,1152,1152,0.0008673026886383347,0.9991326973113617,0,0,1,1,0,1,1,0.5,1.0,1.0,0,0,1,0,0,1,6,2.251629167387823,0,0,0,0,1,1,0,0,6,694,0,0,0,1,1,0,0,0,0,0,0,0,9,37,2.302585092994046,3.6375861597263857
0823test,0,0,0,0,0,1,1,0,0,0,0,0,0,0,0,0.0,0.0,0.0,2505,1549,0.0003990422984836393,0.6181165203511573,0,0,1,1,0,1,1,0.5,1.0,1.0,0,0,1,0,0,1,8,2.75,0,0,0,0,1,0,0,0,0,28,1,0,0,1,1,0,0,0,0,0,0,0,5,34,1.791759469228055,3.5553480614894135
0825mytest,0,0,0,0,0,1,1,0,0,0,0,0,0,0,0,0.0,0.0,0.0,2867,1549,0.0003486750348675035,0.5400976290097629,0,0,1,1,0,1,1,0.5,1.0,1.0,0,0,1,0,0,1,10,3.1219280948873624,0,0,0,0,1,0,1,3,16,184,0,0,0,1,1,0,0,0,0,0,0,0,12,50,2.5649493574615367,3.9318256327243257
0826test,0,0,0,0,0,1,1,0,0,0,0,0,0,0,0,0.0,0.0,0.0,2502,1549,0.00039952057530962844,0.6188573711546145,0,0,1,1,0,1,1,0.5,1.0,1.0,0,0,1,0,0,1,8,2.75,0,0,0,0,1,0,0,0,0,28,1,0,0,1,1,0,0,0,0,0,0,0,10,42,2.3978952727983707,3.7612001156935624
082ux6nl47,0,0,0,0,0,1,0,1,0,0,4,9,0,0,13,2.0,6.5,0.0048367593712212815,826,826,0.0012091898428053204,0.9987908101571947,0,0,1,1,0,1,1,0.5,0.07142857142857142,0.2,0,0,1,0,0,1,10,3.321928094887362,0,0,0,0,0,0,0,0,159,1419,0,0,0,4,1,0,0,0,0,0,0,0,7,39,2.0794415416798357,3.6888794541139363
0830_arr_publish,0,0,0,0,0,1,1,0,0,0,0,0,0,0,0,0.0,0.0,0.0,2862,1549,0.00034928396786587494,0.5410408662242403,0,0,1,1,0,1,1,0.5,1.0,1.0,0,0,3,0,0,1,16,3.625,0,0,0,0,1,1,1,1,4,28,0,0,0,1,1,0,0,0,0,0,0,0,9,46,2.302585092994046,3.8501476017100584
0831aklnsd,0,0,0,0,0,1,1,0,0,0,0,0,0,0,0,0.0,0.0,0.0,2861,1549,0.00034940600978336826,0.5412299091544375,0,0,1,1,0,1,1,0.5,1.0,1.0,0,0,1,0,0,1,10,3.321928094887362,0,0,0,0,1,0,0,0,0,28,1,0,0,1,1,0,0,0,0,0,0,0,9,34,2.302585092994046,3.5553480614894135
0850u4lkpu,0,0,0,0,0,1,1,1,0,0,7,9,0,0,16,3.5,8.0,0.008526187576126675,820,820,0.001218026796589525,0.9987819732034104,0,0,1,1,0,1,1,0.5,0.058823529411764705,0.125,0,0,1,0,0,1,10,2.9219280948873623,0,0,0,0,0,0,0,0,159,1419,0,0,0,4,1,0,0,0,0,0,0,0,6,36,1.9459101490553132,3.6109179126442243
087267npm,0,0,0,0,0,2,1,0,1,0,1,0,0,0,1,0.3333333333333333,0.3333333333333333,0.0010799136069114472,925,925,0.0021598272138228943,0.9989200863930886,0,0,1,1,0,1,1,0.3333333333333333,0.5,0.5,0,0,1,0,0,1,9,2.94770277922009,0,0,0,0,1,1,0,0,19,57,0,0,0,1,1,0,0,0,0,0,0,0,7,35,2.0794415416798357,3.58351893845611
088691pakage,0,0,0,0,0,3,2,0,0,0,0,0,0,0,0,0.0,0.0,0.0,932,924,0.003215434083601286,0.9903536977491961,0,0,1,1,0,1,1,0.25,1.0,1.0,0,0,1,0,0,1,12,3.2516291673878226,0,0,0,0,1,1,0,0,21,222,0,0,0,0,0,0,0,0,0,0,0,0,9,60,2.302585092994046,4.110873864173311
088694package,0,0,0,0,0,1,1,0,0,0,2,0,0,0,2,1.0,1.0,0.003861003861003861,517,517,0.0019305019305019305,0.9980694980694981,0,0,0,1,0,1,1,0.5,0.3333333333333333,0.3333333333333333,0,0,1,0,0,1,13,3.3927474104487847,0,0,0,0,1,1,0,0,34,879,0,0,0,1,1,0,0,0,0,0,0,0,6,30,1.9459101490553132,3.4339872044851463
088_cli_number_guessing,0,0,0,0,0,2,1,0,3,0,2,1,0,0,3,0.6666666666666666,1.0,0.0024813895781637717,805,805,0.0024813895781637717,0.9987593052109182,0,0,1,1,0,1,1,0.3333333333333333,0.25,0.3333333333333333,0,0,4,0,0,1,23,3.708132064658602,0,0,0,0,1,0,0,0,37,63,0,0,0,1,1,0,0,0,0,0,0,0,9,38,2.302585092994046,3.6635616461296463
089516package,0,0,0,0,0,1,1,0,0,0,0,0,0,0,0,0.0,0.0,0.0,932,932,0.0010718113612004287,0.9989281886387996,0,0,1,1,0,1,1,0.5,1.0,1.0,0,0,1,0,0,1,13,3.5465935642949384,0,0,0,0,1,1,0,0,12,28,0,0,0,1,1,0,0,0,0,0,0,0,6,31,1.9459101490553132,3.4657359027997265
089524-api,0,0,0,0,0,1,1,0,0,0,1,0,0,0,1,0.5,0.5,0.0017889087656529517,558,558,0.0017889087656529517,0.998211091234347,0,0,0,1,0,1,1,0.5,0.5,0.5,0,0,2,1,0,1,10,3.321928094887362,0,0,0,0,1,1,1,4,40,28,0,0,0,1,1,0,0,0,0,0,0,0,8,30,2.1972245773362196,3.4339872044851463
089618-random,0,0,0,0,0,9,1,2,1,0,0,0,0,0,0,0.0,0.0,0.0,945,940,0.009513742071881607,0.9936575052854123,0,0,1,1,0,1,1,0.1,1.0,1.0,0,0,2,1,0,1,13,3.5465935642949384,0,0,0,0,1,0,0,0,9,31,0,0,0,1,1,0,0,0,0,0,0,0,16,83,2.833213344056216,4.430816798843313
089_atm,0,0,0,0,0,4,1,0,3,0,1,1,0,0,2,0.2,0.4,0.0013698630136986301,729,729,0.005479452054794521,0.9986301369863013,0,0,0,1,0,1,1,0.2,0.3333333333333333,0.5,0,0,2,0,0,1,7,2.807354922057604,0,0,0,0,1,0,0,0,74,16,0,0,0,1,1,0,0,0,0,0,0,0,11,59,2.4849066497880004,4.0943445622221
08_09,0,0,0,0,0,1,1,0,0,0,0,0,0,0,0,0.0,0.0,0.0,1388,1388,0.0007199424046076314,0.9992800575953924,0,0,1,1,0,1,1,0.5,1.0,1.0,0,0,2,0,0,1,5,1.9219280948873623,0,0,0,0,1,1,0,0,7,28,0,0,0,1,1,0,0,0,0,0,0,0,8,36,2.1972245773362196,3.6109179126442243
08_library2,0,0,0,0,0,2,1,0,1,0,0,2,0,0,2,0.0,0.6666666666666666,0.0,1020,1020,0.0019588638589618022,0.9990205680705191,0,0,1,1,0,1,1,0.3333333333333333,0.3333333333333333,1.0,0,0,2,0,0,1,11,3.277613436819116,0,0,0,0,1,0,0,0,0,28,1,0,0,1,1,0,0,0,0,0,0,0,8,35,2.1972245773362196,3.58351893845611
08_newgirl,0,0,0,0,0,1,1,0,0,0,0,0,0,0,0,0.0,0.0,0.0,1352,1352,0.0007390983000739098,0.9992609016999261,0,0,1,1,0,1,1,0.5,1.0,1.0,0,0,2,0,0,1,10,3.321928094887362,0,0,0,0,1,0,0,0,0,28,1,0,0,1,1,0,0,0,0,0,0,0,7,28,2.0794415416798357,3.367295829986474
08_node,0,0,0,0,0,1,1,0,0,0,1,0,0,0,1,0.5,0.5,0.0004757373929590866,2101,1549,0.0004757373929590866,0.7369172216936252,0,0,1,1,0,1,1,0.5,0.5,0.5,0,0,2,0,0,1,7,2.807354922057604,0,0,0,0,1,1,0,0,0,28,1,0,0,1,1,0,0,0,0,0,0,0,11,47,2.4849066497880004,3.871201010907891
08_npm_324,0,0,0,0,0,1,1,0,0,0,1,1,0,0,2,0.5,1.0,0.000357653791130186,2795,1549,0.000357653791130186,0.554005722460658,0,0,1,1,0,1,1,0.5,0.3333333333333333,0.5,0,0,3,0,0,1,10,3.121928094887362,0,0,0,0,1,0,0,0,0,28,1,0,0,1,1,0,0,0,0,0,0,0,8,36,2.1972245773362196,3.6109179126442243
08_paquetenpm_share,0,0,0,0,0,2,1,0,1,0,0,0,0,0,0,0.0,0.0,0.0,1752,1549,0.0011409013120365088,0.8836280661722761,0,0,1,1,0,1,1,0.3333333333333333,1.0,1.0,0,0,3,0,0,1,19,3.681880802803402,1,1,1,1,1,1,1,3,15,516,0,0,0,1,1,0,0,0,0,0,0,0,10,38,2.3978952727983707,3.6635616461296463
08_project-quiz,0,0,0,0,0,2,1,0,1,0,2,1,0,0,3,0.6666666666666666,1.0,0.0025412960609911056,786,786,0.0025412960609911056,0.9987293519695044,0,0,1,1,0,1,1,0.3333333333333333,0.25,0.3333333333333333,0,0,3,1,0,1,15,3.906890595608518,0,0,0,0,1,0,0,0,0,28,1,0,0,1,1,0,0,0,0,0,0,0,7,39,2.0794415416798357,3.6888794541139363
08_quiz-by-wajid,0,0,0,0,0,1,1,0,0,0,1,1,0,0,2,0.5,1.0,0.00130718954248366,764,764,0.00130718954248366,0.9986928104575163,0,0,1,1,0,1,1,0.5,0.3333333333333333,0.5,0,0,4,1,0,1,16,3.75,0,0,0,0,1,0,0,0,0,28,1,0,0,1,1,0,0,0,0,0,0,0,6,27,1.9459101490553132,3.332204510175204
08_quiz_project,0,0,0,0,0,1,1,0,4,0,3,1,0,0,4,1.5,2.0,0.003393665158371041,883,883,0.0011312217194570137,0.998868778280543,0,0,1,1,0,1,1,0.5,0.2,0.25,0,0,3,0,0,1,15,3.7735572622751845,0,0,0,0,1,0,0,0,0,28,1,0,0,1,1,0,0,0,0,0,0,0,7,27,2.0794415416798357,3.332204510175204
08_quiz_system,0,0,0,0,0,1,1,0,0,0,1,1,0,0,2,0.5,1.0,0.000946969696969697,1055,1055,0.000946969696969697,0.9990530303030303,0,0,1,1,0,1,1,0.5,0.3333333333333333,0.5,0,0,3,0,0,1,14,3.521640636343319,0,0,0,0,1,0,0,0,0,28,1,0,0,1,1,0,0,0,0,0,0,0,6,27,1.9459101490553132,3.332204510175204
08_quizgame_kanwal,0,0,0,0,0,1,1,0,0,0,1,1,0,0,2,0.5,1.0,0.001349527665317139,740,740,0.001349527665317139,0.9986504723346828,0,0,1,1,0,1,1,0.5,0.3333333333333333,0.5,0,0,3,0,0,1,18,3.794653473544342,0,0,0,0,1,0,0,0,0,28,1,0,0,1,1,0,0,0,0,0,0,0,9,34,2.302585092994046,3.5553480614894135
08_qz_pack,0,0,0,0,0,6,1,0,5,0,4,0,0,0,4,0.5714285714285714,0.5714285714285714,0.0014970059880239522,2671,1549,0.002245508982035928,0.5797155688622755,0,0,1,1,0,1,1,0.14285714285714285,0.2,0.2,0,0,3,0,0,1,10,3.121928094887362,0,0,0,0,1,0,0,0,0,0,1,0,0,0,0,0,0,0,0,0,0,0,13,77,2.6390573296152584,4.356708826689592
08_to-do-list_project_cli,0,0,0,0,0,1,1,0,0,0,1,1,0,0,2,0.5,1.0,0.0013227513227513227,755,755,0.0013227513227513227,0.9986772486772487,0,0,1,1,0,1,1,0.5,0.3333333333333333,0.5,0,0,6,1,0,1,25,3.753269689515108,0,0,0,0,1,1,0,0,55,28,0,0,0,1,1,0,0,0,0,0,0,0,6,29,1.9459101490553132,3.4011973816621555
08_why_util,0,0,0,0,0,2,1,1,0,0,0,0,0,0,0,0.0,0.0,0.0,338,337,0.0058997050147492625,0.9941002949852508,0,0,0,1,0,1,1,0.3333333333333333,1.0,1.0,0,0,3,0,0,1,11,3.277613436819116,0,0,0,0,1,0,1,4,0,28,1,0,0,1,1,0,0,0,0,0,0,0,9,56,2.302585092994046,4.04305126783455
08aug2023ob-hdc,0,0,0,0,0,1,1,0,0,0,0,0,0,0,0,0.0,0.0,0.0,1027,1027,0.0009727626459143969,0.9990272373540856,0,0,1,1,0,1,1,0.5,1.0,1.0,0,0,2,1,0,1,15,3.640223928941852,0,0,0,0,1,1,0,0,31,474,0,0,0,1,1,0,0,0,0,0,0,0,10,40,2.3978952727983707,3.713572066704308
08cms,0,0,0,0,0,1,1,0,0,0,56,0,0,0,56,28.0,28.0,0.01701610452749924,3290,1549,0.00030385900941962927,0.4706776055910058,0,0,1,1,0,1,1,0.5,0.017543859649122806,0.017543859649122806,0,0,1,0,0,1,5,2.321928094887362,0,0,0,0,0,0,0,0,218,7375,0,0,0,2,1,0,0,0,0,0,0,0,27,93,3.332204510175204,4.543294782270004
08e6ad,0,0,0,0,0,1,2,0,2,0,0,0,0,0,0,0.0,0.0,0.0,1153,1153,0.0008665511265164644,0.9991334488734835,0,0,1,1,0,1,1,0.5,1.0,1.0,0,0,1,0,0,1,6,2.584962500721156,0,0,0,0,1,1,0,0,6,889,0,0,0,1,1,0,0,0,0,0,0,0,9,38,2.302585092994046,3.6635616461296463
08e7cg,0,0,0,0,0,1,3,1,3,0,0,0,0,0,0,0.0,0.0,0.0,1152,1152,0.0008673026886383347,0.9991326973113617,0,0,1,1,0,1,1,0.5,1.0,1.0,0,0,1,0,0,1,6,2.584962500721156,0,0,0,0,1,1,0,0,6,576,0,0,0,1,1,0,0,0,0,0,0,0,6,26,1.9459101490553132,3.295836866004329
08jdrc,0,0,0,0,0,1,1,0,9,0,0,0,0,0,0,0.0,0.0,0.0,1151,1151,0.0008680555555555555,0.9991319444444444,0,0,1,1,0,1,1,0.5,1.0,1.0,0,0,1,0,0,1,6,2.584962500721156,0,0,0,0,1,1,0,0,6,555,0,0,0,1,1,0,0,0,0,0,0,0,10,32,2.3978952727983707,3.4965075614664802
08mr01,0,0,0,0,0,1,3,2,7,0,0,0,0,0,0,0.0,0.0,0.0,1151,1151,0.0008680555555555555,0.9991319444444444,0,0,1,1,0,1,1,0.5,1.0,1.0,0,0,1,0,0,1,6,2.2516291673878226,0,0,0,0,1,1,0,0,6,587,0,0,0,1,1,0,0,0,0,0,0,0,8,40,2.1972245773362196,3.713572066704308
08n25n,0,0,0,0,0,1,2,2,0,0,0,0,0,0,0,0.0,0.0,0.0,1152,1152,0.0008673026886383347,0.9991326973113617,0,0,1,1,0,1,1,0.5,1.0,1.0,0,0,1,0,0,1,6,2.251629167387823,0,0,0,0,1,1,0,0,6,518,0,0,0,1,1,0,0,0,0,0,0,0,6,33,1.9459101490553132,3.5263605246161616
08n37p,0,0,0,0,0,1,3,0,2,0,0,0,0,0,0,0.0,0.0,0.0,1153,1153,0.0008665511265164644,0.9991334488734835,0,0,1,1,0,1,1,0.5,1.0,1.0,0,0,1,0,0,1,6,2.584962500721156,0,0,0,0,1,1,0,0,6,586,0,0,0,1,1,0,0,0,0,0,0,0,10,32,2.3978952727983707,3.4965075614664802
08npm,0,0,0,0,0,1,2,0,0,0,0,0,0,0,0,0.0,0.0,0.0,3314,1480,0.00030165912518853697,0.4464555052790347,0,0,1,1,0,1,1,0.5,1.0,1.0,0,0,1,0,0,1,5,2.321928094887362,0,0,0,0,1,0,0,0,20,28,0,0,0,1,1,0,0,0,0,0,0,0,9,38,2.302585092994046,3.6635616461296463
08pw8b,0,0,0,0,0,1,3,2,5,0,0,0,0,0,0,0.0,0.0,0.0,1153,1153,0.0008665511265164644,0.9991334488734835,0,0,1,1,0,1,1,0.5,1.0,1.0,0,0,1,0,0,1,6,2.2516291673878226,0,0,0,0,1,1,0,0,6,558,0,0,0,1,1,0,0,0,0,0,0,0,7,21,2.0794415416798357,3.091042453358316
08wxcbao,0,0,0,0,0,1,1,0,0,0,0,0,0,0,0,0.0,0.0,0.0,411,411,0.0024271844660194173,0.9975728155339806,0,0,0,1,0,1,1,0.5,1.0,1.0,0,0,1,0,0,1,8,3.0,0,0,0,0,1,0,0,0,0,28,1,0,0,1,1,0,0,0,0,0,0,0,9,31,2.302585092994046,3.4657359027997265
09-19,0,0,0,0,0,1,1,0,0,0,1,0,0,0,1,0.5,0.5,0.0003117206982543641,3207,1549,0.0003117206982543641,0.48285536159601,0,0,1,1,0,1,1,0.5,0.5,0.5,0,0,2,1,0,1,5,1.9219280948873623,0,0,0,0,1,0,0,0,0,28,1,0,0,1,1,0,0,0,0,0,0,0,10,27,2.3978952727983707,3.332204510175204
09-aamir-currency-convertor-cli,0,0,0,0,0,1,1,0,0,0,1,1,0,0,2,0.5,1.0,0.0013280212483399733,752,752,0.0013280212483399733,0.99867197875166,0,0,1,1,0,1,1,0.5,0.3333333333333333,0.5,0,0,5,1,0,1,31,3.7409821015340743,0,0,0,0,1,1,0,0,38,28,0,0,0,1,1,0,0,0,0,0,0,0,9,30,2.302585092994046,3.4339872044851463
09-anosha-quiz,0,0,0,0,0,1,1,0,0,0,1,1,0,0,2,0.5,1.0,0.0013869625520110957,720,720,0.0013869625520110957,0.9986130374479889,0,0,0,1,0,1,1,0.5,0.3333333333333333,0.5,0,0,3,1,0,1,14,3.521640636343319,0,0,0,0,1,1,0,0,54,28,0,0,0,1,1,0,0,0,0,0,0,0,7,24,2.0794415416798357,3.2188758248682006
09-citius-tech-module,0,0,0,0,0,1,0,0,1,0,0,0,0,0,0,0.0,0.0,0.0,1671,1549,0.0005980861244019139,0.9264354066985646,0,0,1,1,0,1,1,0.5,1.0,1.0,0,0,4,1,0,1,21,3.6897037321995474,0,0,0,0,1,1,0,0,0,28,1,0,0,1,1,0,0,0,0,0,0,0,10,39,2.3978952727983707,3.6888794541139363
09-classwork,0,0,0,0,0,1,1,0,0,0,0,0,0,0,0,0.0,0.0,0.0,1303,1303,0.0007668711656441718,0.9992331288343558,0,0,1,1,0,1,1,0.5,1.0,1.0,0,0,2,1,0,1,12,3.418295834054489,0,0,0,0,1,0,0,0,0,28,1,0,0,1,1,0,0,0,0,0,0,0,6,30,1.9459101490553132,3.4339872044851463
09-countdown-timer-huzaifaak,0,0,0,0,0,1,1,1,0,0,2,3,0,0,5,1.0,2.5,0.0015735641227380016,1270,1270,0.0007867820613690008,0.999213217938631,0,0,1,1,0,1,1,0.5,0.16666666666666666,0.3333333333333333,0,0,4,1,0,1,28,4.110577243331642,0,0,0,0,1,0,0,0,0,28,1,0,0,1,1,0,0,0,0,0,0,0,8,39,2.1972245773362196,3.6888794541139363
09-db,0,0,0,0,0,2,1,0,1,0,0,0,0,0,0,0.0,0.0,0.0,1443,1443,0.0013850415512465374,0.9993074792243767,0,0,1,1,0,1,1,0.3333333333333333,1.0,1.0,0,0,2,1,0,1,5,2.321928094887362,0,0,0,0,1,0,1,3,20,158,0,0,0,1,1,0,0,0,0,0,0,0,18,88,2.9444389791664403,4.48863636973214
09-hasan-currency-convertor-cli,0,0,0,0,0,1,1,0,0,0,1,1,0,0,2,0.5,1.0,0.001326259946949602,753,753,0.001326259946949602,0.9986737400530504,0,0,1,1,0,1,1,0.5,0.3333333333333333,0.5,0,0,5,1,0,1,31,3.833070907091279,0,0,0,0,1,1,0,0,38,28,0,0,0,1,1,0,0,0,0,0,0,0,9,34,2.302585092994046,3.5553480614894135
09-ib-currency-convertor-cli,0,0,0,0,0,1,1,0,0,0,1,1,0,0,2,0.5,1.0,0.0013089005235602095,763,763,0.0013089005235602095,0.9986910994764397,0,0,1,1,0,1,1,0.5,0.3333333333333333,0.5,0,0,5,1,0,1,28,3.664497779200462,0,0,0,0,1,1,0,0,38,28,0,0,0,1,1,0,0,0,0,0,0,0,9,23,2.302585092994046,3.1780538303479458
09-jr-currency-converter,0,0,0,0,0,1,1,0,0,0,1,1,0,0,2,0.5,1.0,0.0013351134846461949,748,748,0.0013351134846461949,0.9986648865153538,0,0,1,1,0,1,1,0.5,0.3333333333333333,0.5,0,0,4,1,0,1,24,3.423533209849189,0,0,0,0,1,1,0,0,0,28,1,0,0,1,1,0,0,0,0,0,0,0,9,34,2.302585092994046,3.5553480614894135
09-kt-currency-converter-cli,0,0,0,0,0,1,1,0,0,0,1,1,0,0,2,0.5,1.0,0.0013333333333333333,749,749,0.0013333333333333333,0.9986666666666667,0,0,1,1,0,1,1,0.5,0.3333333333333333,0.5,0,0,5,1,0,1,28,3.6375375112660513,0,0,0,0,1,1,0,0,38,28,0,0,0,1,1,0,0,0,0,0,0,0,9,33,2.302585092994046,3.5263605246161616
09-library,0,0,0,0,0,1,1,0,0,0,0,2,0,0,2,0.0,1.0,0.0,535,535,0.0018656716417910447,0.9981343283582089,0,0,0,1,0,1,1,0.5,0.3333333333333333,1.0,0,0,2,1,0,1,10,3.1219280948873624,0,0,0,0,1,0,0,0,0,28,1,0,0,1,1,0,0,0,0,0,0,0,9,33,2.302585092994046,3.5263605246161616
09-mongodb-nodejs,0,0,0,0,0,1,1,0,0,0,2,0,0,0,2,1.0,1.0,0.004366812227074236,457,457,0.002183406113537118,0.9978165938864629,0,0,0,1,0,1,1,0.5,0.3333333333333333,0.3333333333333333,0,0,3,1,0,1,17,3.4548223999466066,0,0,0,0,1,0,0,0,0,28,1,0,0,1,1,0,0,0,0,0,0,0,10,36,2.3978952727983707,3.6109179126442243
09-nodejs,0,0,0,0,0,1,1,0,0,0,1,0,0,0,1,0.5,0.5,0.0005737234652897303,1742,1549,0.0005737234652897303,0.8886976477337923,0,0,1,1,0,1,1,0.5,0.5,0.5,0,0,2,1,0,1,9,3.169925001442312,0,0,0,0,1,0,0,0,0,28,1,0,0,1,1,0,0,0,0,0,0,0,9,39,2.302585092994046,3.6888794541139363
09-program-countdown_timer,0,0,0,0,0,2,1,0,1,0,3,1,0,0,4,1.0,1.3333333333333333,0.003870967741935484,774,774,0.0025806451612903226,0.9987096774193548,0,0,1,1,0,1,1,0.3333333333333333,0.2,0.25,0,0,4,1,0,1,26,4.026986833359286,0,0,0,0,1,0,0,0,0,28,1,0,0,1,1,0,0,0,0,0,0,0,7,45,2.0794415416798357,3.828641396489095
09-quix,0,0,0,0,0,1,1,0,0,0,2,2,0,0,4,1.0,2.0,0.0027397260273972603,729,729,0.0013698630136986301,0.9986301369863013,0,0,0,1,0,1,1,0.5,0.2,0.3333333333333333,0,0,2,1,0,1,7,2.807354922057604,0,0,0,0,1,0,0,0,0,28,1,0,0,1,1,0,0,0,0,0,0,0,10,30,2.3978952727983707,3.4339872044851463
09-quizsystem,0,0,0,0,0,1,1,0,0,0,3,3,0,0,6,1.5,3.0,0.003500583430571762,856,856,0.0011668611435239206,0.9988331388564761,0,0,1,1,0,1,1,0.5,0.14285714285714285,0.25,0,0,2,1,0,1,13,3.5465935642949384,0,0,0,0,1,0,0,0,139,942,0,0,0,1,1,0,0,0,0,0,0,0,11,28,2.4849066497880004,3.367295829986474
09-react-router,0,0,0,0,0,4,0,0,4,0,3,14,0,0,17,0.6,3.4,0.002824858757062147,1061,1061,0.003766478342749529,0.9990583804143126,0,0,1,1,0,1,1,0.2,0.05555555555555555,0.25,0,0,3,1,0,1,15,3.1898980954642875,0,0,0,0,1,0,1,3,254,3742,0,0,0,7,1,0,0,0,1,0,1,1,7,61,2.0794415416798357,4.127134385045092
09-sahill909-currency-convertor-cli,0,0,0,0,0,1,1,0,0,0,1,1,0,0,2,0.5,1.0,0.0013245033112582781,754,754,0.0013245033112582781,0.9986754966887417,0,0,1,1,0,1,1,0.5,0.3333333333333333,0.5,0,0,5,1,0,1,35,3.88614658824991,0,0,0,0,1,1,0,0,38,28,0,0,0,1,1,0,0,0,0,0,0,0,7,35,2.0794415416798357,3.58351893845611
09-spider,0,0,0,0,0,4,0,0,3,0,0,0,0,0,0,0.0,0.0,0.0,1554,1554,0.002572347266881029,0.9993569131832798,0,0,1,1,0,1,1,0.2,1.0,1.0,0,0,2,1,0,1,9,3.169925001442312,0,0,0,0,1,1,1,2,15,28,0,0,0,1,1,0,0,0,0,0,0,0,13,49,2.6390573296152584,3.912023005428146
09-student-managment-systam-project,0,0,0,0,0,1,1,0,0,0,1,1,0,0,2,0.5,1.0,0.00145985401459854,684,684,0.00145985401459854,0.9985401459854014,0,0,0,1,0,1,1,0.5,0.3333333333333333,0.5,0,0,5,1,0,1,35,3.889737931651991,0,0,0,0,1,0,0,0,0,28,1,0,0,1,1,0,0,0,0,0,0,0,6,29,1.9459101490553132,3.4011973816621555
09-use-typescript,0,0,0,0,0,1,1,0,0,0,1,0,0,0,1,0.5,0.5,0.0019801980198019802,504,504,0.0019801980198019802,0.998019801980198,0,0,0,1,0,1,1,0.5,0.5,0.5,0,0,3,1,0,1,17,3.4992275471326932,0,0,0,0,1,0,0,0,0,28,1,0,0,1,1,0,0,0,0,0,0,0,7,29,2.0794415416798357,3.4011973816621555
09-webpack-numbers,0,0,0,0,0,1,1,0,1,0,0,3,0,0,3,0.0,1.5,0.0,1492,1492,0.0006697923643670462,0.999330207635633,0,0,1,1,0,1,1,0.5,0.25,1.0,0,0,3,1,0,1,18,3.8365916681089787,0,0,0,0,1,0,0,0,0,28,1,0,0,1,1,0,0,0,0,0,0,0,9,37,2.302585092994046,3.6375861597263857
09.09rkjs,0,0,0,0,0,2,1,0,1,0,0,0,0,0,0,0.0,0.0,0.0,2495,1549,0.0008012820512820513,0.6205929487179487,0,0,1,1,0,1,1,0.3333333333333333,1.0,1.0,0,0,2,0,1,1,9,2.725480556997868,0,0,0,0,1,0,0,0,0,28,1,0,0,1,1,0,0,0,0,0,0,0,11,53,2.4849066497880004,3.9889840465642745
09.libily,0,0,0,0,0,2,1,0,1,0,1,9,0,0,10,0.3333333333333333,3.3333333333333335,0.001001001001001001,998,998,0.002002002002002002,0.998998998998999,0,0,1,1,0,1,1,0.3333333333333333,0.09090909090909091,0.5,0,0,2,0,1,1,9,2.725480556997868,0,0,0,0,1,0,0,0,0,28,1,0,0,1,1,0,0,0,0,0,0,0,6,36,1.9459101490553132,3.6109179126442243
0901,0,0,0,0,0,1,1,0,0,0,0,0,0,0,0,0.0,0.0,0.0,3590,1480,0.000278473962684489,0.4121414647730437,0,0,1,1,0,1,1,0.5,1.0,1.0,0,0,1,0,0,1,4,1.5,0,0,0,0,1,1,1,1,12,28,0,0,0,1,1,0,0,0,0,0,0,0,10,35,2.3978952727983707,3.58351893845611
0902login,0,0,0,0,0,1,1,0,0,0,0,0,0,0,0,0.0,0.0,0.0,1398,1398,0.0007147962830593281,0.9992852037169406,0,0,1,1,0,1,1,0.5,1.0,1.0,0,0,1,0,0,1,9,2.9477027792200903,0,0,0,0,1,1,1,3,0,28,1,0,0,1,1,0,0,0,0,0,0,0,6,34,1.9459101490553132,3.5553480614894135
0907,0,0,0,0,0,1,1,0,0,0,0,0,0,0,0,0.0,0.0,0.0,3585,1480,0.0002788622420524261,0.41271611823759063,0,0,1,1,0,1,1,0.5,1.0,1.0,0,0,1,0,0,1,4,1.5,0,0,0,0,1,1,0,0,0,28,1,0,0,1,1,0,0,0,0,0,0,0,2,19,1.0986122886681098,2.995732273553991
091-currency-converter,0,0,0,0,0,1,1,0,0,0,1,1,0,0,2,0.5,1.0,0.0012224938875305623,817,817,0.0012224938875305623,0.9987775061124694,0,0,1,1,0,1,1,0.5,0.3333333333333333,0.5,0,0,3,1,0,1,22,3.4817145729860726,0,0,0,0,1,1,0,0,0,20,1,0,0,1,1,0,0,0,0,0,0,0,8,27,2.1972245773362196,3.332204510175204
0916_zr,0,0,0,0,0,1,1,0,0,0,0,0,0,0,0,0.0,0.0,0.0,2009,1549,0.0004975124378109452,0.7706467661691542,0,0,1,1,0,1,1,0.5,1.0,1.0,0,0,2,0,0,1,7,2.807354922057604,0,0,0,0,1,0,0,0,10,42,0,0,0,1,1,0,0,0,0,0,0,0,9,28,2.302585092994046,3.367295829986474
0916l,0,0,0,0,0,1,1,0,0,0,0,0,0,0,0,0.0,0.0,0.0,1384,1384,0.0007220216606498195,0.9992779783393502,0,0,1,1,0,1,1,0.5,1.0,1.0,0,0,1,0,0,1,5,2.321928094887362,0,0,0,0,1,0,0,0,0,28,1,0,0,1,1,0,0,0,0,0,0,0,8,35,2.1972245773362196,3.58351893845611
0917abcd,0,0,0,0,0,1,1,0,0,0,0,1,0,0,1,0.0,0.5,0.0,1384,1384,0.0007220216606498195,0.9992779783393502,0,0,1,1,0,1,1,0.5,0.5,1.0,0,0,1,0,0,1,8,3.0,0,0,0,0,1,0,0,0,0,28,1,0,0,1,1,0,0,0,0,0,0,0,8,33,2.1972245773362196,3.5263605246161616
091_publish,0,0,0,0,0,2,1,0,1,0,1,0,0,0,1,0.3333333333333333,0.3333333333333333,0.0011547344110854503,865,865,0.0023094688221709007,0.9988452655889145,0,0,1,1,0,1,1,0.3333333333333333,0.5,0.5,0,0,2,0,0,1,11,3.459431618637298,0,0,0,0,1,0,0,0,0,28,1,0,0,1,1,0,0,0,0,0,0,0,9,41,2.302585092994046,3.7376696182833684
0920zuoye,0,0,0,0,0,1,1,0,0,0,6,0,0,0,6,3.0,3.0,0.004344677769732078,1380,1380,0.000724112961622013,0.999275887038378,0,0,1,1,0,1,1,0.5,0.14285714285714285,0.14285714285714285,0,0,1,0,0,1,9,2.9477027792200903,0,0,0,0,1,0,0,0,0,28,1,0,0,1,1,0,0,0,0,0,0,0,6,28,1.9459101490553132,3.367295829986474
0921pig,0,0,0,0,0,7,0,1,6,0,7,7,0,0,14,0.875,1.75,0.007042253521126761,993,989,0.007042253521126761,0.9949698189134809,0,0,1,1,0,1,1,0.125,0.06666666666666667,0.125,0,0,1,0,0,1,7,2.807354922057604,0,0,0,0,0,0,0,0,100,3359,0,0,1,6,1,0,0,0,1,0,1,1,9,89,2.302585092994046,4.499809670330265
0928zuoye,0,0,0,0,0,1,1,0,0,0,0,0,0,0,0,0.0,0.0,0.0,1372,1372,0.0007283321194464676,0.9992716678805535,0,0,1,1,0,1,1,0.5,1.0,1.0,0,0,1,0,0,1,9,3.169925001442312,0,0,0,0,1,0,0,0,0,28,1,0,0,1,1,0,0,0,0,0,0,0,8,23,2.1972245773362196,3.1780538303479458
092hi0,0,0,0,0,0,1,1,3,1,0,0,0,0,0,0,0.0,0.0,0.0,1151,1151,0.0008680555555555555,0.9991319444444444,0,0,1,1,0,1,1,0.5,1.0,1.0,0,0,1,0,0,1,6,2.2516291673878226,0,0,0,0,1,1,0,0,6,525,0,0,0,1,1,0,0,0,0,0,0,0,6,27,1.9459101490553132,3.332204510175204
0938452curren,0,0,0,0,0,1,1,0,0,0,1,2,0,0,3,0.5,1.5,0.0012484394506866417,800,800,0.0012484394506866417,0.9987515605493134,0,0,1,1,0,1,1,0.5,0.25,0.5,0,0,1,0,0,1,13,3.546593564294939,0,0,0,0,1,1,0,0,17,28,0,0,0,1,1,0,0,0,0,0,0,0,8,36,2.1972245773362196,3.6109179126442243
094576312atm-2,0,0,0,0,0,1,1,0,1,0,1,2,0,0,3,0.5,1.5,0.0012315270935960591,811,811,0.0012315270935960591,0.9987684729064039,0,0,1,1,0,1,1,0.5,0.25,0.5,0,0,2,1,0,1,14,3.6644977792004623,0,0,0,0,1,1,0,0,7,28,0,0,0,1,1,0,0,0,0,0,0,0,8,29,2.1972245773362196,3.4011973816621555
094_currency-converter,0,0,0,0,0,2,1,0,1,0,1,1,0,0,2,0.3333333333333333,0.6666666666666666,0.001288659793814433,775,775,0.002577319587628866,0.9987113402061856,0,0,1,1,0,1,1,0.3333333333333333,0.3333333333333333,0.5,0,0,3,1,0,1,22,3.5726236638951634,0,0,0,0,1,1,0,0,22,25,0,0,0,1,1,0,0,0,0,0,0,0,9,44,2.302585092994046,3.8066624897703196
0974m7,0,0,0,0,0,1,3,3,0,0,0,0,0,0,0,0.0,0.0,0.0,1153,1153,0.0008665511265164644,0.9991334488734835,0,0,1,1,0,1,1,0.5,1.0,1.0,0,0,1,0,0,1,6,2.251629167387823,0,0,0,0,1,1,0,0,6,547,0,0,0,1,1,0,0,0,0,0,0,0,10,31,2.3978952727983707,3.4657359027997265
097oi25ils,0,0,0,0,0,1,1,0,0,0,2,0,0,0,2,1.0,1.0,0.005376344086021506,371,371,0.002688172043010753,0.9973118279569892,0,0,0,1,0,1,1,0.5,0.3333333333333333,0.3333333333333333,0,0,1,0,0,1,10,3.121928094887362,1,1,1,1,1,0,0,0,34,28,0,0,0,1,1,0,0,0,0,0,0,0,10,34,2.3978952727983707,3.5553480614894135
0987to-do-list,0,0,0,0,0,1,1,0,0,0,3,1,0,0,4,1.5,2.0,0.0037220843672456576,805,805,0.0012406947890818859,0.9987593052109182,0,0,1,1,0,1,1,0.5,0.2,0.25,0,0,3,1,0,1,14,3.378783493486176,0,0,0,0,1,0,0,0,0,28,1,0,0,1,1,0,0,0,0,0,0,0,7,25,2.0794415416798357,3.258096538021482
098of6vzvl,0,0,0,0,0,1,1,1,0,0,7,9,0,0,16,3.5,8.0,0.008557457212713936,817,817,0.0012224938875305623,0.9987775061124694,0,0,1,1,0,1,1,0.5,0.058823529411764705,0.125,0,0,1,0,0,1,10,3.1219280948873624,0,0,0,0,0,0,0,0,159,1419,0,0,0,4,1,0,0,0,0,0,0,0,6,35,1.9459101490553132,3.58351893845611
0990cli-numberguessinggame,0,0,0,0,0,1,1,0,1,0,1,1,0,0,2,0.5,1.0,0.0012033694344163659,830,830,0.0012033694344163659,0.9987966305655837,0,0,1,1,0,1,1,0.5,0.3333333333333333,0.5,0,0,2,1,0,1,26,3.796217602590056,0,0,0,0,1,1,0,0,0,24,1,0,0,1,1,0,0,0,0,0,0,0,8,32,2.1972245773362196,3.4965075614664802
0991xiaoxie,0,0,0,0,0,1,1,0,0,0,0,0,0,0,0,0.0,0.0,0.0,1870,1549,0.0005344735435595938,0.8278995189738108,0,0,1,1,0,1,1,0.5,1.0,1.0,0,0,1,0,0,1,11,2.9139770731827523,0,0,0,0,1,0,0,0,0,28,1,0,0,1,1,0,0,0,0,0,0,0,9,39,2.302585092994046,3.6888794541139363
099cal02,0,0,0,0,0,1,1,0,0,0,1,1,0,0,2,0.5,1.0,0.001218026796589525,820,820,0.001218026796589525,0.9987819732034104,0,0,1,1,0,1,1,0.5,0.3333333333333333,0.5,0,0,1,0,0,1,8,2.5,0,0,0,0,1,0,0,0,0,28,1,0,0,1,1,0,0,0,0,0,0,0,8,32,2.1972245773362196,3.4965075614664802
09_anosha_countdown_timer,0,0,0,0,0,1,1,0,0,0,1,1,0,0,2,0.5,1.0,0.001379310344827586,724,724,0.001379310344827586,0.9986206896551724,0,0,0,1,0,1,1,0.5,0.3333333333333333,0.5,0,0,4,0,0,1,25,3.9132696895151073,0,0,0,0,1,1,0,0,28,28,0,0,0,1,1,0,0,0,0,0,0,0,5,28,1.791759469228055,3.367295829986474
09_cli_countdown_timer,0,0,0,0,0,1,1,0,0,0,2,1,0,0,3,1.0,1.5,0.002728512960436562,732,732,0.001364256480218281,0.9986357435197817,0,0,1,1,0,1,1,0.5,0.25,0.3333333333333333,0,0,4,0,0,1,22,3.788754913993503,0,0,0,0,1,0,0,0,0,28,1,0,0,1,1,0,0,0,0,0,0,0,10,35,2.3978952727983707,3.58351893845611
09_count_down_timer,0,0,0,0,0,1,1,0,0,0,1,1,0,0,2,0.5,1.0,0.000946969696969697,1055,1055,0.000946969696969697,0.9990530303030303,0,0,1,1,0,1,1,0.5,0.3333333333333333,0.5,0,0,4,0,0,1,19,3.681880802803402,0,0,0,0,1,0,0,0,0,28,1,0,0,1,1,0,0,0,0,0,0,0,6,25,1.9459101490553132,3.258096538021482
09_countdown_timer-by-wajid,0,0,0,0,0,1,1,0,0,0,6,0,0,0,6,3.0,3.0,0.00784313725490196,764,764,0.00130718954248366,0.9986928104575163,0,0,1,1,0,1,1,0.5,0.14285714285714285,0.14285714285714285,0,0,5,1,0,1,27,4.1622949095708766,0,0,0,0,1,0,0,0,0,28,1,0,0,1,1,0,0,0,0,0,0,0,8,28,2.1972245773362196,3.367295829986474
09_countdowntimer_kanwal,0,0,0,0,0,1,1,0,0,0,2,1,0,0,3,1.0,1.5,0.0026917900403768506,742,742,0.0013458950201884253,0.9986541049798116,0,0,1,1,0,1,1,0.5,0.25,0.3333333333333333,0,0,3,0,0,1,24,3.9701755214643453,0,0,0,0,1,0,0,0,0,28,1,0,0,1,1,0,0,0,0,0,0,0,8,33,2.1972245773362196,3.5263605246161616
09_countdowntimer_project,0,0,0,0,0,1,1,0,4,0,5,1,0,0,6,2.5,3.0,0.005656108597285068,883,883,0.0011312217194570137,0.998868778280543,0,0,1,1,0,1,1,0.5,0.14285714285714285,0.16666666666666666,0,0,3,0,0,1,25,3.8634651896016474,0,0,0,0,1,0,0,0,0,28,1,0,0,1,1,0,0,0,0,0,0,0,7,31,2.0794415416798357,3.4657359027997265
09aac0b7d986b720253a65a47d1fd3d9,0,0,0,0,0,1,1,0,0,0,0,0,0,0,0,0.0,0.0,0.0,3730,1480,0.0002680246582685607,0.39667649423746987,0,0,1,1,0,1,1,0.5,1.0,1.0,0,0,1,0,0,1,32,3.7417292966721747,1,1,1,1,1,1,0,0,67,365,0,0,0,1,1,0,0,0,0,0,0,0,9,32,2.302585092994046,3.4965075614664802
09becbcxtb,0,0,0,0,0,1,2,1,0,0,7,9,0,0,16,3.5,8.0,0.008641975308641974,809,809,0.0012345679012345679,0.9987654320987654,0,0,1,1,0,1,1,0.5,0.058823529411764705,0.125,0,0,1,0,0,1,10,2.6464393446710153,0,0,0,0,0,0,0,0,159,1419,0,0,0,4,1,0,0,0,0,0,0,0,7,39,2.0794415416798357,3.6888794541139363
09demonpm,0,0,0,0,0,1,1,0,0,0,0,0,0,0,0,0.0,0.0,0.0,1398,1398,0.0007147962830593281,0.9992852037169406,0,0,1,1,0,1,1,0.5,1.0,1.0,0,0,1,0,0,1,9,2.94770277922009,0,0,0,0,1,1,0,0,0,28,1,0,0,2,1,0,0,0,0,0,0,0,7,41,2.0794415416798357,3.7376696182833684
09ef8d,0,0,0,0,0,1,3,3,2,0,0,0,0,0,0,0.0,0.0,0.0,1151,1151,0.0008680555555555555,0.9991319444444444,0,0,1,1,0,1,1,0.5,1.0,1.0,0,0,1,0,0,1,6,2.584962500721156,0,0,0,0,1,1,0,0,6,528,0,0,0,1,1,0,0,0,0,0,0,0,9,29,2.302585092994046,3.4011973816621555
09k92z,0,0,0,0,0,1,3,1,7,0,0,0,0,0,0,0.0,0.0,0.0,1151,1151,0.0008680555555555555,0.9991319444444444,0,0,1,1,0,1,1,0.5,1.0,1.0,0,0,1,0,0,1,6,2.2516291673878226,0,0,0,0,1,1,0,0,6,656,0,0,0,1,1,0,0,0,0,0,0,0,5,27,1.791759469228055,3.332204510175204
09mei1,0,0,0,0,0,1,2,3,5,0,0,0,0,0,0,0.0,0.0,0.0,1151,1151,0.0008680555555555555,0.9991319444444444,0,0,1,1,0,1,1,0.5,1.0,1.0,0,0,1,0,0,1,6,2.584962500721156,0,0,0,0,1,1,0,0,6,534,0,0,0,1,1,0,0,0,0,0,0,0,8,33,2.1972245773362196,3.5263605246161616
09wr0_mini-calculator,0,0,0,0,0,1,1,0,0,0,1,1,0,0,2,0.5,1.0,0.0011976047904191617,834,834,0.0011976047904191617,0.9988023952095808,0,0,1,1,0,1,1,0.5,0.3333333333333333,0.5,0,0,3,1,0,1,21,3.820888851350189,0,0,0,0,1,0,0,0,21,24,0,0,0,1,1,0,0,0,0,0,0,0,8,35,2.1972245773362196,3.58351893845611
09yk5k,0,0,0,0,0,1,1,0,3,0,0,0,0,0,0,0.0,0.0,0.0,1152,1152,0.0008673026886383347,0.9991326973113617,0,0,1,1,0,1,1,0.5,1.0,1.0,0,0,1,0,0,1,6,2.2516291673878226,0,0,0,0,1,1,0,0,6,682,0,0,0,1,1,0,0,0,0,0,0,0,44,127,3.8066624897703196,4.852030263919617
0_simple-calculator-,0,0,0,0,0,1,1,0,0,0,1,1,0,0,2,0.5,1.0,0.001277139208173691,782,782,0.001277139208173691,0.9987228607918263,0,0,1,1,0,1,1,0.5,0.3333333333333333,0.5,0,0,4,1,0,1,20,3.7841837197791883,0,0,0,0,1,0,0,0,40,65,0,0,0,1,1,0,0,0,0,0,0,0,6,22,1.9459101490553132,3.1354942159291497
0a,0,0,0,0,0,1,1,0,0,0,1,0,0,0,1,0.5,0.5,0.00048007681228996637,2082,1549,0.00048007681228996637,0.743638982237158,0,0,1,1,0,1,1,0.5,0.5,0.5,0,0,1,0,0,1,2,1.0,1,1,1,1,1,1,1,4,21,28,0,1,0,1,1,0,0,0,0,0,0,0,11,39,2.4849066497880004,3.6888794541139363
0a020c,0,0,0,0,0,1,3,0,6,0,0,0,0,0,0,0.0,0.0,0.0,1151,1151,0.0008680555555555555,0.9991319444444444,0,0,1,1,0,1,1,0.5,1.0,1.0,0,0,1,0,0,1,6,1.792481250360578,0,0,0,0,1,1,0,0,6,679,0,0,0,1,1,0,0,0,0,0,0,0,10,38,2.3978952727983707,3.6635616461296463
0a0fpniotn,0,0,0,0,0,1,1,0,0,0,1,0,0,0,1,0.5,0.5,0.002688172043010753,371,371,0.002688172043010753,0.9973118279569892,0,0,0,1,0,1,1,0.5,0.5,0.5,0,0,1,0,0,1,10,2.9219280948873627,1,1,1,1,1,0,1,4,24,191,0,0,0,2,1,0,0,0,0,0,0,0,10,34,2.3978952727983707,3.5553480614894135
0a2u24gpl6,0,0,0,0,0,1,1,1,0,0,7,9,0,0,16,3.5,8.0,0.008557457212713936,817,817,0.0012224938875305623,0.9987775061124694,0,0,1,1,0,1,1,0.5,0.058823529411764705,0.125,0,0,1,0,0,1,10,3.1219280948873624,0,0,0,0,0,0,0,0,159,1419,0,0,0,4,1,0,0,0,0,0,0,0,9,37,2.302585092994046,3.6375861597263857
0a473a7lvr,0,0,0,0,0,1,0,1,0,0,4,9,0,0,13,2.0,6.5,0.0048367593712212815,826,826,0.0012091898428053204,0.9987908101571947,0,0,1,1,0,1,1,0.5,0.07142857142857142,0.2,0,0,1,0,0,1,10,2.9219280948873623,0,0,0,0,0,0,0,0,159,1419,0,0,0,4,1,0,0,0,0,0,0,0,5,33,1.791759469228055,3.5263605246161616
0a_4nh_ky_a,0,0,0,0,0,1,1,0,0,0,1,0,0,0,1,0.5,0.5,0.0013333333333333333,749,749,0.0013333333333333333,0.9986666666666667,0,0,1,1,0,1,1,0.5,0.5,0.5,0,0,4,0,0,1,11,2.8453509366224368,0,0,0,0,1,1,1,1,0,28,1,0,0,1,1,0,0,0,0,0,0,0,6,25,1.9459101490553132,3.258096538021482
0a_4nh_ky_b,0,0,0,0,0,1,1,0,0,0,1,0,0,0,1,0.5,0.5,0.0013333333333333333,749,749,0.0013333333333333333,0.9986666666666667,0,0,1,1,0,1,1,0.5,0.5,0.5,0,0,4,0,0,1,11,3.027169118440619,0,0,0,0,1,1,1,1,0,28,1,0,0,1,1,0,0,0,0,0,0,0,10,38,2.3978952727983707,3.6635616461296463
0a_4nh_ky_c,0,0,0,0,0,1,1,0,0,0,1,0,0,0,1,0.5,0.5,0.0013333333333333333,749,749,0.0013333333333333333,0.9986666666666667,0,0,1,1,0,1,1,0.5,0.5,0.5,0,0,4,0,0,1,11,3.027169118440619,0,0,0,0,1,1,1,1,0,28,1,0,0,1,1,0,0,0,0,0,0,0,8,31,2.1972245773362196,3.4657359027997265
0a_4nh_ky_d,0,0,0,0,0,1,1,0,0,0,1,0,0,0,1,0.5,0.5,0.0013333333333333333,749,749,0.0013333333333333333,0.9986666666666667,0,0,1,1,0,1,1,0.5,0.5,0.5,0,0,4,0,0,1,11,3.027169118440619,0,0,0,0,1,1,1,1,0,28,1,0,0,1,1,0,0,0,0,0,0,0,7,46,2.0794415416798357,3.8501476017100584
0a_4nh_ky_e,0,0,0,0,0,1,1,0,0,0,1,0,0,0,1,0.5,0.5,0.0013333333333333333,749,749,0.0013333333333333333,0.9986666666666667,0,0,1,1,0,1,1,0.5,0.5,0.5,0,0,4,0,0,1,11,3.027169118440619,0,0,0,0,1,1,1,1,0,28,1,0,0,1,1,0,0,0,0,0,0,0,6,35,1.9459101490553132,3.58351893845611
0a_4nh_ky_f,0,0,0,0,0,1,1,0,0,0,1,0,0,0,1,0.5,0.5,0.0013333333333333333,749,749,0.0013333333333333333,0.9986666666666667,0,0,1,1,0,1,1,0.5,0.5,0.5,0,0,4,0,0,1,11,3.027169118440619,0,0,0,0,1,1,1,1,0,28,1,0,0,1,1,0,0,0,0,0,0,0,6,34,1.9459101490553132,3.5553480614894135
0a_4nh_ky_g,0,0,0,0,0,1,1,0,0,0,1,0,0,0,1,0.5,0.5,0.0013333333333333333,749,749,0.0013333333333333333,0.9986666666666667,0,0,1,1,0,1,1,0.5,0.5,0.5,0,0,4,0,0,1,11,3.027169118440619,0,0,0,0,1,1,1,1,0,28,1,0,0,1,1,0,0,0,0,0,0,0,8,34,2.1972245773362196,3.5553480614894135
0a_4nh_ky_h,0,0,0,0,0,1,1,0,0,0,1,0,0,0,1,0.5,0.5,0.0013333333333333333,749,749,0.0013333333333333333,0.9986666666666667,0,0,1,1,0,1,1,0.5,0.5,0.5,0,0,4,0,0,1,11,2.8453509366224368,0,0,0,0,1,1,1,1,0,28,1,0,0,1,1,0,0,0,0,0,0,0,5,31,1.791759469228055,3.4657359027997265
0a_4nh_ky_i,0,0,0,0,0,1,1,0,0,0,1,0,0,0,1,0.5,0.5,0.0013333333333333333,749,749,0.0013333333333333333,0.9986666666666667,0,0,1,1,0,1,1,0.5,0.5,0.5,0,0,4,0,0,1,11,3.027169118440619,0,0,0,0,1,1,1,1,0,28,1,0,0,1,1,0,0,0,0,0,0,0,8,32,2.1972245773362196,3.4965075614664802
0a_4nh_ky_j,0,0,0,0,0,1,1,0,0,0,1,0,0,0,1,0.5,0.5,0.0013333333333333333,749,749,0.0013333333333333333,0.9986666666666667,0,0,1,1,0,1,1,0.5,0.5,0.5,0,0,4,0,0,1,11,3.027169118440619,0,0,0,0,1,1,1,1,0,28,1,0,0,1,1,0,0,0,0,0,0,0,6,31,1.9459101490553132,3.4657359027997265
0a_4nh_ky_k,0,0,0,0,0,1,1,0,0,0,1,0,0,0,1,0.5,0.5,0.0013333333333333333,749,749,0.0013333333333333333,0.9986666666666667,0,0,1,1,0,1,1,0.5,0.5,0.5,0,0,4,0,0,1,11,2.8453509366224368,0,0,0,0,1,1,1,1,0,28,1,0,0,1,1,0,0,0,0,0,0,0,8,27,2.1972245773362196,3.332204510175204
0a_4nh_ky_l,0,0,0,0,0,1,1,0,0,0,1,0,0,0,1,0.5,0.5,0.0013333333333333333,749,749,0.0013333333333333333,0.9986666666666667,0,0,1,1,0,1,1,0.5,0.5,0.5,0,0,4,0,0,1,11,3.027169118440619,0,0,0,0,1,1,1,1,0,28,1,0,0,1,1,0,0,0,0,0,0,0,9,42,2.302585092994046,3.7612001156935624
0a_4nh_ky_m,0,0,0,0,0,1,1,0,0,0,1,0,0,0,1,0.5,0.5,0.0013333333333333333,749,749,0.0013333333333333333,0.9986666666666667,0,0,1,1,0,1,1,0.5,0.5,0.5,0,0,4,0,0,1,11,3.027169118440619,0,0,0,0,1,1,1,1,0,28,1,0,0,1,1,0,0,0,0,0,0,0,10,38,2.3978952727983707,3.6635616461296463
0a_4nh_ky_o,0,0,0,0,0,1,1,0,0,0,1,0,0,0,1,0.5,0.5,0.0013333333333333333,749,749,0.0013333333333333333,0.9986666666666667,0,0,1,1,0,1,1,0.5,0.5,0.5,0,0,4,0,0,1,11,3.027169118440619,0,0,0,0,1,1,1,1,0,28,1,0,0,1,1,0,0,0,0,0,0,0,5,27,1.791759469228055,3.332204510175204
0a_4nh_ky_p,0,0,0,0,0,1,1,0,0,0,1,0,0,0,1,0.5,0.5,0.0013333333333333333,749,749,0.0013333333333333333,0.9986666666666667,0,0,1,1,0,1,1,0.5,0.5,0.5,0,0,4,0,0,1,11,3.027169118440619,0,0,0,0,1,1,1,1,0,28,1,0,0,1,1,0,0,0,0,0,0,0,5,35,1.791759469228055,3.58351893845611
0a_4nh_ky_q,0,0,0,0,0,1,1,0,0,0,1,0,0,0,1,0.5,0.5,0.0013333333333333333,749,749,0.0013333333333333333,0.9986666666666667,0,0,1,1,0,1,1,0.5,0.5,0.5,0,0,4,0,0,1,11,3.027169118440619,0,0,0,0,1,1,1,1,0,28,1,0,0,1,1,0,0,0,0,0,0,0,8,23,2.1972245773362196,3.1780538303479458
0a_4nh_ky_r,0,0,0,0,0,1,1,0,0,0,1,0,0,0,1,0.5,0.5,0.0013333333333333333,749,749,0.0013333333333333333,0.9986666666666667,0,0,1,1,0,1,1,0.5,0.5,0.5,0,0,4,0,0,1,11,3.027169118440619,0,0,0,0,1,1,1,1,0,28,1,0,0,1,1,0,0,0,0,0,0,0,9,45,2.302585092994046,3.828641396489095
0a_4nh_ky_s,0,0,0,0,0,1,1,0,0,0,1,0,0,0,1,0.5,0.5,0.0013333333333333333,749,749,0.0013333333333333333,0.9986666666666667,0,0,1,1,0,1,1,0.5,0.5,0.5,0,0,4,0,0,1,11,3.027169118440619,0,0,0,0,1,1,1,1,0,28,1,0,0,1,1,0,0,0,0,0,0,0,8,35,2.1972245773362196,3.58351893845611
0a_4nh_ky_t,0,0,0,0,0,1,1,0,0,0,1,0,0,0,1,0.5,0.5,0.0013333333333333333,749,749,0.0013333333333333333,0.9986666666666667,0,0,1,1,0,1,1,0.5,0.5,0.5,0,0,4,0,0,1,11,3.027169118440619,0,0,0,0,1,1,1,1,0,28,1,0,0,1,1,0,0,0,0,0,0,0,8,31,2.1972245773362196,3.4657359027997265
0a_4nh_ky_u,0,0,0,0,0,1,1,0,0,0,1,0,0,0,1,0.5,0.5,0.0013333333333333333,749,749,0.0013333333333333333,0.9986666666666667,0,0,1,1,0,1,1,0.5,0.5,0.5,0,0,4,0,0,1,11,3.027169118440619,0,0,0,0,1,1,1,1,0,28,1,0,0,1,1,0,0,0,0,0,0,0,8,35,2.1972245773362196,3.58351893845611
0a_4nh_ky_v,0,0,0,0,0,1,1,0,0,0,1,0,0,0,1,0.5,0.5,0.0013333333333333333,749,749,0.0013333333333333333,0.9986666666666667,0,0,1,1,0,1,1,0.5,0.5,0.5,0,0,4,0,0,1,11,3.027169118440619,0,0,0,0,1,1,1,1,0,28,1,0,0,1,1,0,0,0,0,0,0,0,11,39,2.4849066497880004,3.6888794541139363
0a_4nh_ky_w,0,0,0,0,0,1,1,0,0,0,1,0,0,0,1,0.5,0.5,0.0013333333333333333,749,749,0.0013333333333333333,0.9986666666666667,0,0,1,1,0,1,1,0.5,0.5,0.5,0,0,4,0,0,1,11,3.027169118440619,0,0,0,0,1,1,1,1,0,28,1,0,0,1,1,0,0,0,0,0,0,0,11,37,2.4849066497880004,3.6375861597263857
0a_4nh_ky_x,0,0,0,0,0,1,1,0,0,0,1,0,0,0,1,0.5,0.5,0.0013333333333333333,749,749,0.0013333333333333333,0.9986666666666667,0,0,1,1,0,1,1,0.5,0.5,0.5,0,0,4,0,0,1,11,3.027169118440619,0,0,0,0,1,1,1,1,0,28,1,0,0,1,1,0,0,0,0,0,0,0,8,39,2.1972245773362196,3.6888794541139363
0a_4nh_ky_y,0,0,0,0,0,1,1,0,0,0,1,0,0,0,1,0.5,0.5,0.0013333333333333333,749,749,0.0013333333333333333,0.9986666666666667,0,0,1,1,0,1,1,0.5,0.5,0.5,0,0,4,0,0,1,11,2.845350936622437,0,0,0,0,1,1,1,1,0,28,1,0,0,1,1,0,0,0,0,0,0,0,10,30,2.3978952727983707,3.4339872044851463
0a_4nh_ky_z,0,0,0,0,0,1,1,0,0,0,1,0,0,0,1,0.5,0.5,0.0013333333333333333,749,749,0.0013333333333333333,0.9986666666666667,0,0,1,1,0,1,1,0.5,0.5,0.5,0,0,4,0,0,1,11,3.027169118440619,0,0,0,0,1,1,1,1,0,28,1,0,0,1,1,0,0,0,0,0,0,0,7,31,2.0794415416798357,3.4657359027997265
0abwco,0,0,0,0,0,1,1,3,9,0,0,0,0,0,0,0.0,0.0,0.0,1151,1151,0.0008680555555555555,0.9991319444444444,0,0,1,1,0,1,1,0.5,1.0,1.0,0,0,1,0,0,1,6,2.584962500721156,0,0,0,0,1,1,0,0,6,851,0,0,0,1,1,0,0,0,0,0,0,0,9,30,2.302585092994046,3.4339872044851463
0account,0,0,0,0,0,4,3,4,5,0,3,6,0,0,9,0.6,1.8,0.002737226277372263,1095,1095,0.0036496350364963502,0.9990875912408759,0,0,1,1,0,1,1,0.2,0.1,0.25,0,0,1,0,0,1,8,2.75,1,1,1,1,1,0,0,0,21,4007,0,0,0,6,1,0,0,0,0,1,1,1,7,44,2.0794415416798357,3.8066624897703196
0account-node,0,0,0,0,0,4,1,0,7,0,0,6,0,0,6,0.0,1.2,0.0,856,848,0.004667444574095682,0.9894982497082847,0,0,1,1,0,1,1,0.2,0.14285714285714285,1.0,0,0,2,1,0,1,13,3.238901256602631,0,0,0,0,1,1,0,0,28,164,0,0,0,3,1,0,0,0,0,0,1,1,10,50,2.3978952727983707,3.9318256327243257
0ad-tools,0,0,0,0,0,1,0,0,1,0,5,5,0,0,10,2.5,5.0,0.0017953321364452424,2784,1549,0.0003590664272890485,0.5561938958707361,0,0,1,1,0,1,1,0.5,0.09090909090909091,0.16666666666666666,0,0,2,1,0,1,9,2.94770277922009,1,1,1,1,1,1,0,0,45,302,0,0,0,8,1,0,0,1,0,0,1,1,9,40,2.302585092994046,3.713572066704308
0agent,0,0,0,0,0,95,1,1,5,0,7,5,0,0,12,0.07291666666666667,0.125,0.07,99,92,0.95,0.92,0,0,0,1,0,1,1,0.010416666666666666,0.07692307692307693,0.125,0,0,1,0,0,1,6,2.584962500721156,1,1,1,1,1,0,1,7,80,8625,0,0,0,7,1,0,0,1,0,0,1,1,18,749,2.9444389791664403,6.620073206530356
0ainterpreter,0,0,0,0,0,15,0,8,7,0,2,2,0,0,4,0.125,0.25,0.0011013215859030838,1815,1549,0.008259911894273128,0.8529735682819384,0,0,1,1,0,1,1,0.0625,0.2,0.3333333333333333,0,0,1,0,0,1,13,2.8150724101159437,1,1,1,1,1,1,1,1,61,2013,0,0,0,2,1,0,0,0,0,0,0,0,40,155,3.713572066704308,5.049856007249537
0ak2bj,0,0,0,0,0,1,2,0,3,0,0,0,0,0,0,0.0,0.0,0.0,1152,1152,0.0008673026886383347,0.9991326973113617,0,0,1,1,0,1,1,0.5,1.0,1.0,0,0,1,0,0,1,6,2.584962500721156,0,0,0,0,1,1,0,0,6,668,0,0,0,1,1,0,0,0,0,0,0,0,10,31,2.3978952727983707,3.4657359027997265
0ak3hs8tj8,0,0,0,0,0,1,2,1,0,0,7,9,0,0,16,3.5,8.0,0.008838383838383838,791,791,0.0012626262626262627,0.9987373737373737,0,0,1,1,0,1,1,0.5,0.058823529411764705,0.125,0,0,1,0,0,1,10,3.121928094887362,0,0,0,0,0,0,0,0,159,1419,0,0,0,4,1,0,0,0,0,0,0,0,7,41,2.0794415416798357,3.7376696182833684
0akp47bcr1,0,0,0,0,0,1,1,1,0,0,7,9,0,0,16,3.5,8.0,0.008557457212713936,817,817,0.0012224938875305623,0.9987775061124694,0,0,1,1,0,1,1,0.5,0.058823529411764705,0.125,0,0,1,0,0,1,10,3.321928094887362,0,0,0,0,0,0,0,0,159,1419,0,0,0,4,1,0,0,0,0,0,0,0,9,37,2.302585092994046,3.6375861597263857
0auth,0,0,0,0,0,5,1,0,4,0,0,0,0,0,0,0.0,0.0,0.0,2344,1549,0.0021321961620469083,0.6605543710021322,0,0,1,1,0,1,1,0.16666666666666666,1.0,1.0,0,0,1,0,0,1,5,2.321928094887362,0,0,0,0,0,1,0,0,12,28,0,0,0,0,0,0,0,0,0,0,0,0,15,118,2.772588722239781,4.77912349311153
0auth-sdk,0,0,0,0,0,14,0,0,15,0,1,6,0,0,7,0.06666666666666667,0.4666666666666667,0.0005920663114268798,1688,1549,0.008288928359976317,0.9171107164002368,0,0,1,1,0,1,1,0.06666666666666667,0.125,0.5,0,0,2,1,0,1,9,3.169925001442312,1,1,1,1,1,1,1,2,12,1068,0,0,0,3,1,0,0,0,0,0,0,0,44,164,3.8066624897703196,5.10594547390058
0authkit,0,0,0,0,0,3,1,0,2,0,0,3,0,0,3,0.0,0.75,0.0,67,66,0.04411764705882353,0.9705882352941176,0,0,0,1,0,1,1,0.25,0.25,1.0,0,0,1,0,0,1,8,2.75,1,1,1,1,1,1,1,11,60,3600,0,0,0,4,1,0,0,0,0,0,1,1,18,66,2.9444389791664403,4.204692619390966
0b,0,0,0,0,0,1,0,0,0,0,0,0,0,0,0,0.0,0.0,0.0,2339,1549,0.00042735042735042735,0.661965811965812,0,0,1,1,0,1,1,0.5,1.0,1.0,0,0,1,0,0,1,2,1.0,1,1,1,1,1,1,1,2,11,28,0,1,1,1,1,0,0,0,0,0,0,0,6,35,1.9459101490553132,3.58351893845611
0b001-bar,0,0,0,0,0,4,0,0,4,0,1,9,0,0,10,0.2,2.0,0.0005659309564233164,1766,1549,0.0022637238256932655,0.876627051499717,0,0,1,1,0,1,1,0.2,0.09090909090909091,0.5,0,0,2,1,0,1,9,2.4193819456463714,0,0,0,0,0,0,0,0,51,59,0,0,0,8,1,0,0,0,0,0,0,0,13,79,2.6390573296152584,4.382026634673881
0b1n-test-library,0,0,0,0,0,2,0,0,3,0,2,3,0,0,5,0.6666666666666666,1.6666666666666667,0.001026694045174538,1947,1549,0.001026694045174538,0.7951745379876797,0,0,1,1,0,1,1,0.3333333333333333,0.16666666666666666,0.3333333333333333,0,0,3,1,0,1,17,3.6168746059562227,1,1,1,1,1,1,0,0,57,635,0,0,0,2,1,0,0,0,0,0,0,0,15,46,2.772588722239781,3.8501476017100584
0b4s4zbm40,0,0,0,0,0,1,2,1,0,0,7,9,0,0,16,3.5,8.0,0.00903225806451613,774,774,0.0012903225806451613,0.9987096774193548,0,0,1,1,0,1,1,0.5,0.058823529411764705,0.125,0,0,1,0,0,1,10,2.4464393446710155,0,0,0,0,0,0,0,0,159,1419,0,0,0,4,1,0,0,0,0,0,0,0,4,33,1.6094379124341003,3.5263605246161616
0b5bf1,0,0,0,0,0,1,2,3,2,0,0,0,0,0,0,0.0,0.0,0.0,1151,1151,0.0008680555555555555,0.9991319444444444,0,0,1,1,0,1,1,0.5,1.0,1.0,0,0,1,0,0,1,6,2.2516291673878226,0,0,0,0,1,1,0,0,6,705,0,0,0,1,1,0,0,0,0,0,0,0,5,29,1.791759469228055,3.4011973816621555
0b8r0u,0,0,0,0,0,1,1,1,2,0,0,0,0,0,0,0.0,0.0,0.0,1151,1151,0.0008680555555555555,0.9991319444444444,0,0,1,1,0,1,1,0.5,1.0,1.0,0,0,1,0,0,1,6,2.2516291673878226,0,0,0,0,1,1,0,0,6,555,0,0,0,1,1,0,0,0,0,0,0,0,8,33,2.1972245773362196,3.5263605246161616
0b_skku_stat,0,0,0,0,0,1,1,0,0,0,0,1,0,0,1,0.0,0.5,0.0,1538,1538,0.000649772579597141,0.9993502274204028,0,0,1,1,0,1,1,0.5,0.5,1.0,0,0,3,0,0,1,12,2.9182958340544896,1,1,1,1,1,0,0,0,15,16,0,0,0,1,1,0,0,0,0,0,0,0,6,28,1.9459101490553132,3.367295829986474
0bao,0,0,0,0,0,2,1,0,1,0,0,0,0,0,0,0.0,0.0,0.0,2088,1549,0.0009573958831977022,0.7415031115366204,0,0,1,1,0,1,1,0.3333333333333333,1.0,1.0,0,0,1,0,0,1,4,2.0,0,0,0,0,1,0,0,0,0,28,1,0,0,1,1,0,0,0,0,0,0,0,8,47,2.1972245773362196,3.871201010907891
0beny1s,0,0,0,0,0,1,1,1,6,0,3,2,0,0,5,1.5,2.5,0.0035842293906810036,836,836,0.0011947431302270011,0.998805256869773,0,0,1,1,0,1,1,0.5,0.16666666666666666,0.25,0,0,1,0,0,1,7,2.807354922057604,1,1,1,1,1,1,1,1,12,28,0,0,0,1,1,0,0,0,0,0,0,0,8,37,2.1972245773362196,3.6375861597263857
0bg9a2,0,0,0,0,0,1,1,3,0,0,0,0,0,0,0,0.0,0.0,0.0,1152,1152,0.0008673026886383347,0.9991326973113617,0,0,1,1,0,1,1,0.5,1.0,1.0,0,0,1,0,0,1,6,2.584962500721156,0,0,0,0,1,1,0,0,6,515,0,0,0,1,1,0,0,0,0,0,0,0,8,31,2.1972245773362196,3.4657359027997265
0bgao6mw0r,0,0,0,0,0,1,1,1,0,0,7,9,0,0,16,3.5,8.0,0.008557457212713936,817,817,0.0012224938875305623,0.9987775061124694,0,0,1,1,0,1,1,0.5,0.058823529411764705,0.125,0,0,1,0,0,1,10,3.1219280948873624,0,0,0,0,0,0,0,0,159,1419,0,0,0,4,1,0,0,0,0,0,0,0,6,34,1.9459101490553132,3.5553480614894135
0bhr9c,0,0,0,0,0,1,3,0,2,0,0,0,0,0,0,0.0,0.0,0.0,1153,1153,0.0008665511265164644,0.9991334488734835,0,0,1,1,0,1,1,0.5,1.0,1.0,0,0,1,0,0,1,6,2.584962500721156,0,0,0,0,1,1,0,0,6,613,0,0,0,1,1,0,0,0,0,0,0,0,10,31,2.3978952727983707,3.4657359027997265
0bipinnata0-frontend,0,0,0,0,0,2,1,0,1,0,2,2,0,0,4,0.6666666666666666,1.3333333333333333,0.001607717041800643,1243,1243,0.001607717041800643,0.9991961414790996,0,0,1,1,0,1,1,0.3333333333333333,0.2,0.3333333333333333,0,0,2,1,0,1,20,3.521928094887362,0,0,0,0,1,0,0,0,20,22,0,0,0,1,1,0,0,0,0,0,0,0,10,38,2.3978952727983707,3.6635616461296463
0bit-mentions,0,0,0,0,0,1,0,0,1,0,0,0,0,0,0,0.0,0.0,0.0,1615,1549,0.0006188118811881188,0.9585396039603961,0,0,1,1,0,1,1,0.5,1.0,1.0,0,0,2,1,0,1,13,3.238901256602631,1,1,1,1,1,1,1,9,17,6761,0,0,0,1,1,0,0,0,0,0,0,0,11,40,2.4849066497880004,3.713572066704308
0bq7bq,0,0,0,0,0,1,1,0,2,0,0,0,0,0,0,0.0,0.0,0.0,1152,1152,0.0008673026886383347,0.9991326973113617,0,0,1,1,0,1,1,0.5,1.0,1.0,0,0,1,0,0,1,6,1.9182958340544893,0,0,0,0,1,1,0,0,6,544,0,0,0,1,1,0,0,0,0,0,0,0,8,34,2.1972245773362196,3.5553480614894135
0bw8xs,0,0,0,0,0,1,3,3,0,0,0,0,0,0,0,0.0,0.0,0.0,1151,1151,0.0008680555555555555,0.9991319444444444,0,0,1,1,0,1,1,0.5,1.0,1.0,0,0,1,0,0,1,6,2.584962500721156,0,0,0,0,1,1,0,0,6,634,0,0,0,1,1,0,0,0,0,0,0,0,9,39,2.302585092994046,3.6888794541139363
0bx,0,0,0,0,0,1,0,0,0,0,0,0,0,0,0,0.0,0.0,0.0,2338,1549,0.00042753313381787086,0.662248824283882,0,0,1,1,0,1,1,0.5,1.0,1.0,0,0,1,0,0,1,3,1.584962500721156,1,1,1,1,1,1,1,2,11,28,0,1,1,1,1,0,0,0,0,0,0,0,5,30,1.791759469228055,3.4339872044851463
0byte-opencode,0,0,0,0,0,78,1,17,9,0,0,0,3,0,3,0.0,0.0379746835443038,0.0,114,8,0.6782608695652174,0.06956521739130435,1,0,0,1,0,1,1,0.012658227848101266,0.25,1.0,0,0,2,1,0,1,14,3.3248629576173565,0,0,0,0,1,0,0,0,0,28,1,0,0,1,1,0,0,1,0,0,1,1,485,4122,6.186208623900494,8.3243363327069
0byte-opencode-linux-x64,0,0,0,0,0,78,1,17,9,0,0,0,0,0,0,0.0,0.0,0.0,114,8,0.6782608695652174,0.06956521739130435,1,0,0,1,0,1,1,0.012658227848101266,1.0,1.0,0,0,4,1,0,1,24,3.9387218755408675,0,0,0,0,0,0,0,0,0,28,1,0,0,0,0,0,0,0,0,0,0,0,407,3842,6.0112671744041615,8.254008590564844
0byte-opencode-linux-x64-baseline,0,0,0,0,0,78,1,17,9,0,0,0,0,0,0,0.0,0.0,0.0,114,8,0.6782608695652174,0.06956521739130435,1,0,0,1,0,1,1,0.012658227848101266,1.0,1.0,0,0,5,1,0,1,33,4.003044786734202,0,0,0,0,0,0,0,0,0,28,1,0,0,0,0,0,0,0,0,0,0,0,435,3667,6.077642243349034,8.207401833376355
0byte-opencode-linux-x64-baseline-musl,0,0,0,0,0,78,1,17,9,0,0,0,0,0,0,0.0,0.0,0.0,114,8,0.6782608695652174,0.06956521739130435,1,0,0,1,0,1,1,0.012658227848101266,1.0,1.0,0,0,6,1,0,1,38,4.070847093622517,0,0,0,0,0,0,0,0,0,28,1,0,0,0,0,0,0,0,0,0,0,0,358,3390,5.883322388488279,8.128880142125638
0c,0,0,0,0,0,1,1,0,0,0,1,0,0,0,1,0.5,0.5,0.00048007681228996637,2082,1549,0.00048007681228996637,0.743638982237158,0,0,1,1,0,1,1,0.5,0.5,0.5,0,0,1,0,0,1,2,1.0,1,1,1,1,1,1,1,4,21,28,0,1,0,1,1,0,0,0,0,0,0,0,10,42,2.3978952727983707,3.7612001156935624
0c1qha,0,0,0,0,0,1,3,3,4,0,0,0,0,0,0,0.0,0.0,0.0,1151,1151,0.0008680555555555555,0.9991319444444444,0,0,1,1,0,1,1,0.5,1.0,1.0,0,0,1,0,0,1,6,2.584962500721156,0,0,0,0,1,1,0,0,6,1096,0,0,0,1,1,0,0,0,0,0,0,0,9,37,2.302585092994046,3.6375861597263857
0c3cn0,0,0,0,0,0,1,3,3,2,0,0,0,0,0,0,0.0,0.0,0.0,1153,1153,0.0008665511265164644,0.9991334488734835,0,0,1,1,0,1,1,0.5,1.0,1.0,0,0,1,0,0,1,6,1.9182958340544896,0,0,0,0,1,1,0,0,6,579,0,0,0,1,1,0,0,0,0,0,0,0,9,33,2.302585092994046,3.5263605246161616
0c52h2,0,0,0,0,0,1,1,1,2,0,0,0,0,0,0,0.0,0.0,0.0,1151,1151,0.0008680555555555555,0.9991319444444444,0,0,1,1,0,1,1,0.5,1.0,1.0,0,0,1,0,0,1,6,2.2516291673878226,0,0,0,0,1,1,0,0,6,566,0,0,0,1,1,0,0,0,0,0,0,0,6,22,1.9459101490553132,3.1354942159291497
0c5n2lcbu4,0,0,0,0,0,1,2,1,0,0,7,9,0,0,16,3.5,8.0,0.008849557522123894,790,790,0.0012642225031605564,0.9987357774968394,0,0,1,1,0,1,1,0.5,0.058823529411764705,0.125,0,0,1,0,0,1,10,3.1219280948873624,0,0,0,0,0,0,0,0,159,1419,0,0,0,4,1,0,0,0,0,0,0,0,6,32,1.9459101490553132,3.4965075614664802
0c6pv676a0,0,0,0,0,0,1,2,1,0,0,7,9,0,0,16,3.5,8.0,0.008838383838383838,791,791,0.0012626262626262627,0.9987373737373737,0,0,1,1,0,1,1,0.5,0.058823529411764705,0.125,0,0,1,0,0,1,10,2.6464393446710157,0,0,0,0,0,0,0,0,159,1419,0,0,0,4,1,0,0,0,0,0,0,0,7,37,2.0794415416798357,3.6375861597263857
0c6rshlqy8d9,0,0,0,0,0,2,0,12,0,0,0,0,0,0,0,0.0,0.0,0.0,478,477,0.0041753653444676405,0.9958246346555324,0,0,0,1,0,1,1,0.3333333333333333,1.0,1.0,0,0,1,0,0,1,12,3.584962500721156,0,0,0,0,1,0,0,0,42,28,0,0,0,1,1,0,0,0,0,0,0,0,11,54,2.4849066497880004,4.007333185232471
0c7j76u46q,0,0,0,0,0,1,1,0,0,0,1,0,0,0,1,0.5,0.5,0.002688172043010753,371,371,0.002688172043010753,0.9973118279569892,0,0,0,1,0,1,1,0.5,0.5,0.5,0,0,1,0,0,1,10,2.9219280948873623,1,1,1,1,1,0,1,4,24,191,0,0,0,2,1,0,0,0,0,0,0,0,34,94,3.5553480614894135,4.553876891600541
0cache,0,0,0,0,0,7,0,0,7,0,2,6,0,1,9,0.25,1.125,0.004008016032064128,498,83,0.014028056112224449,0.16633266533066132,0,0,0,1,0,1,1,0.125,0.1,0.3333333333333333,0,0,1,0,0,1,6,2.2516291673878226,1,1,1,1,1,1,1,6,99,11592,0,0,0,3,1,0,0,0,0,0,0,0,17,98,2.8903717578961645,4.59511985013459
0card-images-helper,0,0,0,0,0,1,1,0,2,0,3,0,0,0,3,1.5,1.5,0.0008068854222700376,3717,1480,0.00026896180742334586,0.3980634749865519,0,0,1,1,0,1,1,0.5,0.25,0.25,0,0,3,1,0,1,19,3.681880802803402,0,0,0,0,1,1,0,0,37,1883,0,0,1,1,1,0,0,0,0,0,0,0,12,36,2.5649493574615367,3.6109179126442243
0cc,0,0,0,0,0,3,0,0,111,0,9,6,0,0,15,2.25,3.75,0.0050335570469798654,1787,1227,0.0016778523489932886,0.6862416107382551,0,0,1,3,0,0,0,0.75,0.1875,0.3,0,0,1,0,0,1,3,0.9182958340544896,0,0,0,0,0,0,0,0,0,28,1,1,0,4,1,0,0,0,0,0,0,0,11,69,2.4849066497880004,4.248495242049359
0cdqmfa4gx,0,0,0,0,0,1,1,0,0,0,2,0,0,0,2,1.0,1.0,0.00477326968973747,418,418,0.002386634844868735,0.9976133651551312,0,0,0,1,0,1,1,0.5,0.3333333333333333,0.3333333333333333,0,0,1,0,0,1,10,3.321928094887362,1,1,1,1,1,0,0,0,34,28,0,0,0,1,1,0,0,0,0,0,0,0,10,27,2.3978952727983707,3.332204510175204
0cean-client,0,0,0,0,0,1,0,0,1,0,6,7,0,0,13,3.0,6.5,0.0018957345971563982,3164,1549,0.000315955766192733,0.48941548183254346,0,0,1,1,0,1,1,0.5,0.07142857142857142,0.14285714285714285,0,0,2,1,0,1,12,3.084962500721156,1,1,1,1,1,1,1,4,42,33,0,0,0,2,1,0,0,0,0,0,0,0,8,28,2.1972245773362196,3.367295829986474
0cert-middleware,0,0,0,0,0,1,1,0,0,0,0,0,0,0,0,0.0,0.0,0.0,16,16,0.058823529411764705,0.9411764705882353,1,1,0,1,0,1,1,0.5,1.0,1.0,0,0,2,1,0,1,16,3.452819531114783,1,1,1,1,1,1,1,9,97,4168,0,0,0,1,1,0,0,0,0,0,0,0,9,149,2.302585092994046,5.0106352940962555
0cfy6j,0,0,0,0,0,1,1,2,9,0,0,0,0,0,0,0.0,0.0,0.0,1151,1151,0.0008680555555555555,0.9991319444444444,0,0,1,1,0,1,1,0.5,1.0,1.0,0,0,1,0,0,1,6,2.584962500721156,0,0,0,0,1,1,0,0,6,1117,0,0,0,1,1,0,0,0,0,0,0,0,6,26,1.9459101490553132,3.295836866004329
0cgbjv,0,0,0,0,0,1,1,1,1,0,0,0,0,0,0,0.0,0.0,0.0,1151,1151,0.0008680555555555555,0.9991319444444444,0,0,1,1,0,1,1,0.5,1.0,1.0,0,0,1,0,0,1,6,2.584962500721156,0,0,0,0,1,1,0,0,6,540,0,0,0,1,1,0,0,0,0,0,0,0,44,138,3.8066624897703196,4.9344739331306915
0chain,0,0,0,0,0,26,1,3,14,0,9,0,0,0,9,0.3333333333333333,0.3333333333333333,0.0039147455415398,2298,1549,0.011309264897781644,0.6737712048716833,0,0,1,1,0,1,1,0.037037037037037035,0.1,0.1,0,0,1,0,0,1,6,2.584962500721156,0,0,0,0,1,1,0,0,52,6788,0,0,0,1,1,0,0,0,0,0,0,0,42,212,3.7612001156935624,5.3612921657094255
0chem-draw,0,0,0,0,0,1,1,0,1,0,0,0,0,0,0,0.0,0.0,0.0,1756,1549,0.0005691519635742744,0.8816163915765509,0,0,1,1,0,1,1,0.5,1.0,1.0,0,0,2,1,0,1,10,3.321928094887362,1,0,0,0,1,1,1,3,8,863,0,0,0,10,1,0,0,0,0,0,0,0,12,42,2.5649493574615367,3.7612001156935624
0chh4p,0,0,0,0,0,1,3,0,8,0,0,0,0,0,0,0.0,0.0,0.0,1152,1152,0.0008673026886383347,0.9991326973113617,0,0,1,1,0,1,1,0.5,1.0,1.0,0,0,1,0,0,1,6,2.251629167387823,0,0,0,0,1,1,0,0,6,550,0,0,0,1,1,0,0,0,0,0,0,0,9,39,2.302585092994046,3.6888794541139363
0citdn,0,0,0,0,0,1,3,2,1,0,0,0,0,0,0,0.0,0.0,0.0,1151,1151,0.0008680555555555555,0.9991319444444444,0,0,1,1,0,1,1,0.5,1.0,1.0,0,0,1,0,0,1,6,2.584962500721156,0,0,0,0,1,1,0,0,6,566,0,0,0,1,1,0,0,0,0,0,0,0,8,28,2.1972245773362196,3.367295829986474
0ck4bf,0,0,0,0,0,1,2,3,5,0,0,0,0,0,0,0.0,0.0,0.0,1151,1151,0.0008680555555555555,0.9991319444444444,0,0,1,1,0,1,1,0.5,1.0,1.0,0,0,1,0,0,1,6,2.584962500721156,0,0,0,0,1,1,0,0,6,719,0,0,0,1,1,0,0,0,0,0,0,0,5,26,1.791759469228055,3.295836866004329
0claws,0,0,0,0,0,1,1,0,0,0,0,0,0,0,0,0.0,0.0,0.0,130,130,0.007633587786259542,0.9923664122137404,0,0,0,1,0,1,1,0.5,1.0,1.0,0,0,1,0,0,1,6,2.584962500721156,0,0,0,0,1,0,0,0,0,28,1,0,0,1,1,0,0,0,0,0,0,0,6,29,1.9459101490553132,3.4011973816621555
0cli-numberguessinng,0,0,0,0,0,3,2,0,4,0,1,1,0,0,2,0.25,0.5,0.0012033694344163659,830,830,0.0036101083032490976,0.9987966305655837,0,0,1,1,0,1,1,0.25,0.3333333333333333,0.5,0,0,2,1,0,1,20,3.584183719779189,0,0,0,0,1,1,0,0,23,28,0,0,0,1,1,0,0,0,0,0,0,0,10,48,2.3978952727983707,3.8918202981106265
0cod,0,0,0,0,0,1,0,0,1,0,0,0,0,0,0,0.0,0.0,0.0,402,402,0.0024813895781637717,0.9975186104218362,0,0,0,1,0,1,1,0.5,1.0,1.0,0,0,1,0,0,1,4,2.0,0,0,0,0,1,0,1,5,0,28,1,0,0,0,0,0,0,0,0,0,0,0,6,29,1.9459101490553132,3.4011973816621555
0common-deps,0,0,0,0,0,1,0,0,2,0,0,0,0,0,0,0.0,0.0,0.0,442,442,0.002257336343115124,0.9977426636568849,0,0,0,1,0,1,1,0.5,1.0,1.0,0,0,2,1,0,1,12,3.2516291673878226,0,0,0,0,1,0,0,0,0,28,1,0,0,1,1,0,0,0,0,0,0,0,6,26,1.9459101490553132,3.295836866004329
0confirmation-sol,0,0,0,0,0,1,0,1,1,0,9,0,0,0,9,4.5,4.5,0.004096495220755576,2196,1549,0.0004551661356395084,0.7050523441055986,0,0,1,1,0,1,1,0.5,0.1,0.1,0,0,2,1,0,1,17,3.572469458770136,1,1,0,0,1,1,0,0,17,28,0,0,0,0,0,0,0,0,0,0,0,0,8,37,2.1972245773362196,3.6375861597263857
0console,0,0,0,0,0,1,0,0,1,0,1,0,0,0,1,0.5,0.5,0.0006333122229259025,1578,1549,0.0006333122229259025,0.981000633312223,0,0,1,1,0,1,1,0.5,0.5,0.5,0,0,1,0,0,1,8,2.75,1,1,1,1,1,1,1,4,47,2373,0,0,0,2,1,0,0,0,0,0,0,0,9,35,2.302585092994046,3.58351893845611
0cpg9v,0,0,0,0,0,1,1,1,3,0,0,0,0,0,0,0.0,0.0,0.0,1152,1152,0.0008673026886383347,0.9991326973113617,0,0,1,1,0,1,1,0.5,1.0,1.0,0,0,1,0,0,1,6,2.584962500721156,0,0,0,0,1,1,0,0,6,677,0,0,0,1,1,0,0,0,0,0,0,0,5,30,1.791759469228055,3.4339872044851463
0ctf-chalweb,0,0,0,0,0,1,1,0,0,0,0,0,0,0,0,0.0,0.0,0.0,931,931,0.001072961373390558,0.9989270386266095,0,0,1,1,0,1,1,0.5,1.0,1.0,0,0,2,1,0,1,12,3.4182958340544896,0,0,0,0,1,0,0,0,0,28,1,0,0,1,1,0,0,0,0,0,0,0,32,281,3.4965075614664802,5.641907070938114
0ctfleak,0,0,0,0,0,1,1,0,0,0,0,0,0,0,0,0.0,0.0,0.0,932,932,0.0010718113612004287,0.9989281886387996,0,0,1,1,0,1,1,0.5,1.0,1.0,0,0,1,0,0,1,8,3.0,0,0,0,0,1,0,0,0,0,28,1,0,0,1,1,0,0,0,0,0,0,0,8,34,2.1972245773362196,3.5553480614894135
0currency_converter,0,0,0,0,0,1,1,0,3,0,1,2,0,0,3,0.5,1.5,0.0012254901960784314,815,815,0.0012254901960784314,0.9987745098039216,0,0,1,1,0,1,1,0.5,0.25,0.5,0,0,2,0,0,1,19,3.221097250057957,0,0,0,0,1,0,0,0,0,28,1,0,0,1,1,0,0,0,0,0,0,0,6,28,1.9459101490553132,3.367295829986474
0cwi-shp-framework,0,0,0,0,0,1,0,1,0,0,1,4,0,4,9,0.5,4.5,0.00033311125916055963,3001,1549,0.00033311125916055963,0.5159893404397069,0,0,1,1,0,1,1,0.5,0.1,0.5,0,0,3,1,0,1,18,3.8365916681089787,0,0,0,0,1,0,0,0,156,186,0,0,1,0,0,0,0,0,0,0,0,0,4,25,1.6094379124341003,3.258096538021482
0cxnc7,0,0,0,0,0,1,3,1,4,0,0,0,0,0,0,0.0,0.0,0.0,1152,1152,0.0008673026886383347,0.9991326973113617,0,0,1,1,0,1,1,0.5,1.0,1.0,0,0,1,0,0,1,6,2.2516291673878226,0,0,0,0,1,1,0,0,6,650,0,0,0,1,1,0,0,0,0,0,0,0,8,24,2.1972245773362196,3.2188758248682006
0d,0,0,0,0,0,1,0,0,1,0,0,0,0,0,0,0.0,0.0,0.0,2393,1549,0.0004177109440267335,0.6470342522974102,0,0,1,1,0,1,1,0.5,1.0,1.0,0,0,1,0,0,1,2,1.0,0,0,0,0,1,0,0,0,0,28,1,1,0,1,1,0,0,0,0,0,0,0,29,180,3.4011973816621555,5.198497031265826
0d1s2b2t71,0,0,0,0,0,1,2,1,0,0,7,9,0,0,16,3.5,8.0,0.00903225806451613,774,774,0.0012903225806451613,0.9987096774193548,0,0,1,1,0,1,1,0.5,0.058823529411764705,0.125,0,0,1,0,0,1,10,2.9219280948873623,0,0,0,0,0,0,0,0,159,1419,0,0,0,4,1,0,0,0,0,0,0,0,7,41,2.0794415416798357,3.7376696182833684
0d2ey4,0,0,0,0,0,1,3,0,2,0,0,0,0,0,0,0.0,0.0,0.0,1153,1153,0.0008665511265164644,0.9991334488734835,0,0,1,1,0,1,1,0.5,1.0,1.0,0,0,1,0,0,1,6,2.584962500721156,0,0,0,0,1,1,0,0,6,537,0,0,0,1,1,0,0,0,0,0,0,0,10,36,2.3978952727983707,3.6109179126442243
0dac,0,0,0,0,0,1,0,0,1,0,0,0,0,0,0,0.0,0.0,0.0,209,209,0.004761904761904762,0.9952380952380953,0,0,0,1,0,1,1,0.5,1.0,1.0,0,0,1,0,0,1,4,2.0,0,0,0,0,1,0,0,0,0,28,1,0,0,1,1,0,0,0,0,0,0,0,10,38,2.3978952727983707,3.6635616461296463
0data,0,0,0,0,0,1,1,0,0,0,1,3,0,0,4,0.5,2.0,0.02702702702702703,36,36,0.02702702702702703,0.972972972972973,0,0,0,1,0,1,1,0.5,0.2,0.5,0,0,1,0,0,1,5,1.9219280948873623,0,0,0,0,0,0,0,0,53,2801,0,0,0,3,1,0,0,0,0,0,1,1,13,64,2.6390573296152584,4.174387269895637
0db,0,0,0,0,0,2,0,0,1,0,5,0,0,0,5,1.6666666666666667,1.6666666666666667,0.0028768699654775605,1737,1549,0.0011507479861910242,0.8912543153049483,0,0,1,1,0,1,1,0.3333333333333333,0.16666666666666666,0.16666666666666666,0,0,1,0,0,1,3,1.584962500721156,1,1,1,1,1,1,1,8,26,16198,0,1,0,2,1,0,0,0,0,0,0,0,12,46,2.5649493574615367,3.8501476017100584
0db-helper,0,0,0,0,0,1,0,0,1,0,0,56,0,0,56,0.0,28.0,0.0,946,946,0.0010559662090813093,0.9989440337909187,0,0,1,1,0,1,1,0.5,0.017543859649122806,1.0,0,0,2,1,0,1,10,3.1219280948873624,1,1,1,1,1,1,1,4,3,44,0,0,0,10,1,0,0,0,0,0,0,0,7,31,2.0794415416798357,3.4657359027997265
0db-repl,0,0,0,0,0,1,0,0,1,0,4,0,0,0,4,2.0,2.0,0.0023094688221709007,1731,1549,0.0005773672055427252,0.8943418013856813,0,0,1,1,0,1,1,0.5,0.2,0.2,0,0,2,1,0,1,8,3.0,0,0,0,0,1,1,0,0,45,5145,0,0,0,3,1,0,0,0,0,0,0,0,10,28,2.3978952727983707,3.367295829986474
0dbi1th_c4,0,0,0,0,0,1,1,0,0,0,0,0,0,0,0,0.0,0.0,0.0,1183,1183,0.0008445945945945946,0.9991554054054054,0,0,1,1,0,1,1,0.5,1.0,1.0,0,0,2,0,0,1,10,3.321928094887362,0,0,0,0,1,0,1,1,7,2464,0,0,0,1,1,0,0,0,0,0,0,0,10,38,2.3978952727983707,3.6635616461296463
0ddzv03hnbt9,0,0,0,0,0,2,0,12,0,0,0,0,0,0,0,0.0,0.0,0.0,844,843,0.002366863905325444,0.9976331360946745,0,0,1,1,0,1,1,0.3333333333333333,1.0,1.0,0,0,1,0,0,1,12,3.2516291673878226,0,0,0,0,1,0,0,0,42,28,0,0,0,1,1,0,0,0,0,0,0,0,9,46,2.302585092994046,3.8501476017100584
0de5x2,0,0,0,0,0,1,2,1,4,0,0,0,0,0,0,0.0,0.0,0.0,1152,1152,0.0008673026886383347,0.9991326973113617,0,0,1,1,0,1,1,0.5,1.0,1.0,0,0,1,0,0,1,6,2.584962500721156,0,0,0,0,1,1,0,0,6,720,0,0,0,1,1,0,0,0,0,0,0,0,9,26,2.302585092994046,3.295836866004329
0deer,0,0,0,0,0,1,1,0,0,0,0,0,0,0,0,0.0,0.0,0.0,1081,1081,0.0009242144177449168,0.9990757855822551,0,0,1,1,0,1,1,0.5,1.0,1.0,0,0,1,0,0,1,5,1.9219280948873623,0,0,0,0,1,1,1,2,105,121,0,0,0,1,1,0,0,0,0,0,0,0,6,30,1.9459101490553132,3.4339872044851463
0deer.com,0,0,0,0,0,2,1,0,1,0,0,0,0,0,0,0.0,0.0,0.0,1081,1076,0.0018484288354898336,0.9944547134935305,0,0,1,1,0,1,1,0.3333333333333333,1.0,1.0,0,0,2,0,1,1,9,2.9477027792200903,0,0,0,0,1,1,0,0,109,125,0,0,0,1,1,0,0,0,0,0,0,0,7,44,2.0794415416798357,3.8066624897703196
0desgin,0,0,0,0,0,1,0,0,1,0,4,32,0,2,38,2.0,19.0,0.0031397174254317113,1273,1273,0.0007849293563579278,0.9992150706436421,0,0,1,1,0,1,1,0.5,0.02564102564102564,0.2,0,0,1,0,0,1,7,2.807354922057604,0,0,0,0,1,1,0,0,12,213,0,0,0,8,1,0,0,0,1,0,1,1,11,58,2.4849066497880004,4.07753744390572
0dhts7mermne,0,0,0,0,0,2,0,12,0,0,0,0,0,0,0,0.0,0.0,0.0,306,305,0.006514657980456026,0.993485342019544,0,0,0,1,0,1,1,0.3333333333333333,1.0,1.0,0,0,1,0,0,1,12,3.2516291673878226,0,0,0,0,1,0,0,0,42,28,0,0,0,1,1,0,0,0,0,0,0,0,11,47,2.4849066497880004,3.871201010907891
0disk,0,0,0,0,0,1,0,0,0,0,0,0,0,0,0,0.0,0.0,0.0,10,10,0.09090909090909091,0.9090909090909091,1,1,0,1,0,1,1,0.5,1.0,1.0,0,0,1,0,0,1,5,2.321928094887362,0,0,0,0,1,0,0,0,0,0,1,0,0,0,0,0,0,0,0,0,0,0,26,157,3.295836866004329,5.062595033026967
0dmhld,0,0,0,0,0,1,2,0,8,0,0,0,0,0,0,0.0,0.0,0.0,1151,1151,0.0008680555555555555,0.9991319444444444,0,0,1,1,0,1,1,0.5,1.0,1.0,0,0,1,0,0,1,6,2.2516291673878226,0,0,0,0,1,1,0,0,6,545,0,0,0,1,1,0,0,0,0,0,0,0,49,126,3.912023005428146,4.844187086458591
0dot,0,0,0,0,0,1,0,6,0,0,9,8,0,0,17,4.5,8.5,0.026785714285714284,335,335,0.002976190476190476,0.9970238095238095,0,0,0,1,0,1,1,0.5,0.05555555555555555,0.1,0,0,1,0,0,1,4,2.0,1,1,1,1,1,1,1,6,66,28,0,0,0,8,1,0,0,0,0,0,1,1,9,29,2.302585092994046,3.4011973816621555
0dpx52,0,0,0,0,0,1,1,3,2,0,0,0,0,0,0,0.0,0.0,0.0,1151,1151,0.0008680555555555555,0.9991319444444444,0,0,1,1,0,1,1,0.5,1.0,1.0,0,0,1,0,0,1,6,2.584962500721156,0,0,0,0,1,1,0,0,6,588,0,0,0,1,1,0,0,0,0,0,0,0,6,28,1.9459101490553132,3.367295829986474
0dsir60pbx,0,0,0,0,0,1,2,1,0,0,7,9,0,0,16,3.5,8.0,0.008894536213468869,786,786,0.0012706480304955528,0.9987293519695044,0,0,1,1,0,1,1,0.5,0.058823529411764705,0.125,0,0,1,0,0,1,10,3.121928094887362,0,0,0,0,0,0,0,0,159,1419,0,0,0,4,1,0,0,0,0,0,0,0,9,33,2.302585092994046,3.5263605246161616
0dvbmyg9nq,0,0,0,0,0,1,2,1,0,0,7,9,0,0,16,3.5,8.0,0.00902061855670103,775,775,0.001288659793814433,0.9987113402061856,0,0,1,1,0,1,1,0.5,0.058823529411764705,0.125,0,0,1,0,0,1,10,3.321928094887362,0,0,0,0,0,0,0,0,159,1419,0,0,0,4,1,0,0,0,0,0,0,0,7,37,2.0794415416798357,3.6375861597263857
0dxnd8,0,0,0,0,0,1,2,3,3,0,0,0,0,0,0,0.0,0.0,0.0,1151,1151,0.0008680555555555555,0.9991319444444444,0,0,1,1,0,1,1,0.5,1.0,1.0,0,0,1,0,0,1,6,2.2516291673878226,0,0,0,0,1,1,0,0,6,634,0,0,0,1,1,0,0,0,0,0,0,0,8,28,2.1972245773362196,3.367295829986474
0e,0,0,0,0,0,23,0,0,193,0,2,0,0,0,2,0.08333333333333333,0.08333333333333333,0.0011441647597254005,1747,1227,0.013157894736842105,0.7019450800915332,0,0,1,3,0,0,0,0.125,1.0,1.0,0,0,1,0,0,1,2,1.0,0,0,0,0,0,0,0,0,0,28,1,1,0,4,1,0,0,0,0,0,0,0,174,801,5.1647859739235145,6.687108607866515
0e1wd1lqxubf,0,0,0,0,0,2,0,12,0,0,0,0,0,0,0,0.0,0.0,0.0,770,769,0.0025940337224383916,0.9974059662775616,0,0,1,1,0,1,1,0.3333333333333333,1.0,1.0,0,0,1,0,0,1,12,3.418295834054489,0,0,0,0,1,0,0,0,42,28,0,0,0,1,1,0,0,0,0,0,0,0,6,30,1.9459101490553132,3.4339872044851463
0e1x20,0,0,0,0,0,1,3,2,3,0,0,0,0,0,0,0.0,0.0,0.0,1151,1151,0.0008680555555555555,0.9991319444444444,0,0,1,1,0,1,1,0.5,1.0,1.0,0,0,1,0,0,1,6,2.2516291673878226,0,0,0,0,1,1,0,0,6,759,0,0,0,1,1,0,0,0,0,0,0,0,6,25,1.9459101490553132,3.258096538021482
0e4175,0,0,0,0,0,1,1,1,2,0,0,0,0,0,0,0.0,0.0,0.0,1152,1152,0.0008673026886383347,0.9991326973113617,0,0,1,1,0,1,1,0.5,1.0,1.0,0,0,1,0,0,1,6,2.584962500721156,0,0,0,0,1,1,0,0,6,630,0,0,0,1,1,0,0,0,0,0,0,0,5,25,1.791759469228055,3.258096538021482
0e7ht4,0,0,0,0,0,1,0,0,0,0,0,0,0,0,0,0.0,0.0,0.0,249,249,0.004,0.996,0,0,0,1,0,1,1,0.5,1.0,1.0,0,0,1,0,0,1,6,2.584962500721156,0,0,0,0,1,0,0,0,0,28,1,0,0,1,1,0,0,0,0,0,0,0,8,28,2.1972245773362196,3.367295829986474
0e9vjtkx_uoq0,0,0,0,0,0,1,1,0,0,0,0,0,0,0,0,0.0,0.0,0.0,1182,1182,0.0008453085376162299,0.9991546914623838,0,0,1,1,0,1,1,0.5,1.0,1.0,0,0,2,0,0,1,13,3.546593564294939,0,0,0,0,1,0,1,1,8,1755,0,0,0,1,1,0,0,0,0,0,0,0,9,29,2.302585092994046,3.4011973816621555
0eam4p,0,0,0,0,0,1,3,0,9,0,0,0,0,0,0,0.0,0.0,0.0,1153,1153,0.0008665511265164644,0.9991334488734835,0,0,1,1,0,1,1,0.5,1.0,1.0,0,0,1,0,0,1,6,2.584962500721156,0,0,0,0,1,1,0,0,6,569,0,0,0,1,1,0,0,0,0,0,0,0,10,35,2.3978952727983707,3.58351893845611
0eh3fx2r,0,0,0,0,0,1,0,1,0,0,4,9,0,0,13,2.0,6.5,0.004830917874396135,827,827,0.0012077294685990338,0.998792270531401,0,0,1,1,0,1,1,0.5,0.07142857142857142,0.2,0,0,1,0,0,1,8,3.0,0,0,0,0,0,0,0,0,159,1419,0,0,0,4,1,0,0,0,0,0,0,0,7,37,2.0794415416798357,3.6375861597263857
0ehufw,0,0,0,0,0,1,3,0,5,0,0,0,0,0,0,0.0,0.0,0.0,1151,1151,0.0008680555555555555,0.9991319444444444,0,0,1,1,0,1,1,0.5,1.0,1.0,0,0,1,0,0,1,6,2.584962500721156,0,0,0,0,1,1,0,0,6,573,0,0,0,1,1,0,0,0,0,0,0,0,8,32,2.1972245773362196,3.4965075614664802
0ek1zb,0,0,0,0,0,1,3,3,2,0,0,0,0,0,0,0.0,0.0,0.0,1151,1151,0.0008680555555555555,0.9991319444444444,0,0,1,1,0,1,1,0.5,1.0,1.0,0,0,1,0,0,1,6,2.584962500721156,0,0,0,0,1,1,0,0,6,769,0,0,0,1,1,0,0,0,0,0,0,0,8,27,2.1972245773362196,3.332204510175204
0emuzr,0,0,0,0,0,1,2,3,8,0,0,0,0,0,0,0.0,0.0,0.0,1151,1151,0.0008680555555555555,0.9991319444444444,0,0,1,1,0,1,1,0.5,1.0,1.0,0,0,1,0,0,1,6,2.584962500721156,0,0,0,0,1,1,0,0,6,623,0,0,0,1,1,0,0,0,0,0,0,0,10,30,2.3978952727983707,3.4339872044851463
0eszvmfk55,0,0,0,0,0,1,1,1,0,0,7,9,0,0,16,3.5,8.0,0.00857843137254902,815,815,0.0012254901960784314,0.9987745098039216,0,0,1,1,0,1,1,0.5,0.058823529411764705,0.125,0,0,1,0,0,1,10,3.121928094887362,0,0,0,0,0,0,0,0,159,1419,0,0,0,4,1,0,0,0,0,0,0,0,10,37,2.3978952727983707,3.6375861597263857
0eye-vision-mcp,0,0,0,0,0,3,1,0,3,0,5,3,0,0,8,1.25,2.0,0.23809523809523808,20,20,0.14285714285714285,0.9523809523809523,1,1,0,1,0,1,1,0.25,0.1111111111111111,0.16666666666666666,0,0,3,1,0,1,15,3.5068905956085183,0,0,0,0,1,0,0,0,52,3442,0,0,0,1,1,0,0,0,0,0,0,0,33,524,3.5263605246161616,6.263398262591624
0f,0,0,0,0,0,1,1,0,0,0,1,0,0,0,1,0.5,0.5,0.00048007681228996637,2082,1549,0.00048007681228996637,0.743638982237158,0,0,1,1,0,1,1,0.5,0.5,0.5,0,0,1,0,0,1,2,1.0,1,1,1,1,1,1,1,4,21,28,0,1,0,1,1,0,0,0,0,0,0,0,249,759,5.521460917862246,6.633318433280377
0f6ac26ieyiqe6gx,0,0,0,0,0,1,1,0,0,0,3,0,0,0,3,1.5,1.5,0.003663003663003663,818,818,0.001221001221001221,0.9987789987789988,0,0,1,1,0,1,1,0.5,0.25,0.25,0,0,1,0,0,1,16,3.452819531114783,0,0,0,0,1,1,1,2,9,28,0,0,0,1,1,0,0,0,0,0,0,0,9,30,2.302585092994046,3.4339872044851463
0f75hp,0,0,0,0,0,1,3,0,0,0,0,0,0,0,0,0.0,0.0,0.0,1151,1151,0.0008680555555555555,0.9991319444444444,0,0,1,1,0,1,1,0.5,1.0,1.0,0,0,1,0,0,1,6,2.584962500721156,0,0,0,0,1,1,0,0,6,534,0,0,0,1,1,0,0,0,0,0,0,0,6,27,1.9459101490553132,3.332204510175204
0fapynyyzv,0,0,0,0,0,1,1,0,0,0,1,0,0,0,1,0.5,0.5,0.0026954177897574125,370,370,0.0026954177897574125,0.9973045822102425,0,0,0,1,0,1,1,0.5,0.5,0.5,0,0,1,0,0,1,10,2.8464393446710154,1,1,1,1,1,0,1,4,24,191,0,0,0,2,1,0,0,0,0,0,0,0,12,39,2.5649493574615367,3.6888794541139363
0fbhgd,0,0,0,0,0,1,1,0,6,0,0,0,0,0,0,0.0,0.0,0.0,1153,1153,0.0008665511265164644,0.9991334488734835,0,0,1,1,0,1,1,0.5,1.0,1.0,0,0,1,0,0,1,6,2.584962500721156,0,0,0,0,1,1,0,0,6,594,0,0,0,1,1,0,0,0,0,0,0,0,10,33,2.3978952727983707,3.5263605246161616
0fczce,0,0,0,0,0,1,3,0,3,0,0,0,0,0,0,0.0,0.0,0.0,1151,1151,0.0008680555555555555,0.9991319444444444,0,0,1,1,0,1,1,0.5,1.0,1.0,0,0,1,0,0,1,6,2.2516291673878226,0,0,0,0,1,1,0,0,6,561,0,0,0,1,1,0,0,0,0,0,0,0,9,30,2.302585092994046,3.4339872044851463
0fe73m,0,0,0,0,0,1,3,2,9,0,0,0,0,0,0,0.0,0.0,0.0,1151,1151,0.0008680555555555555,0.9991319444444444,0,0,1,1,0,1,1,0.5,1.0,1.0,0,0,1,0,0,1,6,2.584962500721156,0,0,0,0,1,1,0,0,6,647,0,0,0,1,1,0,0,0,0,0,0,0,5,31,1.791759469228055,3.4657359027997265
0fetch,0,0,0,0,0,1,0,0,0,0,0,0,0,0,0,0.0,0.0,0.0,2030,1549,0.0004923682914820286,0.7626784835056623,0,0,1,1,0,1,1,0.5,1.0,1.0,0,0,1,0,0,1,6,2.584962500721156,0,0,0,0,1,0,0,0,0,28,1,0,0,0,0,0,0,0,0,0,0,0,10,41,2.3978952727983707,3.7376696182833684
0fgohizzfbbl,0,0,0,0,0,2,0,12,0,0,0,0,0,0,0,0.0,0.0,0.0,421,420,0.004739336492890996,0.995260663507109,0,0,0,1,0,1,1,0.3333333333333333,1.0,1.0,0,0,1,0,0,1,12,3.0849625007211556,0,0,0,0,1,0,0,0,42,28,0,0,0,1,1,0,0,0,0,0,0,0,8,41,2.1972245773362196,3.7376696182833684
0fgpvmhzcuwe,0,0,0,0,0,24,2,24,17,0,0,0,0,0,0,0.0,0.0,0.0,490,489,0.048879837067209775,0.9959266802443992,0,0,0,1,0,1,1,0.04,1.0,1.0,0,0,1,0,0,1,12,3.584962500721156,0,0,0,0,1,0,0,0,31,28,0,0,0,1,1,0,0,0,0,0,0,0,6,114,1.9459101490553132,4.74493212836325
0file-system,0,0,0,0,0,7,0,3,0,0,0,34,0,0,34,0.0,4.25,0.0,1231,744,0.005681818181818182,0.6038961038961039,0,0,1,1,0,1,1,0.125,0.02857142857142857,1.0,0,0,2,1,0,1,12,3.2516291673878226,1,1,1,1,1,1,1,3,4,360,0,0,0,11,1,0,0,0,1,0,1,1,946,2410,6.853299093186078,7.787796878181171
0fiol0,0,0,0,0,0,1,1,2,9,0,0,0,0,0,0,0.0,0.0,0.0,1151,1151,0.0008680555555555555,0.9991319444444444,0,0,1,1,0,1,1,0.5,1.0,1.0,0,0,1,0,0,1,6,2.2516291673878226,0,0,0,0,1,1,0,0,6,676,0,0,0,1,1,0,0,0,0,0,0,0,6,26,1.9459101490553132,3.295836866004329
0flux,0,0,0,0,0,4,0,0,4,0,0,0,0,0,0,0.0,0.0,0.0,3861,1480,0.0010357327809425167,0.3832211289487312,0,0,1,1,0,1,1,0.2,1.0,1.0,0,0,1,0,0,1,5,2.321928094887362,1,1,0,0,1,1,0,0,22,1197,0,0,0,1,1,0,0,0,0,0,0,0,8,48,2.1972245773362196,3.8918202981106265
0fme5v,0,0,0,0,0,1,3,2,8,0,0,0,0,0,0,0.0,0.0,0.0,1151,1151,0.0008680555555555555,0.9991319444444444,0,0,1,1,0,1,1,0.5,1.0,1.0,0,0,1,0,0,1,6,2.584962500721156,0,0,0,0,1,1,0,0,6,513,0,0,0,1,1,0,0,0,0,0,0,0,6,28,1.9459101490553132,3.367295829986474
0fx7g2,0,0,0,0,0,1,2,2,2,0,0,0,0,0,0,0.0,0.0,0.0,1151,1151,0.0008680555555555555,0.9991319444444444,0,0,1,1,0,1,1,0.5,1.0,1.0,0,0,1,0,0,1,6,2.584962500721156,0,0,0,0,1,1,0,0,6,634,0,0,0,1,1,0,0,0,0,0,0,0,9,33,2.302585092994046,3.5263605246161616
0g,0,0,0,0,0,22,0,4,2,0,3,7,0,0,10,0.13043478260869565,0.43478260869565216,0.001487357461576599,2016,772,0.010907288051561725,0.38274665344571146,0,0,1,1,0,1,1,0.043478260869565216,0.09090909090909091,0.25,0,0,1,0,0,1,2,1.0,1,1,1,1,1,1,0,0,45,12544,0,1,0,4,1,0,0,0,0,0,0,0,500,2064,6.2166061010848646,7.632885505395133
0g-agent-kit,0,0,0,0,0,5,2,2,0,0,5,0,0,0,5,0.8333333333333334,0.8333333333333334,0.017985611510791366,277,277,0.017985611510791366,0.9964028776978417,0,0,0,1,0,1,1,0.16666666666666666,0.16666666666666666,0.16666666666666666,0,0,3,1,0,1,12,3.084962500721156,1,1,1,1,1,1,0,0,35,28,0,0,0,1,1,0,0,0,0,0,0,0,12,70,2.5649493574615367,4.2626798770413155
0g-aura,0,0,0,0,0,48,0,4,31,0,5,3,0,0,8,0.10204081632653061,0.16326530612244897,0.04672897196261682,106,23,0.4485981308411215,0.21495327102803738,1,0,0,1,0,1,1,0.02040816326530612,0.1111111111111111,0.16666666666666666,0,0,2,1,0,1,7,2.5216406363433186,0,0,0,0,1,0,1,6,43,4050,0,0,0,5,1,0,0,0,1,0,1,1,63,475,4.1588830833596715,6.16541785423142
0g-box2d,0,0,0,0,0,3,0,0,4,0,2,4,0,2,8,0.5,2.0,0.0009915716410510659,2016,1549,0.001487357461576599,0.7679722359940506,0,0,1,1,0,1,1,0.25,0.1111111111111111,0.3333333333333333,0,0,2,1,0,1,8,3.0,0,0,0,0,1,1,0,0,19,28,0,0,0,10,1,0,0,0,0,0,1,1,10,74,2.3978952727983707,4.31748811353631
0g-da-contract,0,0,0,0,0,1,0,0,1,0,0,0,0,0,0,0.0,0.0,0.0,650,650,0.0015360983102918587,0.9984639016897081,0,0,0,0,1,0,1,0.0,0.0,0.0,0,0,3,1,0,1,14,3.2359263506290334,1,0,0,0,0,0,0,0,24,0,0,0,0,0,0,0,0,0,0,0,0,0,24,253,3.2188758248682006,5.537334267018537
0g-editor,0,0,0,0,0,2,0,0,4,0,10,13,0,4,27,3.3333333333333335,9.0,0.004982561036372696,2006,1151,0.000996512207274539,0.5734927752864972,0,0,1,1,0,1,1,0.3333333333333333,0.03571428571428571,0.09090909090909091,0,0,2,1,0,1,9,3.169925001442312,1,1,1,1,1,1,0,0,27,28,0,0,1,10,1,0,0,0,0,0,1,1,10,54,2.3978952727983707,4.007333185232471
0g-kit,0,0,0,0,0,10,1,0,9,0,4,1,0,0,5,0.36363636363636365,0.45454545454545453,0.012461059190031152,320,124,0.03115264797507788,0.3862928348909657,0,0,0,1,0,1,1,0.09090909090909091,0.16666666666666666,0.2,0,0,2,1,0,1,6,2.584962500721156,0,0,0,0,1,1,0,0,54,11862,0,0,0,2,1,0,0,0,0,0,0,0,17,100,2.8903717578961645,4.61512051684126
0g-memory-sdk,0,0,0,0,0,3,0,1,2,0,2,3,0,0,5,0.5,1.25,0.0425531914893617,46,46,0.06382978723404255,0.9787234042553191,0,0,0,1,0,1,1,0.25,0.16666666666666666,0.3333333333333333,0,0,3,1,0,1,13,3.3927474104487847,1,1,1,1,1,1,1,8,90,8878,0,0,0,3,1,0,0,0,0,0,0,0,12,59,2.5649493574615367,4.0943445622221
0g-orbit,0,0,0,0,0,5,0,2,3,0,6,3,0,0,9,1.0,1.5,0.06741573033707865,88,23,0.056179775280898875,0.25842696629213485,1,0,0,1,0,1,1,0.16666666666666666,0.1,0.14285714285714285,0,0,2,1,0,1,8,3.0,1,1,1,1,1,1,1,11,84,4069,0,0,0,6,1,0,0,0,0,0,1,1,8,157,2.1972245773362196,5.062595033026967
0g-orbit-cli,0,0,0,0,0,1,0,1,0,0,4,2,0,0,6,2.0,3.0,0.0449438202247191,88,23,0.011235955056179775,0.25842696629213485,1,0,0,1,0,1,1,0.5,0.14285714285714285,0.2,0,0,3,1,0,1,12,3.2516291673878226,0,0,0,0,1,0,1,4,59,28,0,0,1,4,1,0,0,0,0,0,0,0,11,93,2.4849066497880004,4.543294782270004
0g-orbit-core,0,0,0,0,0,1,0,1,0,0,3,2,0,0,5,1.5,2.5,0.033707865168539325,88,23,0.011235955056179775,0.25842696629213485,1,0,0,1,0,1,1,0.5,0.16666666666666666,0.25,0,0,3,1,0,1,13,3.238901256602631,0,0,0,0,1,0,1,5,66,28,0,0,1,5,1,0,0,0,0,0,0,0,10,101,2.3978952727983707,4.624972813284271
0g-react,0,0,0,0,0,3,0,0,4,0,0,24,0,2,26,0.0,6.5,0.0,2016,1151,0.001487357461576599,0.5706494794248884,0,0,1,1,0,1,1,0.25,0.037037037037037035,1.0,0,0,2,1,0,1,8,3.0,1,1,1,1,1,1,0,0,18,33,0,0,1,13,1,0,0,0,0,0,1,1,14,51,2.70805020110221,3.9512437185814275
0g-sdk-explorer,0,0,0,0,0,1,1,0,0,0,4,3,0,0,7,2.0,3.5,0.06666666666666667,59,59,0.016666666666666666,0.9833333333333333,0,0,0,1,0,1,1,0.5,0.125,0.2,0,0,3,1,0,1,15,3.506890595608519,0,0,0,0,0,0,0,0,36,2234,0,0,0,18,1,0,0,0,0,0,0,0,5,44,1.791759469228055,3.8066624897703196
0g-serving-broker,0,0,0,0,0,18,0,7,2,0,38,22,0,5,65,2.0,3.4210526315789473,0.06518010291595197,582,138,0.030874785591766724,0.2367066895368782,0,0,0,1,0,1,1,0.05263157894736842,0.015151515151515152,0.02564102564102564,0,0,3,1,0,1,17,3.4548223999466066,1,1,1,1,1,1,0,0,29,8615,0,0,0,13,1,0,0,0,1,0,1,1,40,269,3.713572066704308,5.598421958998375
0g-storage-contracts,0,0,0,0,0,1,0,0,1,0,0,0,0,0,0,0.0,0.0,0.0,660,660,0.0015128593040847202,0.9984871406959153,0,0,0,0,1,0,1,0.0,0.0,0.0,0,0,3,1,0,1,20,3.384183719779189,1,0,0,0,0,0,0,0,24,0,0,0,0,0,0,0,0,0,0,0,0,0,22,257,3.1354942159291497,5.552959584921617
0g-vector-search,0,0,0,0,0,1,0,1,0,0,1,4,0,0,5,0.5,2.5,0.008620689655172414,115,115,0.008620689655172414,0.9913793103448276,0,0,0,1,0,1,1,0.5,0.16666666666666666,0.5,0,0,3,1,0,1,16,3.5,1,1,1,1,1,1,1,6,96,4551,0,0,0,5,1,0,0,0,0,0,0,0,10,32,2.3978952727983707,3.4965075614664802
0g-vibekit,0,0,0,0,0,1,0,1,0,0,5,6,0,0,11,2.5,5.5,0.030303030303030304,164,164,0.006060606060606061,0.9939393939393939,0,0,0,1,0,1,1,0.5,0.08333333333333333,0.16666666666666666,0,0,2,1,0,1,10,3.121928094887362,1,1,1,1,1,1,1,9,89,4831,0,0,0,5,1,0,0,0,0,0,1,1,11,37,2.4849066497880004,3.6375861597263857
0g-wagmi,0,0,0,0,0,4,1,0,3,0,0,10,0,7,17,0.0,3.4,0.0,272,239,0.014652014652014652,0.8754578754578755,0,0,0,1,0,1,1,0.2,0.05555555555555555,1.0,0,0,2,1,0,1,8,2.75,1,1,1,1,1,1,1,5,34,24740,0,0,0,3,1,0,0,0,0,0,0,0,16,60,2.833213344056216,4.110873864173311
0g-zksettlement-client,0,0,0,0,0,1,1,0,0,0,3,5,0,0,8,1.5,4.0,0.004792332268370607,625,625,0.001597444089456869,0.9984025559105432,0,0,0,1,0,1,1,0.5,0.1111111111111111,0.25,0,0,3,1,0,1,22,3.459431618637297,0,0,0,0,1,0,0,0,0,24,1,0,0,1,1,0,0,0,0,0,0,0,9,33,2.302585092994046,3.5263605246161616
0g1xhlcvag,0,0,0,0,0,1,2,1,0,0,7,9,0,0,16,3.5,8.0,0.008849557522123894,790,790,0.0012642225031605564,0.9987357774968394,0,0,1,1,0,1,1,0.5,0.058823529411764705,0.125,0,0,1,0,0,1,10,3.121928094887362,0,0,0,0,0,0,0,0,159,1419,0,0,0,4,1,0,0,0,0,0,0,0,7,32,2.0794415416798357,3.4965075614664802
0g34mq2ozi,0,0,0,0,0,1,1,1,0,0,7,9,0,0,16,3.5,8.0,0.008557457212713936,817,817,0.0012224938875305623,0.9987775061124694,0,0,1,1,0,1,1,0.5,0.058823529411764705,0.125,0,0,1,0,0,1,10,3.321928094887362,0,0,0,0,0,0,0,0,159,1419,0,0,0,4,1,0,0,0,0,0,0,0,9,29,2.302585092994046,3.4011973816621555
0g4xrq,0,0,0,0,0,1,2,1,5,0,0,0,0,0,0,0.0,0.0,0.0,1152,1152,0.0008673026886383347,0.9991326973113617,0,0,1,1,0,1,1,0.5,1.0,1.0,0,0,1,0,0,1,6,2.584962500721156,0,0,0,0,1,1,0,0,6,637,0,0,0,1,1,0,0,0,0,0,0,0,9,29,2.302585092994046,3.4011973816621555
0g847r,0,0,0,0,0,1,1,1,2,0,0,0,0,0,0,0.0,0.0,0.0,1152,1152,0.0008673026886383347,0.9991326973113617,0,0,1,1,0,1,1,0.5,1.0,1.0,0,0,1,0,0,1,6,2.584962500721156,0,0,0,0,1,1,0,0,6,501,0,0,0,1,1,0,0,0,0,0,0,0,8,30,2.1972245773362196,3.4339872044851463
0g9n5t,0,0,0,0,0,1,1,1,0,0,0,0,0,0,0,0.0,0.0,0.0,1153,1153,0.0008665511265164644,0.9991334488734835,0,0,1,1,0,1,1,0.5,1.0,1.0,0,0,1,0,0,1,6,2.584962500721156,0,0,0,0,1,1,0,0,6,682,0,0,0,1,1,0,0,0,0,0,0,0,50,134,3.9318256327243257,4.90527477843843
0ge1vbtajv,0,0,0,0,0,1,1,1,0,0,7,9,0,0,16,3.5,8.0,0.008620689655172414,811,811,0.0012315270935960591,0.9987684729064039,0,0,1,1,0,1,1,0.5,0.058823529411764705,0.125,0,0,1,0,0,1,10,3.1219280948873624,0,0,0,0,0,0,0,0,159,1419,0,0,0,4,1,0,0,0,0,0,0,0,8,38,2.1972245773362196,3.6635616461296463
0gead95yy9,0,0,0,0,0,1,0,1,0,0,4,9,0,0,13,2.0,6.5,0.004830917874396135,827,827,0.0012077294685990338,0.998792270531401,0,0,1,1,0,1,1,0.5,0.07142857142857142,0.2,0,0,1,0,0,1,10,2.9219280948873623,0,0,0,0,0,0,0,0,159,1419,0,0,0,4,1,0,0,0,0,0,0,0,9,38,2.302585092994046,3.6635616461296463
0gf4jq,0,0,0,0,0,1,2,2,1,0,0,0,0,0,0,0.0,0.0,0.0,1151,1151,0.0008680555555555555,0.9991319444444444,0,0,1,1,0,1,1,0.5,1.0,1.0,0,0,1,0,0,1,6,2.584962500721156,0,0,0,0,1,1,0,0,6,623,0,0,0,1,1,0,0,0,0,0,0,0,8,33,2.1972245773362196,3.5263605246161616
0gg,0,0,0,0,0,5,0,0,6,0,1,3,0,1,5,0.16666666666666666,0.8333333333333334,0.0007293946024799417,1370,1226,0.0036469730123997084,0.8942377826404084,0,0,1,3,0,0,0,0.5,0.5,1.5,0,0,1,0,0,1,3,0.9182958340544896,0,0,0,0,0,0,0,0,23,650,0,1,0,6,1,0,0,0,0,0,1,1,11,90,2.4849066497880004,4.51085950651685
0git,0,0,0,0,0,1,0,0,5,0,0,2,0,1,3,0.0,1.5,0.0,1260,1260,0.0007930214115781126,0.9992069785884219,0,0,1,1,0,1,1,0.5,0.25,1.0,0,0,1,0,0,1,4,2.0,1,1,1,1,1,1,1,4,46,308,0,0,0,1,1,0,0,0,0,0,0,0,6,29,1.9459101490553132,3.4011973816621555
0gizzdnafosb,0,0,0,0,0,2,0,12,0,0,0,0,0,0,0,0.0,0.0,0.0,438,437,0.004555808656036446,0.9954441913439636,0,0,0,1,0,1,1,0.3333333333333333,1.0,1.0,0,0,1,0,0,1,12,3.418295834054489,0,0,0,0,1,0,0,0,42,28,0,0,0,1,1,0,0,0,0,0,0,0,6,43,1.9459101490553132,3.784189633918261
0gjfrtluhmct,0,0,0,0,0,2,0,12,0,0,0,0,0,0,0,0.0,0.0,0.0,347,346,0.005747126436781609,0.9942528735632183,0,0,0,1,0,1,1,0.3333333333333333,1.0,1.0,0,0,1,0,0,1,12,3.4182958340544896,0,0,0,0,1,0,0,0,42,28,0,0,0,1,1,0,0,0,0,0,0,0,6,35,1.9459101490553132,3.58351893845611
0gk7mck06x,0,0,0,0,0,1,2,1,0,0,7,9,0,0,16,3.5,8.0,0.008860759493670886,789,789,0.0012658227848101266,0.9987341772151899,0,0,1,1,0,1,1,0.5,0.058823529411764705,0.125,0,0,1,0,0,1,10,2.9219280948873623,0,0,0,0,0,0,0,0,159,1419,0,0,0,4,1,0,0,0,0,0,0,0,8,36,2.1972245773362196,3.6109179126442243
0gq061,0,0,0,0,0,1,2,3,8,0,0,0,0,0,0,0.0,0.0,0.0,1152,1152,0.0008673026886383347,0.9991326973113617,0,0,1,1,0,1,1,0.5,1.0,1.0,0,0,1,0,0,1,6,2.2516291673878226,0,0,0,0,1,1,0,0,6,557,0,0,0,1,1,0,0,0,0,0,0,0,10,31,2.3978952727983707,3.4657359027997265
0gql,0,0,0,0,0,9,0,0,10,0,3,8,0,0,11,0.3,1.1,0.002170767004341534,1381,1172,0.006512301013024602,0.8480463096960926,0,0,1,1,0,1,1,0.1,0.08333333333333333,0.25,0,0,1,0,0,1,4,2.0,1,1,1,1,1,1,0,0,20,994,0,0,0,5,1,0,0,0,0,0,0,0,25,95,3.258096538021482,4.564348191467836
0grgdeghrt00,0,0,0,0,0,1,2,0,0,0,0,0,0,0,0,0.0,0.0,0.0,1527,1527,0.0006544502617801048,0.9993455497382199,0,0,1,1,0,1,1,0.5,1.0,1.0,0,0,1,0,0,1,12,2.625814583693911,0,0,0,0,1,1,1,1,10,28,0,0,0,1,1,0,0,0,0,0,0,0,7,36,2.0794415416798357,3.6109179126442243
0gts-0dce-0ahs,0,0,0,0,0,1,1,0,1778921717,0,0,0,0,0,0,0.0,0.0,0.0,46,46,0.02127659574468085,0.9787234042553191,0,0,0,1,0,1,1,0.5,1.0,1.0,0,0,3,1,0,1,14,3.182005814760214,0,0,0,0,0,0,0,0,0,0,1,0,0,0,0,0,0,0,0,0,0,0,6,28,1.9459101490553132,3.367295829986474
0gwc0y,0,0,0,0,0,1,1,1,5,0,0,0,0,0,0,0.0,0.0,0.0,1153,1153,0.0008665511265164644,0.9991334488734835,0,0,1,1,0,1,1,0.5,1.0,1.0,0,0,1,0,0,1,6,2.2516291673878226,0,0,0,0,1,1,0,0,6,528,0,0,0,1,1,0,0,0,0,0,0,0,10,39,2.3978952727983707,3.6888794541139363
0gx2odzeqlne,0,0,0,0,0,24,2,24,18,0,0,0,0,0,0,0.0,0.0,0.0,250,249,0.09561752988047809,0.9920318725099602,0,0,0,1,0,1,1,0.04,1.0,1.0,0,0,1,0,0,1,12,3.4182958340544896,0,0,0,0,1,0,0,0,31,28,0,0,0,1,1,0,0,0,0,0,0,0,37,191,3.6375861597263857,5.2574953720277815
0h,0,0,0,0,0,1,0,0,1,0,0,0,0,0,0,0.0,0.0,0.0,2,2,0.3333333333333333,0.6666666666666666,1,1,0,0,1,0,1,0.0,0.0,0.0,0,0,1,0,0,1,2,1.0,1,0,0,0,0,0,0,0,24,0,0,1,0,0,0,0,0,0,0,0,0,0,327,405,5.793013608384144,6.0063531596017325
0h0bhq,0,0,0,0,0,1,1,0,7,0,0,0,0,0,0,0.0,0.0,0.0,1151,1151,0.0008680555555555555,0.9991319444444444,0,0,1,1,0,1,1,0.5,1.0,1.0,0,0,1,0,0,1,6,1.9182958340544896,0,0,0,0,1,1,0,0,6,596,0,0,0,1,1,0,0,0,0,0,0,0,6,30,1.9459101490553132,3.4339872044851463
0haewq0jx6,0,0,0,0,0,1,1,1,0,0,7,9,0,0,16,3.5,8.0,0.00857843137254902,815,815,0.0012254901960784314,0.9987745098039216,0,0,1,1,0,1,1,0.5,0.058823529411764705,0.125,0,0,1,0,0,1,10,3.1219280948873624,0,0,0,0,0,0,0,0,159,1419,0,0,0,4,1,0,0,0,0,0,0,0,10,43,2.3978952727983707,3.784189633918261
0hgryn3z8a,0,0,0,0,0,1,2,1,0,0,7,9,0,0,16,3.5,8.0,0.008894536213468869,786,786,0.0012706480304955528,0.9987293519695044,0,0,1,1,0,1,1,0.5,0.058823529411764705,0.125,0,0,1,0,0,1,10,3.321928094887362,0,0,0,0,0,0,0,0,159,1419,0,0,0,4,1,0,0,0,0,0,0,0,6,37,1.9459101490553132,3.6375861597263857
0hgus5sbm5,0,0,0,0,0,1,1,1,0,0,7,9,0,0,16,3.5,8.0,0.008557457212713936,817,817,0.0012224938875305623,0.9987775061124694,0,0,1,1,0,1,1,0.5,0.058823529411764705,0.125,0,0,1,0,0,1,10,2.9219280948873623,0,0,0,0,0,0,0,0,159,1419,0,0,0,4,1,0,0,0,0,0,0,0,8,39,2.1972245773362196,3.6888794541139363
0hi0v3,0,0,0,0,0,1,3,2,7,0,0,0,0,0,0,0.0,0.0,0.0,1151,1151,0.0008680555555555555,0.9991319444444444,0,0,1,1,0,1,1,0.5,1.0,1.0,0,0,1,0,0,1,6,2.2516291673878226,0,0,0,0,1,1,0,0,6,739,0,0,0,1,1,0,0,0,0,0,0,0,7,32,2.0794415416798357,3.4965075614664802
0hmt3svyzdyu,0,0,0,0,0,2,0,12,0,0,0,0,0,0,0,0.0,0.0,0.0,8,7,0.2222222222222222,0.7777777777777778,1,1,0,1,0,1,1,0.3333333333333333,1.0,1.0,0,0,1,0,0,1,12,3.418295834054489,0,0,0,0,1,0,0,0,42,28,0,0,0,1,1,0,0,0,0,0,0,0,327,327,5.793013608384144,5.793013608384144
0hook,0,0,0,0,0,19,1,8,0,0,0,64,0,1,65,0.0,3.25,0.0,1300,311,0.014604150653343582,0.23904688700999233,0,0,0,1,0,1,1,0.05,0.015151515151515152,1.0,0,0,1,0,0,1,5,1.9219280948873623,1,1,1,1,1,1,1,2,11,407,0,0,0,9,1,0,0,0,1,0,1,1,35,178,3.58351893845611,5.187385805840755
0hookv,0,0,0,0,0,1,0,0,1,0,2,38,0,0,40,1.0,20.0,0.0020408163265306124,979,979,0.0010204081632653062,0.9989795918367347,0,0,1,1,0,1,1,0.5,0.024390243902439025,0.3333333333333333,0,0,1,0,0,1,6,2.2516291673878226,0,0,0,0,0,0,0,0,15,25,0,0,0,12,1,0,0,0,0,0,0,0,14,78,2.70805020110221,4.3694478524670215
0hookv-demo,0,0,0,0,0,1,0,0,1,0,2,38,0,0,40,1.0,20.0,0.0020408163265306124,979,979,0.0010204081632653062,0.9989795918367347,0,0,1,1,0,1,1,0.5,0.024390243902439025,0.3333333333333333,0,0,2,1,0,1,11,3.027169118440619,0,0,0,0,0,0,0,0,15,25,0,0,0,12,1,0,0,0,0,0,0,0,9,44,2.302585092994046,3.8066624897703196
0hsjbmx8fj,0,0,0,0,0,1,2,1,0,0,7,9,0,0,16,3.5,8.0,0.008860759493670886,789,789,0.0012658227848101266,0.9987341772151899,0,0,1,1,0,1,1,0.5,0.058823529411764705,0.125,0,0,1,0,0,1,10,3.1219280948873624,0,0,0,0,0,0,0,0,159,1419,0,0,0,4,1,0,0,0,0,0,0,0,7,33,2.0794415416798357,3.5263605246161616
0hsxoh0err,0,0,0,0,0,1,2,1,0,0,7,9,0,0,16,3.5,8.0,0.008849557522123894,790,790,0.0012642225031605564,0.9987357774968394,0,0,1,1,0,1,1,0.5,0.058823529411764705,0.125,0,0,1,0,0,1,10,2.7219280948873625,0,0,0,0,0,0,0,0,159,1419,0,0,0,4,1,0,0,0,0,0,0,0,6,31,1.9459101490553132,3.4657359027997265
0ht5d6srq3,0,0,0,0,0,1,1,1,0,0,7,9,0,0,16,3.5,8.0,0.008588957055214725,814,814,0.001226993865030675,0.9987730061349693,0,0,1,1,0,1,1,0.5,0.058823529411764705,0.125,0,0,1,0,0,1,10,3.321928094887362,0,0,0,0,0,0,0,0,159,1419,0,0,0,4,1,0,0,0,0,0,0,0,10,38,2.3978952727983707,3.6635616461296463
0http,0,0,0,0,0,44,5,1,0,0,3,9,0,0,12,0.06666666666666667,0.26666666666666666,0.001125703564727955,2664,10,0.01651031894934334,0.00375234521575985,1,0,0,1,0,1,1,0.022222222222222223,0.07692307692307693,0.25,0,0,1,0,0,1,5,1.9219280948873623,1,1,1,1,1,1,1,4,54,1403,0,0,0,3,1,0,0,0,0,0,0,0,10175,36003,9.227787285579904,10.491385322376976
0http-bun,0,0,0,0,0,16,1,3,0,0,2,8,0,0,10,0.11764705882352941,0.5882352941176471,0.001514004542013626,1320,144,0.012112036336109008,0.10900832702498107,0,0,0,1,0,1,1,0.058823529411764705,0.09090909090909091,0.3333333333333333,0,0,2,1,0,1,9,2.94770277922009,1,1,1,1,1,1,1,6,13,34619,0,0,0,4,1,0,0,0,0,0,0,0,228,2051,5.43372200355424,7.62657020629066
0hub,0,0,0,0,0,1,1,0,0,0,17,38,0,0,55,8.5,27.5,0.005094396164219359,3336,1480,0.00029967036260113877,0.44351213664968536,0,0,1,1,0,1,1,0.5,0.017857142857142856,0.05555555555555555,0,0,1,0,0,1,4,2.0,1,1,1,1,1,1,0,0,28,236,0,0,0,5,1,0,0,0,0,0,0,0,14,43,2.70805020110221,3.784189633918261
0huwf2,0,0,0,0,0,1,2,1,6,0,0,0,0,0,0,0.0,0.0,0.0,1151,1151,0.0008680555555555555,0.9991319444444444,0,0,1,1,0,1,1,0.5,1.0,1.0,0,0,1,0,0,1,6,2.584962500721156,0,0,0,0,1,1,0,0,6,523,0,0,0,1,1,0,0,0,0,0,0,0,9,34,2.302585092994046,3.5553480614894135
0hwhlw,0,0,0,0,0,1,1,2,7,0,0,0,0,0,0,0.0,0.0,0.0,1151,1151,0.0008680555555555555,0.9991319444444444,0,0,1,1,0,1,1,0.5,1.0,1.0,0,0,1,0,0,1,6,1.9182958340544893,0,0,0,0,1,1,0,0,6,663,0,0,0,1,1,0,0,0,0,0,0,0,9,29,2.302585092994046,3.4011973816621555
0hzbqr,0,0,0,0,0,1,2,0,6,0,0,0,0,0,0,0.0,0.0,0.0,1152,1152,0.0008673026886383347,0.9991326973113617,0,0,1,1,0,1,1,0.5,1.0,1.0,0,0,1,0,0,1,6,2.584962500721156,0,0,0,0,1,1,0,0,6,540,0,0,0,1,1,0,0,0,0,0,0,0,6,23,1.9459101490553132,3.1780538303479458
0i,0,0,0,0,0,1,1,0,0,0,1,0,0,0,1,0.5,0.5,0.00048007681228996637,2082,1549,0.00048007681228996637,0.743638982237158,0,0,1,1,0,1,1,0.5,0.5,0.5,0,0,1,0,0,1,2,1.0,1,1,1,1,1,1,1,4,21,28,0,1,0,1,1,0,0,0,0,0,0,0,29,164,3.4011973816621555,5.10594547390058
0i0,0,0,0,0,0,32,0,0,31,0,2,3,0,0,5,0.06060606060606061,0.15151515151515152,0.0009573958831977022,2088,1549,0.015318334131163236,0.7415031115366204,0,0,1,1,0,1,1,0.030303030303030304,0.16666666666666666,0.3333333333333333,0,0,1,0,0,1,3,0.9182958340544896,1,1,1,1,1,1,0,0,68,1676,0,1,0,1,1,0,0,0,0,0,0,0,43,165,3.784189633918261,5.111987788356544
0i40w3,0,0,0,0,0,1,2,1,0,0,0,0,0,0,0,0.0,0.0,0.0,1152,1152,0.0008673026886383347,0.9991326973113617,0,0,1,1,0,1,1,0.5,1.0,1.0,0,0,1,0,0,1,6,2.2516291673878226,0,0,0,0,1,1,0,0,6,659,0,0,0,1,1,0,0,0,0,0,0,0,43,130,3.784189633918261,4.875197323201151
0iby2s2wpg,0,0,0,0,0,1,2,1,0,0,7,9,0,0,16,3.5,8.0,0.008838383838383838,791,791,0.0012626262626262627,0.9987373737373737,0,0,1,1,0,1,1,0.5,0.058823529411764705,0.125,0,0,1,0,0,1,10,3.1219280948873624,0,0,0,0,0,0,0,0,159,1419,0,0,0,4,1,0,0,0,0,0,0,0,5,26,1.791759469228055,3.295836866004329
0igvbk,0,0,0,0,0,1,3,0,0,0,0,0,0,0,0,0.0,0.0,0.0,1153,1153,0.0008665511265164644,0.9991334488734835,0,0,1,1,0,1,1,0.5,1.0,1.0,0,0,1,0,0,1,6,2.584962500721156,0,0,0,0,1,1,0,0,6,547,0,0,0,1,1,0,0,0,0,0,0,0,12,31,2.5649493574615367,3.4657359027997265
0imy5b,0,0,0,0,0,1,1,1,1,0,0,0,0,0,0,0.0,0.0,0.0,1153,1153,0.0008665511265164644,0.9991334488734835,0,0,1,1,0,1,1,0.5,1.0,1.0,0,0,1,0,0,1,6,2.584962500721156,0,0,0,0,1,1,0,0,6,561,0,0,0,1,1,0,0,0,0,0,0,0,10,37,2.3978952727983707,3.6375861597263857
0inspect,0,0,0,0,0,2,0,0,2,0,2,0,0,0,2,0.6666666666666666,0.6666666666666666,0.0012845215157353885,1556,1549,0.0012845215157353885,0.9948619139370585,0,0,1,1,0,1,1,0.3333333333333333,0.3333333333333333,0.3333333333333333,0,0,1,0,0,1,8,3.0,1,1,1,1,1,1,1,8,38,2450,0,0,0,1,1,0,0,0,0,0,0,0,10,48,2.3978952727983707,3.8918202981106265
0inspector,0,0,0,0,0,2,0,1,1,0,2,5,0,3,10,0.6666666666666666,3.3333333333333335,0.028985507246376812,68,68,0.028985507246376812,0.9855072463768116,0,0,0,1,0,1,1,0.3333333333333333,0.09090909090909091,0.3333333333333333,0,0,1,0,0,1,10,3.321928094887362,1,1,1,1,1,1,1,6,137,0,0,0,0,4,1,0,0,0,0,0,0,0,14,54,2.70805020110221,4.007333185232471
0inspector-babel-plugin,0,0,0,0,0,2,0,1,1,0,0,8,0,1,9,0.0,3.0,0.0,68,68,0.028985507246376812,0.9855072463768116,0,0,0,1,0,1,1,0.3333333333333333,0.1,1.0,0,0,3,1,0,1,23,3.914866303883101,1,1,1,1,1,1,1,5,103,0,0,0,0,4,1,0,0,0,0,0,0,0,13,46,2.6390573296152584,3.8501476017100584
0inspector-runtime,0,0,0,0,0,2,0,1,1,0,1,10,0,2,13,0.3333333333333333,4.333333333333333,0.014492753623188406,68,68,0.028985507246376812,0.9855072463768116,0,0,0,1,0,1,1,0.3333333333333333,0.07142857142857142,0.5,0,0,2,1,0,1,18,3.6143694458867563,1,1,1,1,1,1,1,5,84,0,0,0,0,4,1,0,0,0,0,0,0,0,16,53,2.833213344056216,3.9889840465642745
0ipbe1,0,0,0,0,0,1,1,3,0,0,0,0,0,0,0,0.0,0.0,0.0,1153,1153,0.0008665511265164644,0.9991334488734835,0,0,1,1,0,1,1,0.5,1.0,1.0,0,0,1,0,0,1,6,2.584962500721156,0,0,0,0,1,1,0,0,6,565,0,0,0,1,1,0,0,0,0,0,0,0,6,27,1.9459101490553132,3.332204510175204
0ipbhd,0,0,0,0,0,1,2,1,2,0,0,0,0,0,0,0.0,0.0,0.0,1151,1151,0.0008680555555555555,0.9991319444444444,0,0,1,1,0,1,1,0.5,1.0,1.0,0,0,1,0,0,1,6,2.584962500721156,0,0,0,0,1,1,0,0,6,888,0,0,0,1,1,0,0,0,0,0,0,0,6,25,1.9459101490553132,3.258096538021482
0iq5k6,0,0,0,0,0,1,1,0,1,0,0,0,0,0,0,0.0,0.0,0.0,1152,1152,0.0008673026886383347,0.9991326973113617,0,0,1,1,0,1,1,0.5,1.0,1.0,0,0,1,0,0,1,6,2.584962500721156,0,0,0,0,1,1,0,0,6,748,0,0,0,1,1,0,0,0,0,0,0,0,8,25,2.1972245773362196,3.258096538021482
0iqhn73ru8,0,0,0,0,0,1,1,0,0,0,1,0,0,0,1,0.5,0.5,0.002688172043010753,371,371,0.002688172043010753,0.9973118279569892,0,0,0,1,0,1,1,0.5,0.5,0.5,0,0,1,0,0,1,10,3.321928094887362,1,1,1,1,1,0,1,4,24,191,0,0,0,2,1,0,0,0,0,0,0,0,10,30,2.3978952727983707,3.4339872044851463
0iw557,0,0,0,0,0,1,1,2,8,0,0,0,0,0,0,0.0,0.0,0.0,1152,1152,0.0008673026886383347,0.9991326973113617,0,0,1,1,0,1,1,0.5,1.0,1.0,0,0,1,0,0,1,6,2.2516291673878226,0,0,0,0,1,1,0,0,6,604,0,0,0,1,1,0,0,0,0,0,0,0,10,33,2.3978952727983707,3.5263605246161616
0iwapy,0,0,0,0,0,1,2,2,2,0,0,0,0,0,0,0.0,0.0,0.0,1152,1152,0.0008673026886383347,0.9991326973113617,0,0,1,1,0,1,1,0.5,1.0,1.0,0,0,1,0,0,1,6,2.584962500721156,0,0,0,0,1,1,0,0,6,538,0,0,0,1,1,0,0,0,0,0,0,0,9,34,2.302585092994046,3.5553480614894135
0iwyfr,0,0,0,0,0,1,2,0,5,0,0,0,0,0,0,0.0,0.0,0.0,1153,1153,0.0008665511265164644,0.9991334488734835,0,0,1,1,0,1,1,0.5,1.0,1.0,0,0,1,0,0,1,6,2.584962500721156,0,0,0,0,1,1,0,0,6,632,0,0,0,1,1,0,0,0,0,0,0,0,51,136,3.9512437185814275,4.919980925828125
0j,0,0,0,0,0,1,0,0,0,0,0,0,0,0,0,0.0,0.0,0.0,1841,1549,0.0005428881650380022,0.8409337676438654,0,0,1,1,0,1,1,0.5,1.0,1.0,0,0,1,0,0,1,2,1.0,0,0,0,0,1,0,0,0,0,0,1,1,0,0,0,0,0,0,0,0,0,0,10,35,2.3978952727983707,3.58351893845611
0j4kfj4s8s,0,0,0,0,0,1,2,1,0,0,7,9,0,0,16,3.5,8.0,0.008838383838383838,791,791,0.0012626262626262627,0.9987373737373737,0,0,1,1,0,1,1,0.5,0.058823529411764705,0.125,0,0,1,0,0,1,10,2.7219280948873625,0,0,0,0,0,0,0,0,159,1419,0,0,0,4,1,0,0,0,0,0,0,0,7,26,2.0794415416798357,3.295836866004329
0j5dai,0,0,0,0,0,1,3,3,5,0,0,0,0,0,0,0.0,0.0,0.0,1151,1151,0.0008680555555555555,0.9991319444444444,0,0,1,1,0,1,1,0.5,1.0,1.0,0,0,1,0,0,1,6,2.584962500721156,0,0,0,0,1,1,0,0,6,533,0,0,0,1,1,0,0,0,0,0,0,0,8,33,2.1972245773362196,3.5263605246161616
0j6edp,0,0,0,0,0,1,1,3,6,0,0,0,0,0,0,0.0,0.0,0.0,1153,1153,0.0008665511265164644,0.9991334488734835,0,0,1,1,0,1,1,0.5,1.0,1.0,0,0,1,0,0,1,6,2.584962500721156,0,0,0,0,1,1,0,0,6,582,0,0,0,1,1,0,0,0,0,0,0,0,9,28,2.302585092994046,3.367295829986474
0ja4oif1vd,0,0,0,0,0,1,1,1,0,0,7,9,0,0,16,3.5,8.0,0.008641975308641974,809,809,0.0012345679012345679,0.9987654320987654,0,0,1,1,0,1,1,0.5,0.058823529411764705,0.125,0,0,1,0,0,1,10,3.321928094887362,0,0,0,0,0,0,0,0,159,1419,0,0,0,4,1,0,0,0,0,0,0,0,8,32,2.1972245773362196,3.4965075614664802
0jjezaxqsm,0,0,0,0,0,1,1,1,0,0,7,9,0,0,16,3.5,8.0,0.008588957055214725,814,814,0.001226993865030675,0.9987730061349693,0,0,1,1,0,1,1,0.5,0.058823529411764705,0.125,0,0,1,0,0,1,10,3.121928094887362,0,0,0,0,0,0,0,0,159,1419,0,0,0,4,1,0,0,0,0,0,0,0,6,32,1.9459101490553132,3.4965075614664802
0jq6ng,0,0,0,0,0,1,1,0,3,0,0,0,0,0,0,0.0,0.0,0.0,1151,1151,0.0008680555555555555,0.9991319444444444,0,0,1,1,0,1,1,0.5,1.0,1.0,0,0,1,0,0,1,6,2.584962500721156,0,0,0,0,1,1,0,0,6,517,0,0,0,1,1,0,0,0,0,0,0,0,5,30,1.791759469228055,3.4339872044851463
0jun-test-dumb,0,0,0,0,0,1,0,0,1,0,0,5,0,0,5,0.0,2.5,0.0,2548,1549,0.00039231071008238524,0.6076892899176147,0,0,1,1,0,1,1,0.5,0.16666666666666666,1.0,0,0,3,1,0,1,14,3.378783493486176,1,1,1,1,1,1,1,2,20,28,0,0,0,1,1,0,0,0,0,0,0,0,11,51,2.4849066497880004,3.9512437185814275
0jxb7dbabnzt,0,0,0,0,0,2,0,12,0,0,0,0,0,0,0,0.0,0.0,0.0,521,520,0.0038314176245210726,0.9961685823754789,0,0,0,1,0,1,1,0.3333333333333333,1.0,1.0,0,0,1,0,0,1,12,3.188721875540867,0,0,0,0,1,0,0,0,42,28,0,0,0,1,1,0,0,0,0,0,0,0,8,37,2.1972245773362196,3.6375861597263857
0jxy9ahx_gkw,0,0,0,0,0,1,1,0,0,0,0,0,0,0,0,0.0,0.0,0.0,1181,1181,0.0008460236886632825,0.9991539763113367,0,0,1,1,0,1,1,0.5,1.0,1.0,0,0,2,0,0,1,12,3.418295834054489,0,0,0,0,1,0,1,1,8,1889,0,0,0,1,1,0,0,0,0,0,0,0,7,26,2.0794415416798357,3.295836866004329
0jxy9ahx_h0ga,0,0,0,0,0,1,1,0,0,0,0,0,0,0,0,0.0,0.0,0.0,1181,1181,0.0008460236886632825,0.9991539763113367,0,0,1,1,0,1,1,0.5,1.0,1.0,0,0,2,0,0,1,13,3.085055102756477,0,0,0,0,1,0,1,1,8,1889,0,0,0,1,1,0,0,0,0,0,0,0,6,25,1.9459101490553132,3.258096538021482
0k,0,0,0,0,0,1,0,0,1,0,0,0,0,0,0,0.0,0.0,0.0,2,2,0.3333333333333333,0.6666666666666666,1,1,0,0,1,0,1,0.0,0.0,0.0,0,0,1,0,0,1,2,1.0,1,0,0,0,0,0,0,0,24,0,0,1,0,0,0,0,0,0,0,0,0,0,327,403,5.793013608384144,6.0014148779611505
0k5472,0,0,0,0,0,1,3,3,2,0,0,0,0,0,0,0.0,0.0,0.0,1152,1152,0.0008673026886383347,0.9991326973113617,0,0,1,1,0,1,1,0.5,1.0,1.0,0,0,1,0,0,1,6,2.584962500721156,0,0,0,0,1,1,0,0,6,660,0,0,0,1,1,0,0,0,0,0,0,0,6,22,1.9459101490553132,3.1354942159291497
0k5c1m,0,0,0,0,0,1,3,3,8,0,0,0,0,0,0,0.0,0.0,0.0,1151,1151,0.0008680555555555555,0.9991319444444444,0,0,1,1,0,1,1,0.5,1.0,1.0,0,0,1,0,0,1,6,2.584962500721156,0,0,0,0,1,1,0,0,6,560,0,0,0,1,1,0,0,0,0,0,0,0,7,33,2.0794415416798357,3.5263605246161616
0k86qb7kfa,0,0,0,0,0,1,2,1,0,0,7,9,0,0,16,3.5,8.0,0.00902061855670103,775,775,0.001288659793814433,0.9987113402061856,0,0,1,1,0,1,1,0.5,0.058823529411764705,0.125,0,0,1,0,0,1,10,3.121928094887362,0,0,0,0,0,0,0,0,159,1419,0,0,0,4,1,0,0,0,0,0,0,0,6,34,1.9459101490553132,3.5553480614894135
0kaeyu,0,0,0,0,0,1,3,2,0,0,0,0,0,0,0,0.0,0.0,0.0,1152,1152,0.0008673026886383347,0.9991326973113617,0,0,1,1,0,1,1,0.5,1.0,1.0,0,0,1,0,0,1,6,2.584962500721156,0,0,0,0,1,1,0,0,6,754,0,0,0,1,1,0,0,0,0,0,0,0,6,30,1.9459101490553132,3.4339872044851463
0kb1z1hind,0,0,0,0,0,1,1,1,0,0,7,9,0,0,16,3.5,8.0,0.008588957055214725,814,814,0.001226993865030675,0.9987730061349693,0,0,1,1,0,1,1,0.5,0.058823529411764705,0.125,0,0,1,0,0,1,10,3.121928094887362,0,0,0,0,0,0,0,0,159,1419,0,0,0,4,1,0,0,0,0,0,0,0,9,42,2.302585092994046,3.7612001156935624
0kdb1ukjy1rx,0,0,0,0,0,24,2,24,18,0,0,0,0,0,0,0.0,0.0,0.0,382,381,0.06266318537859007,0.9947780678851175,0,0,0,1,0,1,1,0.04,1.0,1.0,0,0,1,0,0,1,12,3.2516291673878226,0,0,0,0,1,0,0,0,31,28,0,0,0,1,1,0,0,0,0,0,0,0,35,154,3.58351893845611,5.043425116919247
0kfdnf2sd7,0,0,0,0,0,1,2,1,0,0,7,9,0,0,16,3.5,8.0,0.00903225806451613,774,774,0.0012903225806451613,0.9987096774193548,0,0,1,1,0,1,1,0.5,0.058823529411764705,0.125,0,0,1,0,0,1,10,2.9219280948873623,0,0,0,0,0,0,0,0,159,1419,0,0,0,4,1,0,0,0,0,0,0,0,5,30,1.791759469228055,3.4339872044851463
0knh5iosjeqr,0,0,0,0,0,24,2,24,17,0,0,0,0,0,0,0.0,0.0,0.0,538,537,0.04452690166975881,0.9962894248608535,0,0,0,1,0,1,1,0.04,1.0,1.0,0,0,1,0,0,1,12,3.584962500721156,0,0,0,0,1,0,0,0,31,28,0,0,0,1,1,0,0,0,0,0,0,0,35,154,3.58351893845611,5.043425116919247
0kuiyfyai5,0,0,0,0,0,1,1,1,0,0,7,9,0,0,16,3.5,8.0,0.008588957055214725,814,814,0.001226993865030675,0.9987730061349693,0,0,1,1,0,1,1,0.5,0.058823529411764705,0.125,0,0,1,0,0,1,10,2.9219280948873623,0,0,0,0,0,0,0,0,159,1419,0,0,0,4,1,0,0,0,0,0,0,0,10,32,2.3978952727983707,3.4965075614664802
0kvyjzze7d,0,0,0,0,0,1,1,1,0,0,7,9,0,0,16,3.5,8.0,0.008620689655172414,811,811,0.0012315270935960591,0.9987684729064039,0,0,1,1,0,1,1,0.5,0.058823529411764705,0.125,0,0,1,0,0,1,10,3.121928094887362,0,0,0,0,0,0,0,0,159,1419,0,0,0,4,1,0,0,0,0,0,0,0,6,23,1.9459101490553132,3.1780538303479458
0kwuts,0,0,0,0,0,1,3,1,0,0,0,0,0,0,0,0.0,0.0,0.0,1151,1151,0.0008680555555555555,0.9991319444444444,0,0,1,1,0,1,1,0.5,1.0,1.0,0,0,1,0,0,1,6,2.584962500721156,0,0,0,0,1,1,0,0,6,630,0,0,0,1,1,0,0,0,0,0,0,0,6,28,1.9459101490553132,3.367295829986474
0l,0,0,0,0,0,4,1,0,3,0,0,0,0,0,0,0.0,0.0,0.0,3211,1549,0.0012453300124533001,0.48225404732254046,0,0,1,1,0,1,1,0.2,1.0,1.0,0,0,1,0,0,1,2,1.0,0,0,0,0,1,0,0,0,0,28,1,1,1,1,1,0,0,0,0,0,0,0,8,54,2.1972245773362196,4.007333185232471
0l2fkn,0,0,0,0,0,1,1,0,0,0,0,0,0,0,0,0.0,0.0,0.0,1151,1151,0.0008680555555555555,0.9991319444444444,0,0,1,1,0,1,1,0.5,1.0,1.0,0,0,1,0,0,1,6,2.584962500721156,0,0,0,0,1,1,0,0,6,529,0,0,0,1,1,0,0,0,0,0,0,0,8,25,2.1972245773362196,3.258096538021482
0l35fy,0,0,0,0,0,1,1,0,9,0,0,0,0,0,0,0.0,0.0,0.0,1152,1152,0.0008673026886383347,0.9991326973113617,0,0,1,1,0,1,1,0.5,1.0,1.0,0,0,1,0,0,1,6,2.584962500721156,0,0,0,0,1,1,0,0,6,637,0,0,0,1,1,0,0,0,0,0,0,0,5,25,1.791759469228055,3.258096538021482
0l7sot,0,0,0,0,0,1,3,3,9,0,0,0,0,0,0,0.0,0.0,0.0,1151,1151,0.0008680555555555555,0.9991319444444444,0,0,1,1,0,1,1,0.5,1.0,1.0,0,0,1,0,0,1,6,2.584962500721156,0,0,0,0,1,1,0,0,6,574,0,0,0,1,1,0,0,0,0,0,0,0,10,36,2.3978952727983707,3.6109179126442243
0latency,0,0,0,0,0,1,0,0,0,0,3,1,0,0,4,1.5,2.0,0.000716674629718108,4185,1480,0.00023889154323936931,0.3535594839942666,0,0,1,1,0,1,1,0.5,0.2,0.25,0,0,1,0,0,1,8,3.0,0,0,0,0,1,0,0,0,11,106,0,0,0,2,1,0,0,0,0,0,0,0,13,64,2.6390573296152584,4.174387269895637
0lkjli,0,0,0,0,0,1,1,3,3,0,0,0,0,0,0,0.0,0.0,0.0,1153,1153,0.0008665511265164644,0.9991334488734835,0,0,1,1,0,1,1,0.5,1.0,1.0,0,0,1,0,0,1,6,2.251629167387823,0,0,0,0,1,1,0,0,6,526,0,0,0,1,1,0,0,0,0,0,0,0,9,33,2.302585092994046,3.5263605246161616
0ll,0,0,0,0,0,1,0,2,0,0,6,10,0,0,16,3.0,8.0,0.003188097768331562,1881,1227,0.0005313496280552603,0.6519659936238045,0,0,1,3,0,0,0,1.5,0.17647058823529413,0.42857142857142855,0,0,1,0,0,1,3,0.9182958340544896,0,0,0,0,0,0,0,0,57,28,0,1,0,6,1,0,0,0,0,0,0,0,14,47,2.70805020110221,3.871201010907891
0log,0,0,0,0,0,7,0,1,0,0,0,25,0,0,25,0.0,3.125,0.0,1233,937,0.005672609400324149,0.7593192868719612,0,0,1,1,0,1,1,0.125,0.038461538461538464,1.0,0,0,1,0,0,1,4,2.0,1,1,1,1,1,1,1,2,31,512,0,0,0,5,1,0,0,0,1,0,1,1,12,82,2.5649493574615367,4.418840607796598
0lqa3y,0,0,0,0,0,1,3,1,2,0,0,0,0,0,0,0.0,0.0,0.0,1153,1153,0.0008665511265164644,0.9991334488734835,0,0,1,1,0,1,1,0.5,1.0,1.0,0,0,1,0,0,1,6,2.584962500721156,0,0,0,0,1,1,0,0,6,654,0,0,0,1,1,0,0,0,0,0,0,0,9,39,2.302585092994046,3.6888794541139363
0lqpq8,0,0,0,0,0,1,2,2,1,0,0,0,0,0,0,0.0,0.0,0.0,1152,1152,0.0008673026886383347,0.9991326973113617,0,0,1,1,0,1,1,0.5,1.0,1.0,0,0,1,0,0,1,6,2.251629167387823,0,0,0,0,1,1,0,0,6,748,0,0,0,1,1,0,0,0,0,0,0,0,9,35,2.302585092994046,3.58351893845611
0lssxl,0,0,0,0,0,1,3,0,5,0,0,0,0,0,0,0.0,0.0,0.0,1153,1153,0.0008665511265164644,0.9991334488734835,0,0,1,1,0,1,1,0.5,1.0,1.0,0,0,1,0,0,1,6,1.9182958340544893,0,0,0,0,1,1,0,0,6,554,0,0,0,1,1,0,0,0,0,0,0,0,44,119,3.8066624897703196,4.787491742782046
0lwf6i,0,0,0,0,0,1,2,1,4,0,0,0,0,0,0,0.0,0.0,0.0,1151,1151,0.0008680555555555555,0.9991319444444444,0,0,1,1,0,1,1,0.5,1.0,1.0,0,0,1,0,0,1,6,2.584962500721156,0,0,0,0,1,1,0,0,6,587,0,0,0,1,1,0,0,0,0,0,0,0,9,32,2.302585092994046,3.4965075614664802
0m,0,0,0,0,0,1,1,0,0,0,1,0,0,0,1,0.5,0.5,0.00048007681228996637,2082,1549,0.00048007681228996637,0.743638982237158,0,0,1,1,0,1,1,0.5,0.5,0.5,0,0,1,0,0,1,2,1.0,1,1,1,1,1,1,1,4,21,28,0,1,0,1,1,0,0,0,0,0,0,0,11,41,2.4849066497880004,3.7376696182833684
0m4pwhhyjq,0,0,0,0,0,1,1,1,0,0,7,9,0,0,16,3.5,8.0,0.008610086100861008,812,812,0.0012300123001230013,0.998769987699877,0,0,1,1,0,1,1,0.5,0.058823529411764705,0.125,0,0,1,0,0,1,10,3.1219280948873624,0,0,0,0,0,0,0,0,159,1419,0,0,0,4,1,0,0,0,0,0,0,0,8,33,2.1972245773362196,3.5263605246161616
0m8510ysly,0,0,0,0,0,1,2,1,0,0,7,9,0,0,16,3.5,8.0,0.00903225806451613,774,774,0.0012903225806451613,0.9987096774193548,0,0,1,1,0,1,1,0.5,0.058823529411764705,0.125,0,0,1,0,0,1,10,2.9219280948873623,0,0,0,0,0,0,0,0,159,1419,0,0,0,4,1,0,0,0,0,0,0,0,8,38,2.1972245773362196,3.6635616461296463
0m9lku,0,0,0,0,0,1,2,3,5,0,0,0,0,0,0,0.0,0.0,0.0,1151,1151,0.0008680555555555555,0.9991319444444444,0,0,1,1,0,1,1,0.5,1.0,1.0,0,0,1,0,0,1,6,2.584962500721156,0,0,0,0,1,1,0,0,6,572,0,0,0,1,1,0,0,0,0,0,0,0,9,32,2.302585092994046,3.4965075614664802
0malwdpr7m,0,0,0,0,0,1,2,1,0,0,7,9,0,0,16,3.5,8.0,0.00902061855670103,775,775,0.001288659793814433,0.9987113402061856,0,0,1,1,0,1,1,0.5,0.058823529411764705,0.125,0,0,1,0,0,1,10,3.121928094887362,0,0,0,0,0,0,0,0,159,1419,0,0,0,4,1,0,0,0,0,0,0,0,8,31,2.1972245773362196,3.4657359027997265
0map2ceym8,0,0,0,0,0,1,2,1,0,0,7,9,0,0,16,3.5,8.0,0.008641975308641974,809,809,0.0012345679012345679,0.9987654320987654,0,0,1,1,0,1,1,0.5,0.058823529411764705,0.125,0,0,1,0,0,1,10,3.121928094887362,0,0,0,0,0,0,0,0,159,1419,0,0,0,4,1,0,0,0,0,0,0,0,8,39,2.1972245773362196,3.6888794541139363
0maptrea,0,0,0,0,0,1,0,0,1,0,0,0,0,0,0,0.0,0.0,0.0,1412,1046,0.0007077140835102619,0.7402689313517339,0,0,1,1,0,1,1,0.5,1.0,1.0,0,0,1,0,0,1,8,2.75,1,0,0,0,0,0,0,0,24,0,0,0,0,0,0,0,0,0,0,0,0,0,23,258,3.1780538303479458,5.556828061699537
0math,0,0,0,0,0,8,0,1,6,0,1,26,0,0,27,0.1111111111111111,3.0,0.000782472613458529,1277,415,0.006259780907668232,0.32472613458528954,0,0,0,1,0,1,1,0.1111111111111111,0.03571428571428571,0.5,0,0,1,0,0,1,5,2.321928094887362,1,1,1,1,1,1,1,3,6,1413,0,0,0,12,1,0,0,0,0,0,0,0,943,2376,6.8501261661455,7.773594467360194
0mc03esisd,0,0,0,0,0,1,1,0,0,0,2,0,0,0,2,1.0,1.0,0.0025412960609911056,786,786,0.0012706480304955528,0.9987293519695044,0,0,1,1,0,1,1,0.5,0.3333333333333333,0.3333333333333333,0,0,1,0,0,1,10,2.9219280948873623,1,1,1,1,1,0,0,0,34,28,0,0,0,1,1,0,0,0,0,0,0,0,6,33,1.9459101490553132,3.5263605246161616
0me.sh,0,0,0,0,0,1,0,1,15,0,1,0,0,0,1,0.5,0.5,0.010101010101010102,98,98,0.010101010101010102,0.98989898989899,0,0,0,1,0,1,1,0.5,0.5,0.5,0,0,2,0,1,1,6,2.584962500721156,0,0,0,0,1,0,0,0,35,0,0,0,0,0,0,0,0,0,0,0,0,0,6,34,1.9459101490553132,3.5553480614894135
0me1-simple-calculator,0,0,0,0,0,2,1,1,0,0,1,1,0,0,2,0.3333333333333333,0.6666666666666666,0.0012004801920768306,832,826,0.0024009603841536613,0.9915966386554622,0,0,1,1,0,1,1,0.3333333333333333,0.3333333333333333,0.5,0,0,3,1,0,1,22,3.788754913993503,0,0,0,0,1,1,0,0,68,44,0,0,0,1,1,0,0,0,0,0,0,0,9,43,2.302585092994046,3.784189633918261
0me2-cli-number-guessing,0,0,0,0,0,2,1,1,0,0,1,1,0,0,2,0.3333333333333333,0.6666666666666666,0.0012091898428053204,826,826,0.0024183796856106408,0.9987908101571947,0,0,1,1,0,1,1,0.3333333333333333,0.3333333333333333,0.5,0,0,4,1,0,1,24,3.6887218755408675,0,0,0,0,1,1,0,0,42,74,0,0,0,1,1,0,0,0,0,0,0,0,9,53,2.302585092994046,3.9889840465642745
0me3-atm,0,0,0,0,0,1,1,0,0,0,1,1,0,0,2,0.5,1.0,0.0012091898428053204,826,826,0.0012091898428053204,0.9987908101571947,0,0,1,1,0,1,1,0.5,0.3333333333333333,0.5,0,0,2,1,0,1,8,2.75,0,0,0,0,1,1,0,0,72,81,0,0,0,1,1,0,0,0,0,0,0,0,8,30,2.1972245773362196,3.4339872044851463
0me4-to-do-list,0,0,0,0,0,1,1,0,0,0,1,1,0,0,2,0.5,1.0,0.001215066828675577,822,822,0.001215066828675577,0.9987849331713244,0,0,1,1,0,1,1,0.5,0.3333333333333333,0.5,0,0,4,1,0,1,15,3.3232314287976203,0,0,0,0,1,1,0,0,51,67,0,0,0,1,1,0,0,0,0,0,0,0,7,29,2.0794415416798357,3.4011973816621555
0me5-currency-converter,0,0,0,0,0,1,1,0,0,0,1,1,0,0,2,0.5,1.0,0.0012254901960784314,815,815,0.0012254901960784314,0.9987745098039216,0,0,1,1,0,1,1,0.5,0.3333333333333333,0.5,0,0,3,1,0,1,23,3.4472624994412104,0,0,0,0,1,1,0,0,77,101,0,0,0,1,1,0,0,0,0,0,0,0,9,32,2.302585092994046,3.4965075614664802
0me6-word-counter,0,0,0,0,0,1,1,0,0,0,1,1,0,0,2,0.5,1.0,0.0012422360248447205,804,804,0.0012422360248447205,0.9987577639751553,0,0,1,1,0,1,1,0.5,0.3333333333333333,0.5,0,0,3,1,0,1,17,3.6168746059562227,0,0,0,0,1,1,0,0,107,125,0,0,0,1,1,0,0,0,0,0,0,0,6,30,1.9459101490553132,3.4339872044851463
0me7-quiz-game,0,0,0,0,0,3,1,0,2,0,4,2,0,0,6,1.0,1.5,0.005571030640668524,717,714,0.004178272980501393,0.9944289693593314,0,0,0,1,0,1,1,0.25,0.14285714285714285,0.2,0,0,3,1,0,1,14,3.378783493486176,0,0,0,0,1,1,0,0,60,97,0,0,0,1,1,0,0,0,0,0,0,0,6,47,1.9459101490553132,3.871201010907891
0min-snippets,0,0,0,0,0,3,1,0,2,0,0,0,0,0,0,0.0,0.0,0.0,1172,1172,0.0025575447570332483,0.9991474850809889,0,0,1,1,0,1,1,0.25,1.0,1.0,0,0,2,1,0,1,13,3.085055102756477,1,1,1,1,1,0,0,0,0,28,1,0,0,1,1,0,0,0,0,0,0,0,6,45,1.9459101490553132,3.828641396489095
0min_code_snippets,0,0,0,0,0,1,0,0,1,0,0,0,0,0,0,0.0,0.0,0.0,1071,1071,0.0009328358208955224,0.9990671641791045,0,0,1,1,0,1,1,0.5,1.0,1.0,0,0,3,0,0,1,18,3.503258334775645,0,0,0,0,1,0,0,0,24,28,0,0,0,0,0,0,0,0,0,0,0,0,7,33,2.0794415416798357,3.5263605246161616
0mj-frame-print,0,0,0,0,0,1,1,0,0,0,0,0,0,0,0,0.0,0.0,0.0,1793,1549,0.0005574136008918618,0.8634336677814939,0,0,1,1,0,1,1,0.5,1.0,1.0,0,0,3,1,0,1,15,3.506890595608519,0,0,0,0,1,0,0,0,0,28,1,0,0,1,1,0,0,0,0,0,0,0,6,23,1.9459101490553132,3.1780538303479458
0mj3rl,0,0,0,0,0,1,2,2,3,0,0,0,0,0,0,0.0,0.0,0.0,1152,1152,0.0008673026886383347,0.9991326973113617,0,0,1,1,0,1,1,0.5,1.0,1.0,0,0,1,0,0,1,6,2.584962500721156,0,0,0,0,1,1,0,0,6,812,0,0,0,1,1,0,0,0,0,0,0,0,6,25,1.9459101490553132,3.258096538021482
0mngxx,0,0,0,0,0,1,3,3,3,0,0,0,0,0,0,0.0,0.0,0.0,1152,1152,0.0008673026886383347,0.9991326973113617,0,0,1,1,0,1,1,0.5,1.0,1.0,0,0,1,0,0,1,6,2.2516291673878226,0,0,0,0,1,1,0,0,6,598,0,0,0,1,1,0,0,0,0,0,0,0,9,35,2.302585092994046,3.58351893845611
0mni-cli,0,0,0,0,0,1,0,1,1,0,11,7,0,0,18,5.5,9.0,0.10476190476190476,104,104,0.009523809523809525,0.9904761904761905,0,0,0,1,0,1,1,0.5,0.05263157894736842,0.08333333333333333,0,0,2,1,0,1,8,2.75,1,1,1,1,1,1,1,14,76,3811,0,0,0,7,1,0,0,0,0,0,1,1,10,34,2.3978952727983707,3.5553480614894135
0mock-server,0,0,0,0,0,2,1,1,1,0,12,23,0,0,35,4.0,11.666666666666666,0.012684989429175475,945,854,0.0021141649048625794,0.9027484143763214,0,0,1,1,0,1,1,0.3333333333333333,0.027777777777777776,0.07692307692307693,0,0,2,1,0,1,12,3.2516291673878226,0,0,0,0,1,1,1,4,21,1460,0,0,0,10,1,0,0,0,0,0,0,0,10,48,2.3978952727983707,3.8918202981106265
0mod,0,0,0,0,0,1,1,0,0,0,0,0,0,0,0,0.0,0.0,0.0,2285,1549,0.0004374453193350831,0.6776027996500438,0,0,1,1,0,1,1,0.5,1.0,1.0,0,0,1,0,0,1,4,2.0,0,0,0,0,1,0,0,0,7,28,0,0,0,1,1,0,0,0,0,0,0,0,11,39,2.4849066497880004,3.6888794541139363
0model,0,0,0,0,0,18,0,4,2,0,0,0,0,0,0,0.0,0.0,0.0,4138,1480,0.004348876540227108,0.3575742933075622,0,0,1,1,0,1,1,0.05263157894736842,1.0,1.0,0,0,1,0,0,1,6,2.584962500721156,1,1,1,1,1,1,1,3,35,5375,0,0,0,1,1,0,0,0,0,0,0,0,81,240,4.406719247264253,5.484796933490655
0mq,0,0,0,0,0,2,5,1,0,0,0,0,0,0,0,0.0,0.0,0.0,2692,1549,0.0007426661715558856,0.5751949498700334,0,0,1,1,0,1,1,0.3333333333333333,1.0,1.0,0,0,1,0,0,1,3,1.584962500721156,0,0,0,0,1,1,0,0,55,63,0,1,0,1,1,0,1,0,0,0,1,1,7,48,2.0794415416798357,3.8918202981106265
0mr1xy,0,0,0,0,0,1,3,2,0,0,0,0,0,0,0,0.0,0.0,0.0,1152,1152,0.0008673026886383347,0.9991326973113617,0,0,1,1,0,1,1,0.5,1.0,1.0,0,0,1,0,0,1,6,2.584962500721156,0,0,0,0,1,1,0,0,6,577,0,0,0,1,1,0,0,0,0,0,0,0,7,36,2.0794415416798357,3.6109179126442243
0ms-table-cli-project,0,0,0,0,0,1,1,0,1,0,1,1,0,0,2,0.5,1.0,0.0012919896640826874,773,773,0.0012919896640826874,0.9987080103359173,0,0,1,1,0,1,1,0.5,0.3333333333333333,0.5,0,0,4,1,0,1,21,3.784941827437643,0,0,0,0,1,1,0,0,34,28,0,0,0,1,1,0,0,0,0,0,0,0,6,25,1.9459101490553132,3.258096538021482
0mwo17,0,0,0,0,0,1,2,0,8,0,0,0,0,0,0,0.0,0.0,0.0,1152,1152,0.0008673026886383347,0.9991326973113617,0,0,1,1,0,1,1,0.5,1.0,1.0,0,0,1,0,0,1,6,2.584962500721156,0,0,0,0,1,1,0,0,6,531,0,0,0,1,1,0,0,0,0,0,0,0,6,27,1.9459101490553132,3.332204510175204
0mxbi5,0,0,0,0,0,1,3,0,1,0,0,0,0,0,0,0.0,0.0,0.0,1151,1151,0.0008680555555555555,0.9991319444444444,0,0,1,1,0,1,1,0.5,1.0,1.0,0,0,1,0,0,1,6,2.584962500721156,0,0,0,0,1,1,0,0,6,595,0,0,0,1,1,0,0,0,0,0,0,0,9,37,2.302585092994046,3.6375861597263857
0mxetzokvv,0,0,0,0,0,1,2,1,0,0,7,9,0,0,16,3.5,8.0,0.008860759493670886,789,789,0.0012658227848101266,0.9987341772151899,0,0,1,1,0,1,1,0.5,0.058823529411764705,0.125,0,0,1,0,0,1,10,3.1219280948873624,0,0,0,0,0,0,0,0,159,1419,0,0,0,4,1,0,0,0,0,0,0,0,6,35,1.9459101490553132,3.58351893845611
0n,0,0,0,0,0,15,1,2,12,0,15,0,0,0,15,0.9375,0.9375,0.004293073840870063,3493,1480,0.004293073840870063,0.42358328563251285,0,0,1,1,0,1,1,0.0625,0.0625,0.0625,0,0,1,0,0,1,2,1.0,1,1,1,1,1,1,0,0,23,256,0,1,0,1,1,0,0,0,0,0,0,0,39,250,3.6888794541139363,5.5254529391317835
0n-spec,0,0,0,0,0,6,2,1,0,0,0,0,0,0,0,0.0,0.0,0.0,145,64,0.0410958904109589,0.4383561643835616,0,0,0,1,0,1,1,0.14285714285714285,1.0,1.0,0,0,2,1,0,1,7,2.807354922057604,1,1,1,1,1,1,1,19,255,7468,0,0,0,1,1,0,0,0,0,0,0,0,77,355,4.356708826689592,5.87493073085203
0n0zyr,0,0,0,0,0,1,2,3,7,0,0,0,0,0,0,0.0,0.0,0.0,1151,1151,0.0008680555555555555,0.9991319444444444,0,0,1,1,0,1,1,0.5,1.0,1.0,0,0,1,0,0,1,6,2.2516291673878226,0,0,0,0,1,1,0,0,6,632,0,0,0,1,1,0,0,0,0,0,0,0,6,22,1.9459101490553132,3.1354942159291497
0n1rw4,0,0,0,0,0,1,2,1,6,0,0,0,0,0,0,0.0,0.0,0.0,1151,1151,0.0008680555555555555,0.9991319444444444,0,0,1,1,0,1,1,0.5,1.0,1.0,0,0,1,0,0,1,6,2.584962500721156,0,0,0,0,1,1,0,0,6,723,0,0,0,1,1,0,0,0,0,0,0,0,8,34,2.1972245773362196,3.5553480614894135
0n2d8k,0,0,0,0,0,1,3,2,4,0,0,0,0,0,0,0.0,0.0,0.0,1151,1151,0.0008680555555555555,0.9991319444444444,0,0,1,1,0,1,1,0.5,1.0,1.0,0,0,1,0,0,1,6,2.584962500721156,0,0,0,0,1,1,0,0,6,519,0,0,0,1,1,0,0,0,0,0,0,0,5,28,1.791759469228055,3.367295829986474
0n3er43-simple-calculator,0,0,0,0,0,1,1,0,0,0,1,1,0,0,2,0.5,1.0,0.0012077294685990338,827,827,0.0012077294685990338,0.998792270531401,0,0,1,1,0,1,1,0.5,0.3333333333333333,0.5,0,0,3,1,0,1,25,3.9736606896881854,0,0,0,0,1,1,0,0,55,28,0,0,0,1,1,0,0,0,0,0,0,0,5,31,1.791759469228055,3.4657359027997265
0ncccchxwr,0,0,0,0,0,1,1,1,0,0,7,9,0,0,16,3.5,8.0,0.00857843137254902,815,815,0.0012254901960784314,0.9987745098039216,0,0,1,1,0,1,1,0.5,0.058823529411764705,0.125,0,0,1,0,0,1,10,2.5219280948873624,0,0,0,0,0,0,0,0,159,1419,0,0,0,4,1,0,0,0,0,0,0,0,10,31,2.3978952727983707,3.4657359027997265
0ndikqu8ju,0,0,0,0,0,1,1,1,0,0,7,9,0,0,16,3.5,8.0,0.008588957055214725,814,814,0.001226993865030675,0.9987730061349693,0,0,1,1,0,1,1,0.5,0.058823529411764705,0.125,0,0,1,0,0,1,10,3.121928094887362,0,0,0,0,0,0,0,0,159,1419,0,0,0,4,1,0,0,0,0,0,0,0,8,41,2.1972245773362196,3.7376696182833684
0ni8es,0,0,0,0,0,1,3,0,4,0,0,0,0,0,0,0.0,0.0,0.0,1153,1153,0.0008665511265164644,0.9991334488734835,0,0,1,1,0,1,1,0.5,1.0,1.0,0,0,1,0,0,1,6,2.584962500721156,0,0,0,0,1,1,0,0,6,562,0,0,0,1,1,0,0,0,0,0,0,0,10,35,2.3978952727983707,3.58351893845611
0nilr6,0,0,0,0,0,1,3,1,6,0,0,0,0,0,0,0.0,0.0,0.0,1151,1151,0.0008680555555555555,0.9991319444444444,0,0,1,1,0,1,1,0.5,1.0,1.0,0,0,1,0,0,1,6,2.584962500721156,0,0,0,0,1,1,0,0,6,687,0,0,0,1,1,0,0,0,0,0,0,0,11,38,2.4849066497880004,3.6635616461296463
0nmcp,0,0,0,0,0,35,4,11,0,0,7,0,1,1,9,0.19444444444444445,0.25,0.04794520547945205,145,64,0.23972602739726026,0.4383561643835616,0,0,0,1,0,1,1,0.027777777777777776,0.1,0.125,0,0,1,0,0,1,5,2.321928094887362,1,1,1,1,1,1,1,42,255,18852,0,0,0,8,1,0,0,0,0,0,1,1,252,861,5.53338948872752,6.759255270663693
0nmcp-crewai,0,0,0,0,0,1,1,0,0,0,1,3,0,0,4,0.5,2.0,0.015384615384615385,64,64,0.015384615384615385,0.9846153846153847,0,0,0,1,0,1,1,0.5,0.2,0.5,0,0,2,1,0,1,12,3.4182958340544896,1,1,1,1,1,1,1,9,202,3738,0,0,0,4,1,0,0,0,0,0,1,1,15,82,2.772588722239781,4.418840607796598
0nork,0,0,0,0,0,5,1,1,0,0,0,0,0,2,2,0.0,0.3333333333333333,0.0,145,64,0.03424657534246575,0.4383561643835616,0,0,0,1,0,1,1,0.16666666666666666,0.3333333333333333,1.0,0,0,1,0,0,1,5,2.321928094887362,1,1,1,1,1,1,1,8,255,3462,0,0,0,1,1,0,0,1,0,0,1,1,20,118,3.044522437723423,4.77912349311153
0nsw7j,0,0,0,0,0,1,1,3,7,0,0,0,0,0,0,0.0,0.0,0.0,1152,1152,0.0008673026886383347,0.9991326973113617,0,0,1,1,0,1,1,0.5,1.0,1.0,0,0,1,0,0,1,6,2.584962500721156,0,0,0,0,1,1,0,0,6,631,0,0,0,1,1,0,0,0,0,0,0,0,8,32,2.1972245773362196,3.4965075614664802
0ntdcfnpht,0,0,0,0,0,1,2,1,0,0,7,9,0,0,16,3.5,8.0,0.008849557522123894,790,790,0.0012642225031605564,0.9987357774968394,0,0,1,1,0,1,1,0.5,0.058823529411764705,0.125,0,0,1,0,0,1,10,2.9219280948873623,0,0,0,0,0,0,0,0,159,1419,0,0,0,4,1,0,0,0,0,0,0,0,7,27,2.0794415416798357,3.332204510175204
0ny0isxzha,0,0,0,0,0,1,0,1,0,0,4,9,0,0,13,2.0,6.5,0.0048367593712212815,826,826,0.0012091898428053204,0.9987908101571947,0,0,1,1,0,1,1,0.5,0.07142857142857142,0.2,0,0,1,0,0,1,10,3.121928094887362,0,0,0,0,0,0,0,0,159,1419,0,0,0,4,1,0,0,0,0,0,0,0,8,32,2.1972245773362196,3.4965075614664802
0o,0,0,0,0,0,1,0,0,0,0,0,0,0,0,0,0.0,0.0,0.0,1630,1549,0.0006131207847946045,0.9497240956468425,0,0,1,1,0,1,1,0.5,1.0,1.0,0,0,1,0,0,1,2,1.0,0,0,0,0,1,1,0,0,0,28,1,1,0,1,1,0,0,0,0,0,0,0,6,27,1.9459101490553132,3.332204510175204
0o0,0,0,0,0,0,1,0,0,1,0,0,0,0,0,0,0.0,0.0,0.0,2981,1549,0.00033534540576794097,0.5194500335345406,0,0,1,1,0,1,1,0.5,1.0,1.0,0,0,1,0,0,1,3,0.9182958340544896,0,0,0,0,1,0,0,0,0,28,1,1,0,1,1,0,0,0,0,0,0,0,4,29,1.6094379124341003,3.4011973816621555
0o0zttest,0,0,0,0,0,2,1,0,1,0,0,0,0,0,0,0.0,0.0,0.0,3635,1480,0.00055005500550055,0.40704070407040704,0,0,1,1,0,1,1,0.3333333333333333,1.0,1.0,0,0,1,0,0,1,9,2.4193819456463714,0,0,0,0,1,1,0,0,8,93,0,0,0,1,1,0,0,0,0,0,0,0,10,47,2.3978952727983707,3.871201010907891
0o1d7m,0,0,0,0,0,1,0,0,1,0,0,0,0,0,0,0.0,0.0,0.0,671,671,0.001488095238095238,0.9985119047619048,0,0,0,0,1,0,1,0.0,0.0,0.0,0,0,1,0,0,1,6,2.584962500721156,1,0,0,0,0,0,0,0,24,0,0,0,0,0,0,0,0,0,0,0,0,0,22,240,3.1354942159291497,5.484796933490655
0o1efe,0,0,0,0,0,1,1,1,4,0,0,0,0,0,0,0.0,0.0,0.0,1153,1153,0.0008665511265164644,0.9991334488734835,0,0,1,1,0,1,1,0.5,1.0,1.0,0,0,1,0,0,1,6,2.251629167387823,0,0,0,0,1,1,0,0,6,577,0,0,0,1,1,0,0,0,0,0,0,0,9,36,2.302585092994046,3.6109179126442243
0o3hmebq64,0,0,0,0,0,1,1,0,0,0,2,0,0,0,2,1.0,1.0,0.00477326968973747,418,418,0.002386634844868735,0.9976133651551312,0,0,0,1,0,1,1,0.5,0.3333333333333333,0.3333333333333333,0,0,1,0,0,1,10,3.321928094887362,1,1,1,1,1,0,0,0,34,28,0,0,0,1,1,0,0,0,0,0,0,0,10,36,2.3978952727983707,3.6109179126442243
0o4kvh,0,0,0,0,0,1,3,2,8,0,0,0,0,0,0,0.0,0.0,0.0,1152,1152,0.0008673026886383347,0.9991326973113617,0,0,1,1,0,1,1,0.5,1.0,1.0,0,0,1,0,0,1,6,2.584962500721156,0,0,0,0,1,1,0,0,6,766,0,0,0,1,1,0,0,0,0,0,0,0,4,29,1.6094379124341003,3.4011973816621555
0o8sdm,0,0,0,0,0,1,2,2,4,0,0,0,0,0,0,0.0,0.0,0.0,1151,1151,0.0008680555555555555,0.9991319444444444,0,0,1,1,0,1,1,0.5,1.0,1.0,0,0,1,0,0,1,6,2.584962500721156,0,0,0,0,1,1,0,0,6,647,0,0,0,1,1,0,0,0,0,0,0,0,6,32,1.9459101490553132,3.4965075614664802
0o98o3mf6t,0,0,0,0,0,1,1,1,0,0,7,9,0,0,16,3.5,8.0,0.008588957055214725,814,814,0.001226993865030675,0.9987730061349693,0,0,1,1,0,1,1,0.5,0.058823529411764705,0.125,0,0,1,0,0,1,10,3.121928094887362,0,0,0,0,0,0,0,0,159,1419,0,0,0,4,1,0,0,0,0,0,0,0,6,33,1.9459101490553132,3.5263605246161616
0o9xu2,0,0,0,0,0,1,3,1,7,0,0,0,0,0,0,0.0,0.0,0.0,1151,1151,0.0008680555555555555,0.9991319444444444,0,0,1,1,0,1,1,0.5,1.0,1.0,0,0,1,0,0,1,6,2.584962500721156,0,0,0,0,1,1,0,0,6,657,0,0,0,1,1,0,0,0,0,0,0,0,11,36,2.4849066497880004,3.6109179126442243
0obfy6nb1r,0,0,0,0,0,1,2,1,0,0,7,9,0,0,16,3.5,8.0,0.008974358974358974,779,779,0.001282051282051282,0.9987179487179487,0,0,1,1,0,1,1,0.5,0.058823529411764705,0.125,0,0,1,0,0,1,10,3.121928094887362,0,0,0,0,0,0,0,0,159,1419,0,0,0,4,1,0,0,0,0,0,0,0,5,35,1.791759469228055,3.58351893845611
0olug4,0,0,0,0,0,1,3,1,8,0,0,0,0,0,0,0.0,0.0,0.0,1152,1152,0.0008673026886383347,0.9991326973113617,0,0,1,1,0,1,1,0.5,1.0,1.0,0,0,1,0,0,1,6,2.584962500721156,0,0,0,0,1,1,0,0,6,718,0,0,0,1,1,0,0,0,0,0,0,0,7,30,2.0794415416798357,3.4339872044851463
0oo7nl,0,0,0,0,0,1,1,1,4,0,0,0,0,0,0,0.0,0.0,0.0,1153,1153,0.0008665511265164644,0.9991334488734835,0,0,1,1,0,1,1,0.5,1.0,1.0,0,0,1,0,0,1,6,2.2516291673878226,0,0,0,0,1,1,0,0,6,555,0,0,0,1,1,0,0,0,0,0,0,0,10,30,2.3978952727983707,3.4339872044851463
0ou0dq,0,0,0,0,0,1,3,1,8,0,0,0,0,0,0,0.0,0.0,0.0,1152,1152,0.0008673026886383347,0.9991326973113617,0,0,1,1,0,1,1,0.5,1.0,1.0,0,0,1,0,0,1,6,2.2516291673878226,0,0,0,0,1,1,0,0,6,598,0,0,0,1,1,0,0,0,0,0,0,0,10,30,2.3978952727983707,3.4339872044851463
0owiaq,0,0,0,0,0,1,3,2,1,0,0,0,0,0,0,0.0,0.0,0.0,1153,1153,0.0008665511265164644,0.9991334488734835,0,0,1,1,0,1,1,0.5,1.0,1.0,0,0,1,0,0,1,6,2.584962500721156,0,0,0,0,1,1,0,0,6,557,0,0,0,1,1,0,0,0,0,0,0,0,6,33,1.9459101490553132,3.5263605246161616
0oxz4n,0,0,0,0,0,1,2,2,1,0,0,0,0,0,0,0.0,0.0,0.0,1151,1151,0.0008680555555555555,0.9991319444444444,0,0,1,1,0,1,1,0.5,1.0,1.0,0,0,1,0,0,1,6,2.584962500721156,0,0,0,0,1,1,0,0,6,587,0,0,0,1,1,0,0,0,0,0,0,0,9,28,2.302585092994046,3.367295829986474
0p,0,0,0,0,0,1,0,0,1,0,0,0,0,0,0,0.0,0.0,0.0,2,2,0.3333333333333333,0.6666666666666666,1,1,0,0,1,0,1,0.0,0.0,0.0,0,0,1,0,0,1,2,1.0,1,0,0,0,0,0,0,0,24,0,0,1,0,0,0,0,0,0,0,0,0,0,327,361,5.793013608384144,5.8916442118257715
0p8i7s,0,0,0,0,0,1,3,3,1,0,0,0,0,0,0,0.0,0.0,0.0,1152,1152,0.0008673026886383347,0.9991326973113617,0,0,1,1,0,1,1,0.5,1.0,1.0,0,0,1,0,0,1,6,2.584962500721156,0,0,0,0,1,1,0,0,6,639,0,0,0,1,1,0,0,0,0,0,0,0,10,34,2.3978952727983707,3.5553480614894135
0pe2cl1gkm,0,0,0,0,0,1,2,1,0,0,7,9,0,0,16,3.5,8.0,0.008849557522123894,790,790,0.0012642225031605564,0.9987357774968394,0,0,1,1,0,1,1,0.5,0.058823529411764705,0.125,0,0,1,0,0,1,10,3.321928094887362,0,0,0,0,0,0,0,0,159,1419,0,0,0,4,1,0,0,0,0,0,0,0,7,33,2.0794415416798357,3.5263605246161616
0perator,0,0,0,0,0,4,0,3,0,0,11,6,0,0,17,2.2,3.4,0.05339805825242718,205,194,0.019417475728155338,0.941747572815534,0,0,0,1,0,1,1,0.2,0.05555555555555555,0.08333333333333333,0,0,1,0,0,1,8,2.75,0,0,0,0,0,1,0,0,68,5425,0,0,0,14,1,0,0,0,1,0,1,1,13,78,2.6390573296152584,4.3694478524670215
0pflow,0,0,0,0,0,46,0,1,0,0,17,3,0,0,20,0.3617021276595745,0.425531914893617,0.11486486486486487,147,125,0.3108108108108108,0.8445945945945946,0,0,0,1,0,1,1,0.02127659574468085,0.047619047619047616,0.05555555555555555,0,0,1,0,0,1,6,2.584962500721156,0,0,0,0,0,0,0,0,0,0,1,0,0,3,1,0,0,0,0,0,0,0,80,359,4.394449154672439,5.886104031450156
0pftu4,0,0,0,0,0,1,2,1,1,0,0,0,0,0,0,0.0,0.0,0.0,1151,1151,0.0008680555555555555,0.9991319444444444,0,0,1,1,0,1,1,0.5,1.0,1.0,0,0,1,0,0,1,6,2.584962500721156,0,0,0,0,1,1,0,0,6,568,0,0,0,1,1,0,0,0,0,0,0,0,9,29,2.302585092994046,3.4011973816621555
0pil-0sl4-178p,0,0,0,0,0,6,1,0,1778987789,0,0,0,0,0,0,0.0,0.0,0.0,46,46,0.1276595744680851,0.9787234042553191,0,0,0,1,0,1,1,0.14285714285714285,1.0,1.0,0,0,3,1,0,1,14,3.2359263506290326,0,0,0,0,0,0,0,0,0,0,1,0,0,0,0,0,0,0,0,0,0,0,15,130,2.772588722239781,4.875197323201151
0prm42,0,0,0,0,0,1,3,3,0,0,0,0,0,0,0,0.0,0.0,0.0,1153,1153,0.0008665511265164644,0.9991334488734835,0,0,1,1,0,1,1,0.5,1.0,1.0,0,0,1,0,0,1,6,2.584962500721156,0,0,0,0,1,1,0,0,6,532,0,0,0,1,1,0,0,0,0,0,0,0,10,36,2.3978952727983707,3.6109179126442243
0pwijuupumsn,0,0,0,0,0,2,0,12,0,0,0,0,0,0,0,0.0,0.0,0.0,875,874,0.00228310502283105,0.997716894977169,0,0,1,1,0,1,1,0.3333333333333333,1.0,1.0,0,0,1,0,0,1,12,3.0220552088742,0,0,0,0,1,0,0,0,42,28,0,0,0,1,1,0,0,0,0,0,0,0,10,49,2.3978952727983707,3.912023005428146
0pwthp,0,0,0,0,0,1,1,3,4,0,0,0,0,0,0,0.0,0.0,0.0,1153,1153,0.0008665511265164644,0.9991334488734835,0,0,1,1,0,1,1,0.5,1.0,1.0,0,0,1,0,0,1,6,2.2516291673878226,0,0,0,0,1,1,0,0,6,569,0,0,0,1,1,0,0,0,0,0,0,0,42,115,3.7612001156935624,4.7535901911063645
0q,0,0,0,0,0,1,0,0,0,0,0,0,0,0,0,0.0,0.0,0.0,1841,1549,0.0005428881650380022,0.8409337676438654,0,0,1,1,0,1,1,0.5,1.0,1.0,0,0,1,0,0,1,2,1.0,0,0,0,0,1,0,0,0,0,0,1,1,0,0,0,0,0,0,0,0,0,0,7,30,2.0794415416798357,3.4339872044851463
0q0-roblox,0,0,0,0,0,53,1,6,4,0,6,0,0,0,6,0.1111111111111111,0.1111111111111111,0.002041510717931269,2938,1549,0.018033344675059543,0.5270500170125894,0,0,1,1,0,1,1,0.018518518518518517,0.14285714285714285,0.14285714285714285,0,0,2,1,0,1,10,2.9219280948873623,1,1,1,1,1,1,0,0,15,1796,0,0,0,0,0,0,0,0,0,0,0,0,90,406,4.51085950651685,6.008813185442595
0q1sp6zpvn,0,0,0,0,0,1,1,1,0,0,7,9,0,0,16,3.5,8.0,0.008557457212713936,817,817,0.0012224938875305623,0.9987775061124694,0,0,1,1,0,1,1,0.5,0.058823529411764705,0.125,0,0,1,0,0,1,10,3.121928094887362,0,0,0,0,0,0,0,0,159,1419,0,0,0,4,1,0,0,0,0,0,0,0,9,29,2.302585092994046,3.4011973816621555
0q3naqwajr,0,0,0,0,0,1,1,1,0,0,7,9,0,0,16,3.5,8.0,0.00857843137254902,815,815,0.0012254901960784314,0.9987745098039216,0,0,1,1,0,1,1,0.5,0.058823529411764705,0.125,0,0,1,0,0,1,10,2.9219280948873623,0,0,0,0,0,0,0,0,159,1419,0,0,0,4,1,0,0,0,0,0,0,0,9,43,2.302585092994046,3.784189633918261
0q6fy8,0,0,0,0,0,1,2,0,4,0,0,0,0,0,0,0.0,0.0,0.0,1151,1151,0.0008680555555555555,0.9991319444444444,0,0,1,1,0,1,1,0.5,1.0,1.0,0,0,1,0,0,1,6,2.584962500721156,0,0,0,0,1,1,0,0,6,706,0,0,0,1,1,0,0,0,0,0,0,0,6,25,1.9459101490553132,3.258096538021482
0q742e982y,0,0,0,0,0,1,2,1,0,0,7,9,0,0,16,3.5,8.0,0.008849557522123894,790,790,0.0012642225031605564,0.9987357774968394,0,0,1,1,0,1,1,0.5,0.058823529411764705,0.125,0,0,1,0,0,1,10,3.121928094887362,0,0,0,0,0,0,0,0,159,1419,0,0,0,4,1,0,0,0,0,0,0,0,5,32,1.791759469228055,3.4965075614664802
0q93dp,0,0,0,0,0,1,2,3,1,0,0,0,0,0,0,0.0,0.0,0.0,1153,1153,0.0008665511265164644,0.9991334488734835,0,0,1,1,0,1,1,0.5,1.0,1.0,0,0,1,0,0,1,6,2.584962500721156,0,0,0,0,1,1,0,0,6,598,0,0,0,1,1,0,0,0,0,0,0,0,10,37,2.3978952727983707,3.6375861597263857
0qf0zvgurafv,0,0,0,0,0,2,0,12,0,0,0,0,0,0,0,0.0,0.0,0.0,115,114,0.017241379310344827,0.9827586206896551,0,0,0,1,0,1,1,0.3333333333333333,1.0,1.0,0,0,1,0,0,1,12,3.084962500721156,0,0,0,0,1,0,0,0,42,28,0,0,0,1,1,0,0,0,0,0,0,0,9,51,2.302585092994046,3.9512437185814275
0qgqc9,0,0,0,0,0,1,2,1,4,0,0,0,0,0,0,0.0,0.0,0.0,1152,1152,0.0008673026886383347,0.9991326973113617,0,0,1,1,0,1,1,0.5,1.0,1.0,0,0,1,0,0,1,6,2.251629167387823,0,0,0,0,1,1,0,0,6,664,0,0,0,1,1,0,0,0,0,0,0,0,8,28,2.1972245773362196,3.367295829986474
0qsp9e,0,0,0,0,0,1,1,1,2,0,0,0,0,0,0,0.0,0.0,0.0,1151,1151,0.0008680555555555555,0.9991319444444444,0,0,1,1,0,1,1,0.5,1.0,1.0,0,0,1,0,0,1,6,2.584962500721156,0,0,0,0,1,1,0,0,6,734,0,0,0,1,1,0,0,0,0,0,0,0,8,26,2.1972245773362196,3.295836866004329
0query,0,0,0,0,0,1,1,0,0,0,0,0,0,0,0,0.0,0.0,0.0,2772,1549,0.0003606202668589975,0.5586007933645871,0,0,1,1,0,1,1,0.5,1.0,1.0,0,0,1,0,0,1,6,2.584962500721156,0,0,0,0,1,0,0,0,0,28,1,0,0,1,1,0,0,0,0,0,0,0,9,42,2.302585092994046,3.7612001156935624
0qvk987sdn,0,0,0,0,0,1,2,1,0,0,7,9,0,0,16,3.5,8.0,0.008894536213468869,786,786,0.0012706480304955528,0.9987293519695044,0,0,1,1,0,1,1,0.5,0.058823529411764705,0.125,0,0,1,0,0,1,10,3.321928094887362,0,0,0,0,0,0,0,0,159,1419,0,0,0,4,1,0,0,0,0,0,0,0,7,33,2.0794415416798357,3.5263605246161616
0r,0,0,0,0,0,1,1,0,0,0,1,0,0,0,1,0.5,0.5,0.00048007681228996637,2082,1549,0.00048007681228996637,0.743638982237158,0,0,1,1,0,1,1,0.5,0.5,0.5,0,0,1,0,0,1,2,1.0,1,1,1,1,1,1,1,4,21,28,0,1,0,1,1,0,0,0,0,0,0,0,14,43,2.70805020110221,3.784189633918261
0r0f_countdown_timer_project_09,0,0,0,0,0,1,1,0,0,0,2,2,0,0,4,1.0,2.0,0.002570694087403599,777,777,0.0012853470437017994,0.9987146529562982,0,0,1,1,0,1,1,0.5,0.2,0.3333333333333333,0,0,5,0,0,1,31,3.8890495359141686,0,0,0,0,1,0,0,0,0,28,1,0,0,1,1,0,0,0,0,0,0,0,8,31,2.1972245773362196,3.4657359027997265
0ralhjxnp6,0,0,0,0,0,1,2,1,0,0,7,9,0,0,16,3.5,8.0,0.008838383838383838,791,791,0.0012626262626262627,0.9987373737373737,0,0,1,1,0,1,1,0.5,0.058823529411764705,0.125,0,0,1,0,0,1,10,3.321928094887362,0,0,0,0,0,0,0,0,159,1419,0,0,0,4,1,0,0,0,0,0,0,0,7,33,2.0794415416798357,3.5263605246161616
0rd8iq,0,0,0,0,0,1,3,3,8,0,0,0,0,0,0,0.0,0.0,0.0,1153,1153,0.0008665511265164644,0.9991334488734835,0,0,1,1,0,1,1,0.5,1.0,1.0,0,0,1,0,0,1,6,2.584962500721156,0,0,0,0,1,1,0,0,6,591,0,0,0,1,1,0,0,0,0,0,0,0,9,37,2.302585092994046,3.6375861597263857
0rd8lz,0,0,0,0,0,1,3,1,2,0,0,0,0,0,0,0.0,0.0,0.0,1151,1151,0.0008680555555555555,0.9991319444444444,0,0,1,1,0,1,1,0.5,1.0,1.0,0,0,1,0,0,1,6,2.584962500721156,0,0,0,0,1,1,0,0,6,711,0,0,0,1,1,0,0,0,0,0,0,0,8,33,2.1972245773362196,3.5263605246161616
0rdhl4,0,0,0,0,0,1,1,2,6,0,0,0,0,0,0,0.0,0.0,0.0,1151,1151,0.0008680555555555555,0.9991319444444444,0,0,1,1,0,1,1,0.5,1.0,1.0,0,0,1,0,0,1,6,2.584962500721156,0,0,0,0,1,1,0,0,6,529,0,0,0,1,1,0,0,0,0,0,0,0,8,32,2.1972245773362196,3.4965075614664802
0reddit,0,0,0,0,0,1,0,0,1,0,0,1,0,0,1,0.0,0.5,0.0,1577,1549,0.0006337135614702154,0.9816223067173637,0,0,1,1,0,1,1,0.5,0.5,1.0,0,0,1,0,0,1,7,2.521640636343318,1,1,1,1,1,1,1,4,56,2188,0,0,0,2,1,0,0,0,0,0,0,0,11,39,2.4849066497880004,3.6888794541139363
0rkdk1,0,0,0,0,0,1,1,3,3,0,0,0,0,0,0,0.0,0.0,0.0,1151,1151,0.0008680555555555555,0.9991319444444444,0,0,1,1,0,1,1,0.5,1.0,1.0,0,0,1,0,0,1,6,2.2516291673878226,0,0,0,0,1,1,0,0,6,505,0,0,0,1,1,0,0,0,0,0,0,0,9,37,2.302585092994046,3.6375861597263857
0rl8xy7lzj,0,0,0,0,0,1,1,0,0,0,1,0,0,0,1,0.5,0.5,0.002688172043010753,371,371,0.002688172043010753,0.9973118279569892,0,0,0,1,0,1,1,0.5,0.5,0.5,0,0,1,0,0,1,10,3.121928094887362,1,1,1,1,1,0,1,4,24,191,0,0,0,2,1,0,0,0,0,0,0,0,10,37,2.3978952727983707,3.6375861597263857
0router,0,0,0,0,0,5,0,4,72,0,5,2,0,0,7,0.8333333333333334,1.1666666666666667,0.125,39,36,0.125,0.9,0,0,0,1,0,1,1,0.16666666666666666,0.125,0.16666666666666666,0,0,1,0,0,1,7,2.521640636343318,0,0,0,0,1,0,1,5,45,3940,0,0,0,6,1,0,0,1,0,0,1,1,363,1328,5.8971538676367405,7.192182058713246
0rpc,0,0,0,0,0,1,1,0,0,0,0,0,0,0,0,0.0,0.0,0.0,3643,1480,0.00027442371020856203,0.4061470911086718,0,0,1,1,0,1,1,0.5,1.0,1.0,0,0,1,0,0,1,4,2.0,0,0,0,0,1,0,0,0,0,28,1,0,0,1,1,0,0,0,0,0,0,0,4,30,1.6094379124341003,3.4339872044851463
0rsn1n,0,0,0,0,0,1,2,2,7,0,0,0,0,0,0,0.0,0.0,0.0,1153,1153,0.0008665511265164644,0.9991334488734835,0,0,1,1,0,1,1,0.5,1.0,1.0,0,0,1,0,0,1,6,2.251629167387823,0,0,0,0,1,1,0,0,6,573,0,0,0,1,1,0,0,0,0,0,0,0,6,21,1.9459101490553132,3.091042453358316
0rxfgs3xit,0,0,0,0,0,1,2,1,0,0,7,9,0,0,16,3.5,8.0,0.008894536213468869,786,786,0.0012706480304955528,0.9987293519695044,0,0,1,1,0,1,1,0.5,0.058823529411764705,0.125,0,0,1,0,0,1,10,3.121928094887362,0,0,0,0,0,0,0,0,159,1419,0,0,0,4,1,0,0,0,0,0,0,0,7,35,2.0794415416798357,3.58351893845611
0s,0,0,0,0,0,1,1,0,0,0,0,4,0,0,4,0.0,2.0,0.0,3935,1480,0.00025406504065040653,0.37601626016260165,0,0,1,1,0,1,1,0.5,0.2,1.0,0,0,1,0,0,1,2,1.0,1,1,1,1,1,1,1,7,41,359,0,1,0,1,1,0,0,0,0,0,0,0,15,66,2.772588722239781,4.204692619390966
0s3v0n32m4,0,0,0,0,0,1,1,0,0,0,1,0,0,0,1,0.5,0.5,0.002688172043010753,371,371,0.002688172043010753,0.9973118279569892,0,0,0,1,0,1,1,0.5,0.5,0.5,0,0,1,0,0,1,10,2.9219280948873623,1,1,1,1,1,0,1,4,24,191,0,0,0,2,1,0,0,0,0,0,0,0,6,25,1.9459101490553132,3.258096538021482
0s55zq5kwebq,0,0,0,0,0,2,0,12,0,0,0,0,0,0,0,0.0,0.0,0.0,127,126,0.015625,0.984375,0,0,0,1,0,1,1,0.3333333333333333,1.0,1.0,0,0,1,0,0,1,12,3.0220552088742005,0,0,0,0,1,0,0,0,42,28,0,0,0,1,1,0,0,0,0,0,0,0,7,45,2.0794415416798357,3.828641396489095
0sa0-cli-number-guessing-game,0,0,0,0,0,1,1,0,1,0,1,1,0,0,2,0.5,1.0,0.0012121212121212121,824,824,0.0012121212121212121,0.9987878787878788,0,0,1,1,0,1,1,0.5,0.3333333333333333,0.5,0,0,5,1,0,1,29,3.6764409086968683,0,0,0,0,1,0,0,0,0,28,1,0,0,1,1,0,0,0,0,0,0,0,9,35,2.302585092994046,3.58351893845611
0scar_classa,0,0,0,0,0,1,1,0,1,0,7,0,0,0,7,3.5,3.5,0.009408602150537635,743,743,0.0013440860215053765,0.9986559139784946,0,0,1,1,0,1,1,0.5,0.125,0.125,0,0,2,0,0,1,12,2.6258145836939115,0,0,0,0,1,1,1,3,0,28,1,0,0,1,1,0,0,0,0,0,0,0,12,36,2.5649493574615367,3.6109179126442243
0scar_classb,0,0,0,0,0,1,1,0,1,0,7,0,0,0,7,3.5,3.5,0.009408602150537635,743,743,0.0013440860215053765,0.9986559139784946,0,0,1,1,0,1,1,0.5,0.125,0.125,0,0,2,0,0,1,12,2.8553885422075336,0,0,0,0,1,1,1,3,0,28,1,0,0,1,1,0,0,0,0,0,0,0,8,36,2.1972245773362196,3.6109179126442243
0scar_classc,0,0,0,0,0,1,1,0,1,0,7,0,0,0,7,3.5,3.5,0.009408602150537635,743,743,0.0013440860215053765,0.9986559139784946,0,0,1,1,0,1,1,0.5,0.125,0.125,0,0,2,0,0,1,12,2.625814583693911,0,0,0,0,1,1,1,3,0,28,1,0,0,1,1,0,0,0,0,0,0,0,6,30,1.9459101490553132,3.4339872044851463
0scar_classd,0,0,0,0,0,1,1,0,1,0,7,0,0,0,7,3.5,3.5,0.009408602150537635,743,743,0.0013440860215053765,0.9986559139784946,0,0,1,1,0,1,1,0.5,0.125,0.125,0,0,2,0,0,1,12,2.8553885422075336,0,0,0,0,1,1,1,3,0,28,1,0,0,1,1,0,0,0,0,0,0,0,8,36,2.1972245773362196,3.6109179126442243
0scar_classe,0,0,0,0,0,1,1,0,1,0,7,0,0,0,7,3.5,3.5,0.009408602150537635,743,743,0.0013440860215053765,0.9986559139784946,0,0,1,1,0,1,1,0.5,0.125,0.125,0,0,2,0,0,1,12,2.8553885422075336,0,0,0,0,1,1,1,3,0,28,1,0,0,1,1,0,0,0,0,0,0,0,8,36,2.1972245773362196,3.6109179126442243
0scar_classf,0,0,0,0,0,1,1,0,1,0,7,0,0,0,7,3.5,3.5,0.009408602150537635,743,743,0.0013440860215053765,0.9986559139784946,0,0,1,1,0,1,1,0.5,0.125,0.125,0,0,2,0,0,1,12,2.8553885422075336,0,0,0,0,1,1,1,3,0,28,1,0,0,1,1,0,0,0,0,0,0,0,9,28,2.302585092994046,3.367295829986474
0scar_classg,0,0,0,0,0,1,1,0,1,0,7,0,0,0,7,3.5,3.5,0.009408602150537635,743,743,0.0013440860215053765,0.9986559139784946,0,0,1,1,0,1,1,0.5,0.125,0.125,0,0,2,0,0,1,12,2.8553885422075336,0,0,0,0,1,1,1,3,0,28,1,0,0,1,1,0,0,0,0,0,0,0,9,36,2.302585092994046,3.6109179126442243
0scar_classh,0,0,0,0,0,1,1,0,1,0,7,0,0,0,7,3.5,3.5,0.009408602150537635,743,743,0.0013440860215053765,0.9986559139784946,0,0,1,1,0,1,1,0.5,0.125,0.125,0,0,2,0,0,1,12,2.8553885422075336,0,0,0,0,1,1,1,3,0,28,1,0,0,1,1,0,0,0,0,0,0,0,8,34,2.1972245773362196,3.5553480614894135
0scar_classi,0,0,0,0,0,1,1,0,1,0,7,0,0,0,7,3.5,3.5,0.009408602150537635,743,743,0.0013440860215053765,0.9986559139784946,0,0,1,1,0,1,1,0.5,0.125,0.125,0,0,2,0,0,1,12,2.8553885422075336,0,0,0,0,1,1,1,3,0,28,1,0,0,1,1,0,0,0,0,0,0,0,5,27,1.791759469228055,3.332204510175204
0scar_classj,0,0,0,0,0,1,1,0,1,0,7,0,0,0,7,3.5,3.5,0.009408602150537635,743,743,0.0013440860215053765,0.9986559139784946,0,0,1,1,0,1,1,0.5,0.125,0.125,0,0,2,0,0,1,12,2.8553885422075336,0,0,0,0,1,1,1,3,0,28,1,0,0,1,1,0,0,0,0,0,0,0,10,32,2.3978952727983707,3.4965075614664802
0scar_classk,0,0,0,0,0,1,1,0,1,0,7,0,0,0,7,3.5,3.5,0.009408602150537635,743,743,0.0013440860215053765,0.9986559139784946,0,0,1,1,0,1,1,0.5,0.125,0.125,0,0,2,0,0,1,12,2.8553885422075336,0,0,0,0,1,1,1,3,0,28,1,0,0,1,1,0,0,0,0,0,0,0,6,34,1.9459101490553132,3.5553480614894135
0scar_classl,0,0,0,0,0,1,1,0,1,0,7,0,0,0,7,3.5,3.5,0.009408602150537635,743,743,0.0013440860215053765,0.9986559139784946,0,0,1,1,0,1,1,0.5,0.125,0.125,0,0,2,0,0,1,12,2.688721875540867,0,0,0,0,1,1,1,3,0,28,1,0,0,1,1,0,0,0,0,0,0,0,7,32,2.0794415416798357,3.4965075614664802
0scar_classm,0,0,0,0,0,1,1,0,1,0,7,0,0,0,7,3.5,3.5,0.009408602150537635,743,743,0.0013440860215053765,0.9986559139784946,0,0,1,1,0,1,1,0.5,0.125,0.125,0,0,2,0,0,1,12,2.8553885422075336,0,0,0,0,1,1,1,3,0,28,1,0,0,1,1,0,0,0,0,0,0,0,11,38,2.4849066497880004,3.6635616461296463
0scar_classm_eza,0,0,0,0,0,1,1,0,1,0,7,0,0,0,7,3.5,3.5,0.009408602150537635,743,743,0.0013440860215053765,0.9986559139784946,0,0,1,1,0,1,1,0.5,0.125,0.125,0,0,3,0,0,1,16,3.1556390622295662,0,0,0,0,1,1,1,3,0,28,1,0,0,1,1,0,0,0,0,0,0,0,7,41,2.0794415416798357,3.7376696182833684
0scar_classm_ezb,0,0,0,0,0,1,1,0,1,0,7,0,0,0,7,3.5,3.5,0.009408602150537635,743,743,0.0013440860215053765,0.9986559139784946,0,0,1,1,0,1,1,0.5,0.125,0.125,0,0,3,0,0,1,16,3.327819531114783,0,0,0,0,1,1,1,3,0,28,1,0,0,1,1,0,0,0,0,0,0,0,5,29,1.791759469228055,3.4011973816621555
0scar_classm_ezc,0,0,0,0,0,1,1,0,1,0,7,0,0,0,7,3.5,3.5,0.009408602150537635,743,743,0.0013440860215053765,0.9986559139784946,0,0,1,1,0,1,1,0.5,0.125,0.125,0,0,3,0,0,1,16,3.1556390622295662,0,0,0,0,1,1,1,3,0,28,1,0,0,1,1,0,0,0,0,0,0,0,6,27,1.9459101490553132,3.332204510175204
0scar_classm_ezd,0,0,0,0,0,1,1,0,1,0,7,0,0,0,7,3.5,3.5,0.009408602150537635,743,743,0.0013440860215053765,0.9986559139784946,0,0,1,1,0,1,1,0.5,0.125,0.125,0,0,3,0,0,1,16,3.327819531114783,0,0,0,0,1,1,1,3,0,28,1,0,0,1,1,0,0,0,0,0,0,0,7,30,2.0794415416798357,3.4339872044851463
0scar_classm_eze,0,0,0,0,0,1,1,0,1,0,7,0,0,0,7,3.5,3.5,0.009408602150537635,743,743,0.0013440860215053765,0.9986559139784946,0,0,1,1,0,1,1,0.5,0.125,0.125,0,0,3,0,0,1,16,3.202819531114783,0,0,0,0,1,1,1,3,0,28,1,0,0,1,1,0,0,0,0,0,0,0,8,36,2.1972245773362196,3.6109179126442243
0scar_classm_ezf,0,0,0,0,0,1,1,0,1,0,7,0,0,0,7,3.5,3.5,0.009408602150537635,743,743,0.0013440860215053765,0.9986559139784946,0,0,1,1,0,1,1,0.5,0.125,0.125,0,0,3,0,0,1,16,3.327819531114783,0,0,0,0,1,1,1,3,0,28,1,0,0,1,1,0,0,0,0,0,0,0,8,33,2.1972245773362196,3.5263605246161616
0scar_classm_ezg,0,0,0,0,0,1,1,0,1,0,7,0,0,0,7,3.5,3.5,0.009408602150537635,743,743,0.0013440860215053765,0.9986559139784946,0,0,1,1,0,1,1,0.5,0.125,0.125,0,0,3,0,0,1,16,3.327819531114783,0,0,0,0,1,1,1,3,0,28,1,0,0,1,1,0,0,0,0,0,0,0,8,34,2.1972245773362196,3.5553480614894135
0scar_classm_ezh,0,0,0,0,0,1,1,0,1,0,7,0,0,0,7,3.5,3.5,0.009408602150537635,743,743,0.0013440860215053765,0.9986559139784946,0,0,1,1,0,1,1,0.5,0.125,0.125,0,0,3,0,0,1,16,3.327819531114783,0,0,0,0,1,1,1,3,0,28,1,0,0,1,1,0,0,0,0,0,0,0,5,35,1.791759469228055,3.58351893845611
0scar_classm_ezi,0,0,0,0,0,1,1,0,1,0,7,0,0,0,7,3.5,3.5,0.009408602150537635,743,743,0.0013440860215053765,0.9986559139784946,0,0,1,1,0,1,1,0.5,0.125,0.125,0,0,3,0,0,1,16,3.327819531114783,0,0,0,0,1,1,1,3,0,28,1,0,0,1,1,0,0,0,0,0,0,0,8,38,2.1972245773362196,3.6635616461296463
0scar_classm_ezj,0,0,0,0,0,1,1,0,1,0,7,0,0,0,7,3.5,3.5,0.009408602150537635,743,743,0.0013440860215053765,0.9986559139784946,0,0,1,1,0,1,1,0.5,0.125,0.125,0,0,3,0,0,1,16,3.327819531114783,0,0,0,0,1,1,1,3,0,28,1,0,0,1,1,0,0,0,0,0,0,0,8,35,2.1972245773362196,3.58351893845611
0scar_classm_ezk,0,0,0,0,0,1,1,0,1,0,7,0,0,0,7,3.5,3.5,0.009408602150537635,743,743,0.0013440860215053765,0.9986559139784946,0,0,1,1,0,1,1,0.5,0.125,0.125,0,0,3,0,0,1,16,3.327819531114783,0,0,0,0,1,1,1,3,0,28,1,0,0,1,1,0,0,0,0,0,0,0,7,28,2.0794415416798357,3.367295829986474
0scar_classm_ezl,0,0,0,0,0,1,1,0,1,0,7,0,0,0,7,3.5,3.5,0.009408602150537635,743,743,0.0013440860215053765,0.9986559139784946,0,0,1,1,0,1,1,0.5,0.125,0.125,0,0,3,0,0,1,16,3.202819531114783,0,0,0,0,1,1,1,3,0,28,1,0,0,1,1,0,0,0,0,0,0,0,6,26,1.9459101490553132,3.295836866004329
0scar_classm_ezm,0,0,0,0,0,1,1,0,1,0,7,0,0,0,7,3.5,3.5,0.009408602150537635,743,743,0.0013440860215053765,0.9986559139784946,0,0,1,1,0,1,1,0.5,0.125,0.125,0,0,3,0,0,1,16,3.202819531114783,0,0,0,0,1,1,1,3,0,28,1,0,0,1,1,0,0,0,0,0,0,0,7,27,2.0794415416798357,3.332204510175204
0scar_classm_ezn,0,0,0,0,0,1,1,0,1,0,7,0,0,0,7,3.5,3.5,0.009408602150537635,743,743,0.0013440860215053765,0.9986559139784946,0,0,1,1,0,1,1,0.5,0.125,0.125,0,0,3,0,0,1,16,3.327819531114783,0,0,0,0,1,1,1,3,0,28,1,0,0,1,1,0,0,0,0,0,0,0,5,28,1.791759469228055,3.367295829986474
0scar_classm_ezoi,0,0,0,0,0,1,1,0,1,0,7,0,0,0,7,3.5,3.5,0.009408602150537635,743,743,0.0013440860215053765,0.9986559139784946,0,0,1,1,0,1,1,0.5,0.125,0.125,0,0,3,0,0,1,17,3.4548223999466066,0,0,0,0,1,1,1,3,0,28,1,0,0,1,1,0,0,0,0,0,0,0,6,24,1.9459101490553132,3.2188758248682006
0scar_classm_ezp,0,0,0,0,0,1,1,0,1,0,7,0,0,0,7,3.5,3.5,0.009408602150537635,743,743,0.0013440860215053765,0.9986559139784946,0,0,1,1,0,1,1,0.5,0.125,0.125,0,0,3,0,0,1,16,3.327819531114783,0,0,0,0,1,1,1,3,0,28,1,0,0,1,1,0,0,0,0,0,0,0,6,30,1.9459101490553132,3.4339872044851463
0scar_classm_ezr,0,0,0,0,0,1,1,0,1,0,7,0,0,0,7,3.5,3.5,0.009408602150537635,743,743,0.0013440860215053765,0.9986559139784946,0,0,1,1,0,1,1,0.5,0.125,0.125,0,0,3,0,0,1,16,3.202819531114783,0,0,0,0,1,1,1,3,0,28,1,0,0,1,1,0,0,0,0,0,0,0,8,45,2.1972245773362196,3.828641396489095
0scar_classm_ezs,0,0,0,0,0,1,1,0,1,0,7,0,0,0,7,3.5,3.5,0.009408602150537635,743,743,0.0013440860215053765,0.9986559139784946,0,0,1,1,0,1,1,0.5,0.125,0.125,0,0,3,0,0,1,16,3.125,0,0,0,0,1,1,1,3,0,28,1,0,0,1,1,0,0,0,0,0,0,0,6,27,1.9459101490553132,3.332204510175204
0scar_classm_ezt,0,0,0,0,0,1,1,0,1,0,7,0,0,0,7,3.5,3.5,0.009408602150537635,743,743,0.0013440860215053765,0.9986559139784946,0,0,1,1,0,1,1,0.5,0.125,0.125,0,0,3,0,0,1,16,3.327819531114783,0,0,0,0,1,1,1,3,0,28,1,0,0,1,1,0,0,0,0,0,0,0,7,29,2.0794415416798357,3.4011973816621555
0scar_classm_ezu,0,0,0,0,0,1,1,0,1,0,7,0,0,0,7,3.5,3.5,0.009408602150537635,743,743,0.0013440860215053765,0.9986559139784946,0,0,1,1,0,1,1,0.5,0.125,0.125,0,0,3,0,0,1,16,3.327819531114783,0,0,0,0,1,1,1,3,0,28,1,0,0,1,1,0,0,0,0,0,0,0,7,27,2.0794415416798357,3.332204510175204
0scar_classm_ezv,0,0,0,0,0,1,1,0,1,0,7,0,0,0,7,3.5,3.5,0.009408602150537635,743,743,0.0013440860215053765,0.9986559139784946,0,0,1,1,0,1,1,0.5,0.125,0.125,0,0,3,0,0,1,16,3.327819531114783,0,0,0,0,1,1,1,3,0,28,1,0,0,1,1,0,0,0,0,0,0,0,5,28,1.791759469228055,3.367295829986474
0scar_classm_ezx,0,0,0,0,0,1,1,0,1,0,7,0,0,0,7,3.5,3.5,0.009408602150537635,743,743,0.0013440860215053765,0.9986559139784946,0,0,1,1,0,1,1,0.5,0.125,0.125,0,0,3,0,0,1,16,3.327819531114783,0,0,0,0,1,1,1,3,0,28,1,0,0,1,1,0,0,0,0,0,0,0,6,30,1.9459101490553132,3.4339872044851463
0scar_classm_ezy,0,0,0,0,0,1,1,0,1,0,7,0,0,0,7,3.5,3.5,0.009408602150537635,743,743,0.0013440860215053765,0.9986559139784946,0,0,1,1,0,1,1,0.5,0.125,0.125,0,0,3,0,0,1,16,3.327819531114783,0,0,0,0,1,1,1,3,0,28,1,0,0,1,1,0,0,0,0,0,0,0,8,35,2.1972245773362196,3.58351893845611
0scar_classm_ezyq,0,0,0,0,0,1,1,0,1,0,7,0,0,0,7,3.5,3.5,0.009408602150537635,743,743,0.0013440860215053765,0.9986559139784946,0,0,1,1,0,1,1,0.5,0.125,0.125,0,0,3,0,0,1,17,3.4548223999466066,0,0,0,0,1,1,1,3,0,28,1,0,0,1,1,0,0,0,0,0,0,0,11,41,2.4849066497880004,3.7376696182833684
0scar_classm_ezyw,0,0,0,0,0,1,1,0,1,0,7,0,0,0,7,3.5,3.5,0.009408602150537635,743,743,0.0013440860215053765,0.9986559139784946,0,0,1,1,0,1,1,0.5,0.125,0.125,0,0,3,0,0,1,17,3.4548223999466066,0,0,0,0,1,1,1,3,0,28,1,0,0,1,1,0,0,0,0,0,0,0,8,32,2.1972245773362196,3.4965075614664802
0scar_classm_ezz,0,0,0,0,0,1,1,0,1,0,7,0,0,0,7,3.5,3.5,0.009408602150537635,743,743,0.0013440860215053765,0.9986559139784946,0,0,1,1,0,1,1,0.5,0.125,0.125,0,0,3,0,0,1,16,3.202819531114783,0,0,0,0,1,1,1,3,0,28,1,0,0,1,1,0,0,0,0,0,0,0,8,35,2.1972245773362196,3.58351893845611
0scar_classn,0,0,0,0,0,1,1,0,1,0,7,0,0,0,7,3.5,3.5,0.009408602150537635,743,743,0.0013440860215053765,0.9986559139784946,0,0,1,1,0,1,1,0.5,0.125,0.125,0,0,2,0,0,1,12,2.8553885422075336,0,0,0,0,1,1,1,3,0,28,1,0,0,1,1,0,0,0,0,0,0,0,5,34,1.791759469228055,3.5553480614894135
0scar_classo,0,0,0,0,0,1,1,0,1,0,7,0,0,0,7,3.5,3.5,0.009408602150537635,743,743,0.0013440860215053765,0.9986559139784946,0,0,1,1,0,1,1,0.5,0.125,0.125,0,0,2,0,0,1,12,2.8553885422075336,0,0,0,0,1,1,1,3,0,28,1,0,0,1,1,0,0,0,0,0,0,0,8,38,2.1972245773362196,3.6635616461296463
0scar_classq,0,0,0,0,0,1,1,0,1,0,7,0,0,0,7,3.5,3.5,0.009408602150537635,743,743,0.0013440860215053765,0.9986559139784946,0,0,1,1,0,1,1,0.5,0.125,0.125,0,0,2,0,0,1,12,2.8553885422075336,0,0,0,0,1,1,1,3,0,28,1,0,0,1,1,0,0,0,0,0,0,0,6,30,1.9459101490553132,3.4339872044851463
0scar_classr,0,0,0,0,0,1,1,0,1,0,7,0,0,0,7,3.5,3.5,0.009408602150537635,743,743,0.0013440860215053765,0.9986559139784946,0,0,1,1,0,1,1,0.5,0.125,0.125,0,0,2,0,0,1,12,2.688721875540867,0,0,0,0,1,1,1,3,0,28,1,0,0,1,1,0,0,0,0,0,0,0,8,32,2.1972245773362196,3.4965075614664802
0scar_classs,0,0,0,0,0,1,1,0,1,0,7,0,0,0,7,3.5,3.5,0.009408602150537635,743,743,0.0013440860215053765,0.9986559139784946,0,0,1,1,0,1,1,0.5,0.125,0.125,0,0,2,0,0,1,12,2.584962500721156,0,0,0,0,1,1,1,3,0,28,1,0,0,1,1,0,0,0,0,0,0,0,10,36,2.3978952727983707,3.6109179126442243
0scar_classt,0,0,0,0,0,1,1,0,1,0,7,0,0,0,7,3.5,3.5,0.009408602150537635,743,743,0.0013440860215053765,0.9986559139784946,0,0,1,1,0,1,1,0.5,0.125,0.125,0,0,2,0,0,1,12,2.8553885422075336,0,0,0,0,1,1,1,3,0,28,1,0,0,1,1,0,0,0,0,0,0,0,8,30,2.1972245773362196,3.4339872044851463
0scar_classu,0,0,0,0,0,1,1,0,1,0,7,0,0,0,7,3.5,3.5,0.009408602150537635,743,743,0.0013440860215053765,0.9986559139784946,0,0,1,1,0,1,1,0.5,0.125,0.125,0,0,2,0,0,1,12,2.8553885422075336,0,0,0,0,1,1,1,3,0,28,1,0,0,1,1,0,0,0,0,0,0,0,8,31,2.1972245773362196,3.4657359027997265
0scar_classv,0,0,0,0,0,1,1,0,1,0,7,0,0,0,7,3.5,3.5,0.009408602150537635,743,743,0.0013440860215053765,0.9986559139784946,0,0,1,1,0,1,1,0.5,0.125,0.125,0,0,2,0,0,1,12,2.8553885422075336,0,0,0,0,1,1,1,3,0,28,1,0,0,1,1,0,0,0,0,0,0,0,6,23,1.9459101490553132,3.1780538303479458
0scar_classw,0,0,0,0,0,1,1,0,1,0,7,0,0,0,7,3.5,3.5,0.009408602150537635,743,743,0.0013440860215053765,0.9986559139784946,0,0,1,1,0,1,1,0.5,0.125,0.125,0,0,2,0,0,1,12,2.8553885422075336,0,0,0,0,1,1,1,3,0,28,1,0,0,1,1,0,0,0,0,0,0,0,13,38,2.6390573296152584,3.6635616461296463
0scar_classx,0,0,0,0,0,1,1,0,1,0,7,0,0,0,7,3.5,3.5,0.009408602150537635,743,743,0.0013440860215053765,0.9986559139784946,0,0,1,1,0,1,1,0.5,0.125,0.125,0,0,2,0,0,1,12,2.8553885422075336,0,0,0,0,1,1,1,3,0,28,1,0,0,1,1,0,0,0,0,0,0,0,8,34,2.1972245773362196,3.5553480614894135
0scar_classy,0,0,0,0,0,1,1,0,1,0,7,0,0,0,7,3.5,3.5,0.009408602150537635,743,743,0.0013440860215053765,0.9986559139784946,0,0,1,1,0,1,1,0.5,0.125,0.125,0,0,2,0,0,1,12,2.8553885422075336,0,0,0,0,1,1,1,3,0,28,1,0,0,1,1,0,0,0,0,0,0,0,9,35,2.302585092994046,3.58351893845611
0scar_classz,0,0,0,0,0,1,1,0,1,0,7,0,0,0,7,3.5,3.5,0.009408602150537635,743,743,0.0013440860215053765,0.9986559139784946,0,0,1,1,0,1,1,0.5,0.125,0.125,0,0,2,0,0,1,12,2.8553885422075336,0,0,0,0,1,1,1,3,0,28,1,0,0,1,1,0,0,0,0,0,0,0,7,33,2.0794415416798357,3.5263605246161616
0server,0,0,0,0,0,1,0,0,2,0,12,28,0,0,40,6.0,20.0,0.01411764705882353,849,849,0.001176470588235294,0.9988235294117647,0,0,1,1,0,1,1,0.5,0.024390243902439025,0.07692307692307693,0,0,1,0,0,1,7,2.2359263506290326,0,0,0,0,1,1,1,4,30,1460,0,0,0,9,1,0,0,0,0,0,0,0,9,35,2.302585092994046,3.58351893845611
0sh877,0,0,0,0,0,1,2,0,9,0,0,0,0,0,0,0.0,0.0,0.0,1151,1151,0.0008680555555555555,0.9991319444444444,0,0,1,1,0,1,1,0.5,1.0,1.0,0,0,1,0,0,1,6,2.2516291673878226,0,0,0,0,1,1,0,0,6,653,0,0,0,1,1,0,0,0,0,0,0,0,8,31,2.1972245773362196,3.4657359027997265
0sierv,0,0,0,0,0,1,2,1,9,0,0,0,0,0,0,0.0,0.0,0.0,1151,1151,0.0008680555555555555,0.9991319444444444,0,0,1,1,0,1,1,0.5,1.0,1.0,0,0,1,0,0,1,6,2.584962500721156,0,0,0,0,1,1,0,0,6,587,0,0,0,1,1,0,0,0,0,0,0,0,6,27,1.9459101490553132,3.332204510175204
0souvv22m6,0,0,0,0,0,1,1,0,0,0,2,0,0,0,2,1.0,1.0,0.004807692307692308,415,415,0.002403846153846154,0.9975961538461539,0,0,0,1,0,1,1,0.5,0.3333333333333333,0.3333333333333333,0,0,1,0,0,1,10,2.9219280948873623,1,1,1,1,1,0,0,0,34,28,0,0,0,1,1,0,0,0,0,0,0,0,9,33,2.302585092994046,3.5263605246161616
0spec,0,0,0,0,0,2,0,0,2,0,0,0,0,0,0,0.0,0.0,0.0,123,123,0.016129032258064516,0.9919354838709677,0,0,0,1,0,1,1,0.3333333333333333,1.0,1.0,0,0,1,0,0,1,5,2.321928094887362,0,0,0,0,1,0,1,6,51,28,0,0,0,0,0,0,0,0,0,0,0,0,5,29,1.791759469228055,3.4011973816621555
0speed,0,0,0,0,0,1,1,0,0,0,0,0,0,0,0,0.0,0.0,0.0,859,859,0.0011627906976744186,0.9988372093023256,0,0,1,1,0,1,1,0.5,1.0,1.0,0,0,1,0,0,1,6,2.251629167387823,0,0,0,0,1,1,0,0,73,28,0,0,0,1,1,0,0,0,0,0,0,0,5,21,1.791759469228055,3.091042453358316
0spgh7,0,0,0,0,0,1,3,3,6,0,0,0,0,0,0,0.0,0.0,0.0,1151,1151,0.0008680555555555555,0.9991319444444444,0,0,1,1,0,1,1,0.5,1.0,1.0,0,0,1,0,0,1,6,2.584962500721156,0,0,0,0,1,1,0,0,6,528,0,0,0,1,1,0,0,0,0,0,0,0,9,38,2.302585092994046,3.6635616461296463
0spqrbq8rq,0,0,0,0,0,1,1,1,0,0,7,9,0,0,16,3.5,8.0,0.008610086100861008,812,812,0.0012300123001230013,0.998769987699877,0,0,1,1,0,1,1,0.5,0.058823529411764705,0.125,0,0,1,0,0,1,10,2.6464393446710153,0,0,0,0,0,0,0,0,159,1419,0,0,0,4,1,0,0,0,0,0,0,0,8,46,2.1972245773362196,3.8501476017100584
0ssx45,0,0,0,0,0,1,2,0,6,0,0,0,0,0,0,0.0,0.0,0.0,1151,1151,0.0008680555555555555,0.9991319444444444,0,0,1,1,0,1,1,0.5,1.0,1.0,0,0,1,0,0,1,6,2.2516291673878226,0,0,0,0,1,1,0,0,6,616,0,0,0,1,1,0,0,0,0,0,0,0,7,28,2.0794415416798357,3.367295829986474
0static,0,0,0,0,0,6,0,2,0,0,0,1,0,0,1,0.0,0.14285714285714285,0.0,947,758,0.006329113924050633,0.79957805907173,0,0,1,1,0,1,1,0.14285714285714285,0.5,1.0,0,0,1,0,0,1,7,2.521640636343318,0,0,0,0,1,1,0,0,4,256,0,0,0,3,1,0,0,0,0,0,0,0,14,87,2.70805020110221,4.477336814478207
0supportscolor,0,0,0,0,0,1,0,0,1,0,0,0,0,0,0,0.0,0.0,0.0,1412,1046,0.0007077140835102619,0.7402689313517339,0,0,1,1,0,1,1,0.5,1.0,1.0,0,0,1,0,0,1,14,3.039148671903071,1,0,0,0,0,0,0,0,24,0,0,0,0,0,0,0,0,0,0,0,0,0,22,253,3.1354942159291497,5.537334267018537
0svyx5,0,0,0,0,0,1,2,3,5,0,0,0,0,0,0,0.0,0.0,0.0,1151,1151,0.0008680555555555555,0.9991319444444444,0,0,1,1,0,1,1,0.5,1.0,1.0,0,0,1,0,0,1,6,2.584962500721156,0,0,0,0,1,1,0,0,6,556,0,0,0,1,1,0,0,0,0,0,0,0,6,27,1.9459101490553132,3.332204510175204
0sxokg,0,0,0,0,0,1,0,0,1,0,0,0,0,0,0,0.0,0.0,0.0,630,630,0.001584786053882726,0.9984152139461173,0,0,0,0,1,0,1,0.0,0.0,0.0,0,0,1,0,0,1,6,2.584962500721156,1,0,0,0,0,0,0,0,24,0,0,0,0,0,0,0,0,0,0,0,0,0,16,213,2.833213344056216,5.365976015021851
0t,0,0,0,0,0,1,1,0,0,0,1,0,0,0,1,0.5,0.5,0.00048007681228996637,2082,1549,0.00048007681228996637,0.743638982237158,0,0,1,1,0,1,1,0.5,0.5,0.5,0,0,1,0,0,1,2,1.0,1,1,1,1,1,1,1,4,21,28,0,1,0,1,1,0,0,0,0,0,0,0,10,36,2.3978952727983707,3.6109179126442243
0taeew,0,0,0,0,0,1,2,2,2,0,0,0,0,0,0,0.0,0.0,0.0,1151,1151,0.0008680555555555555,0.9991319444444444,0,0,1,1,0,1,1,0.5,1.0,1.0,0,0,1,0,0,1,6,2.251629167387823,0,0,0,0,1,1,0,0,6,530,0,0,0,1,1,0,0,0,0,0,0,0,8,26,2.1972245773362196,3.295836866004329
0tbqnu,0,0,0,0,0,1,3,1,4,0,0,0,0,0,0,0.0,0.0,0.0,1152,1152,0.0008673026886383347,0.9991326973113617,0,0,1,1,0,1,1,0.5,1.0,1.0,0,0,1,0,0,1,6,2.584962500721156,0,0,0,0,1,1,0,0,6,639,0,0,0,1,1,0,0,0,0,0,0,0,9,31,2.302585092994046,3.4657359027997265
0te,0,0,0,0,0,7,0,0,7,0,1,0,0,0,1,0.125,0.125,0.0005512679162072767,1813,1227,0.003858875413450937,0.6764057331863286,0,0,1,3,0,0,0,0.375,1.5,1.5,0,0,1,0,0,1,3,1.584962500721156,0,0,0,0,0,0,0,0,0,28,1,1,0,0,0,0,0,0,0,0,0,0,172,596,5.153291594497779,6.391917113392602
0tea,0,0,0,0,0,1,1,4,3,0,38,0,0,0,38,19.0,19.0,0.04865556978233035,780,780,0.0012804097311139564,0.998719590268886,0,0,1,1,0,1,1,0.5,0.02564102564102564,0.02564102564102564,0,0,1,0,0,1,4,2.0,1,1,1,1,1,0,1,2,8,28,0,0,0,1,1,0,0,0,0,0,0,0,10,41,2.3978952727983707,3.7376696182833684
0th1dj,0,0,0,0,0,1,2,3,2,0,0,0,0,0,0,0.0,0.0,0.0,1152,1152,0.0008673026886383347,0.9991326973113617,0,0,1,1,0,1,1,0.5,1.0,1.0,0,0,1,0,0,1,6,2.584962500721156,0,0,0,0,1,1,0,0,6,620,0,0,0,1,1,0,0,0,0,0,0,0,9,36,2.302585092994046,3.6109179126442243
0thg2y,0,0,0,0,0,1,2,0,5,0,0,0,0,0,0,0.0,0.0,0.0,1151,1151,0.0008680555555555555,0.9991319444444444,0,0,1,1,0,1,1,0.5,1.0,1.0,0,0,1,0,0,1,6,2.584962500721156,0,0,0,0,1,1,0,0,6,586,0,0,0,1,1,0,0,0,0,0,0,0,7,28,2.0794415416798357,3.367295829986474
0this,0,0,0,0,0,2,0,0,1,0,0,6,0,0,6,0.0,2.0,0.0,2210,1549,0.0009045680687471732,0.7005879692446857,0,0,1,1,0,1,1,0.3333333333333333,0.14285714285714285,1.0,0,0,1,0,0,1,5,2.321928094887362,1,1,1,1,1,1,1,1,5,327,0,0,0,0,0,0,0,0,0,0,0,0,8,40,2.1972245773362196,3.713572066704308
0timeout,0,0,0,0,0,1,0,0,6,0,0,1,0,1,2,0.0,1.0,0.0,366,366,0.0027247956403269754,0.997275204359673,0,0,0,1,0,1,1,0.5,0.3333333333333333,1.0,0,0,1,0,0,1,8,2.75,0,0,0,0,0,1,1,4,54,0,0,0,0,0,0,0,0,0,0,0,0,0,10,41,2.3978952727983707,3.7376696182833684
0to1,0,0,0,0,0,1,1,0,0,0,0,0,0,0,0,0.0,0.0,0.0,641,641,0.001557632398753894,0.9984423676012462,0,0,0,1,0,1,1,0.5,1.0,1.0,0,0,1,0,0,1,4,2.0,0,0,0,0,1,0,0,0,0,0,1,0,0,1,1,0,0,0,0,0,0,0,8,26,2.1972245773362196,3.295836866004329
0to1-builders,0,0,0,0,0,1,0,1,0,0,5,4,0,0,9,2.5,4.5,0.15625,31,31,0.03125,0.96875,0,0,0,1,0,1,1,0.5,0.1,0.16666666666666666,0,0,2,1,0,1,13,3.7004397181410926,1,1,1,1,1,1,1,9,94,3641,0,0,0,7,1,0,0,0,0,0,0,0,11,192,2.4849066497880004,5.262690188904886
0todo-list,0,0,0,0,0,1,2,0,1,0,4,1,0,0,5,2.0,2.5,0.004878048780487805,819,819,0.0012195121951219512,0.998780487804878,0,0,1,1,0,1,1,0.5,0.16666666666666666,0.2,0,0,2,1,0,1,10,2.9219280948873623,0,0,0,0,1,0,0,0,0,28,1,0,0,1,1,0,0,0,0,0,0,0,9,33,2.302585092994046,3.5263605246161616
0todo-listapp,0,0,0,0,0,2,2,0,3,0,1,1,0,0,2,0.3333333333333333,0.6666666666666666,0.0012135922330097086,823,823,0.0024271844660194173,0.9987864077669902,0,0,1,1,0,1,1,0.3333333333333333,0.3333333333333333,0.5,0,0,2,1,0,1,13,3.238901256602631,0,0,0,0,1,0,0,0,0,28,1,0,0,1,1,0,0,0,0,0,0,0,9,49,2.302585092994046,3.912023005428146
0ts-helper,0,0,0,0,0,2,0,0,2,0,1,19,0,0,20,0.3333333333333333,6.666666666666667,0.0010570824524312897,945,945,0.0021141649048625794,0.9989429175475687,0,0,1,1,0,1,1,0.3333333333333333,0.047619047619047616,0.5,0,0,2,1,0,1,10,3.1219280948873624,0,0,0,0,1,1,1,2,5,28,0,0,0,14,1,0,0,0,1,0,1,1,9,38,2.302585092994046,3.6635616461296463
0tt3h4,0,0,0,0,0,1,3,0,1,0,0,0,0,0,0,0.0,0.0,0.0,1151,1151,0.0008680555555555555,0.9991319444444444,0,0,1,1,0,1,1,0.5,1.0,1.0,0,0,1,0,0,1,6,2.2516291673878226,0,0,0,0,1,1,0,0,6,599,0,0,0,1,1,0,0,0,0,0,0,0,6,25,1.9459101490553132,3.258096538021482
0tuuuden-nnnn,0,0,0,0,0,1,1,0,7,0,10,0,0,0,10,5.0,5.0,0.011933174224343675,837,837,0.0011933174224343676,0.9988066825775657,0,0,1,1,0,1,1,0.5,0.09090909090909091,0.09090909090909091,0,0,2,1,0,1,13,2.4416298737872246,1,1,1,1,1,1,1,4,47,12,0,0,0,1,1,0,0,0,0,0,0,0,6,26,1.9459101490553132,3.295836866004329
0tw4_ywk4,0,0,0,0,0,1,1,0,0,0,0,0,0,0,0,0.0,0.0,0.0,1182,1182,0.0008453085376162299,0.9991546914623838,0,0,1,1,0,1,1,0.5,1.0,1.0,0,0,2,0,0,1,9,2.725480556997868,0,0,0,0,1,0,1,1,4,1858,0,0,0,1,1,0,0,0,0,0,0,0,13,71,2.6390573296152584,4.276666119016055
0tw_oks,0,0,0,0,0,1,1,0,0,0,0,0,0,0,0,0.0,0.0,0.0,1182,1182,0.0008453085376162299,0.9991546914623838,0,0,1,1,0,1,1,0.5,1.0,1.0,0,0,2,0,0,1,7,2.807354922057604,0,0,0,0,1,0,1,1,3,1740,0,0,0,1,1,0,0,0,0,0,0,0,9,30,2.302585092994046,3.4339872044851463
0type,0,0,0,0,0,5,0,2,0,0,0,24,0,0,24,0.0,4.0,0.0,947,552,0.005274261603375527,0.5822784810126582,0,0,0,1,0,1,1,0.16666666666666666,0.04,1.0,0,0,1,0,0,1,5,2.321928094887362,0,0,0,0,1,1,1,3,5,2188,0,0,0,7,1,0,0,0,1,0,1,1,18,80,2.9444389791664403,4.394449154672439
0u,0,0,0,0,0,1,0,0,1,0,0,0,0,0,0,0.0,0.0,0.0,2,2,0.3333333333333333,0.6666666666666666,1,1,0,0,1,0,1,0.0,0.0,0.0,0,0,1,0,0,1,2,1.0,1,0,0,0,0,0,0,0,24,0,0,1,0,0,0,0,0,0,0,0,0,0,322,355,5.777652323222656,5.87493073085203
0u3sik,0,0,0,0,0,1,1,2,2,0,0,0,0,0,0,0.0,0.0,0.0,1151,1151,0.0008680555555555555,0.9991319444444444,0,0,1,1,0,1,1,0.5,1.0,1.0,0,0,1,0,0,1,6,2.584962500721156,0,0,0,0,1,1,0,0,6,595,0,0,0,1,1,0,0,0,0,0,0,0,6,22,1.9459101490553132,3.1354942159291497
0u8a1v,0,0,0,0,0,1,2,1,1,0,0,0,0,0,0,0.0,0.0,0.0,1151,1151,0.0008680555555555555,0.9991319444444444,0,0,1,1,0,1,1,0.5,1.0,1.0,0,0,1,0,0,1,6,2.584962500721156,0,0,0,0,1,1,0,0,6,720,0,0,0,1,1,0,0,0,0,0,0,0,8,32,2.1972245773362196,3.4965075614664802
0uaonkzeqj,0,0,0,0,0,1,2,1,0,0,7,9,0,0,16,3.5,8.0,0.008860759493670886,789,789,0.0012658227848101266,0.9987341772151899,0,0,1,1,0,1,1,0.5,0.058823529411764705,0.125,0,0,1,0,0,1,10,3.321928094887362,0,0,0,0,0,0,0,0,159,1419,0,0,0,4,1,0,0,0,0,0,0,0,7,37,2.0794415416798357,3.6375861597263857
0uccdu6sba,0,0,0,0,0,1,1,1,0,0,7,9,0,0,16,3.5,8.0,0.008620689655172414,811,811,0.0012315270935960591,0.9987684729064039,0,0,1,1,0,1,1,0.5,0.058823529411764705,0.125,0,0,1,0,0,1,10,2.9219280948873623,0,0,0,0,0,0,0,0,159,1419,0,0,0,4,1,0,0,0,0,0,0,0,7,35,2.0794415416798357,3.58351893845611
0ucrow6h2k,0,0,0,0,0,1,1,1,0,0,7,9,0,0,16,3.5,8.0,0.008557457212713936,817,817,0.0012224938875305623,0.9987775061124694,0,0,1,1,0,1,1,0.5,0.058823529411764705,0.125,0,0,1,0,0,1,10,3.321928094887362,0,0,0,0,0,0,0,0,159,1419,0,0,0,4,1,0,0,0,0,0,0,0,8,36,2.1972245773362196,3.6109179126442243
0uct2gnizniu,0,0,0,0,0,24,2,24,18,0,0,0,0,0,0,0.0,0.0,0.0,435,434,0.05504587155963303,0.9954128440366973,0,0,0,1,0,1,1,0.04,1.0,1.0,0,0,1,0,0,1,12,3.084962500721156,0,0,0,0,1,0,0,0,31,28,0,0,0,1,1,0,0,0,0,0,0,0,9,150,2.302585092994046,5.017279836814924
0udo0a4npbqr,0,0,0,0,0,2,0,12,0,0,0,0,0,0,0,0.0,0.0,0.0,335,334,0.005952380952380952,0.9940476190476191,0,0,0,1,0,1,1,0.3333333333333333,1.0,1.0,0,0,1,0,0,1,12,3.4182958340544896,0,0,0,0,1,0,0,0,42,28,0,0,0,1,1,0,0,0,0,0,0,0,10,50,2.3978952727983707,3.9318256327243257
0ui,0,0,0,0,0,3,1,2,0,0,2,8,0,0,10,0.5,2.5,0.0006620324395895399,3020,408,0.0009930486593843098,0.13505461767626614,0,0,0,1,0,1,1,0.25,0.09090909090909091,0.3333333333333333,0,0,1,0,0,1,3,1.584962500721156,0,0,0,0,1,1,0,0,46,3101,0,1,0,3,1,0,0,0,0,0,0,0,18,87,2.9444389791664403,4.477336814478207
0uqn1s,0,0,0,0,0,1,1,1,8,0,0,0,0,0,0,0.0,0.0,0.0,1152,1152,0.0008673026886383347,0.9991326973113617,0,0,1,1,0,1,1,0.5,1.0,1.0,0,0,1,0,0,1,6,2.584962500721156,0,0,0,0,1,1,0,0,6,596,0,0,0,1,1,0,0,0,0,0,0,0,10,35,2.3978952727983707,3.58351893845611
0uth,0,0,0,0,0,11,1,2,1,0,21,5,0,0,26,1.75,2.1666666666666665,0.01984877126654064,1057,1041,0.010396975425330813,0.9839319470699432,0,0,1,1,0,1,1,0.08333333333333333,0.037037037037037035,0.045454545454545456,0,0,1,0,0,1,4,2.0,1,1,1,1,1,1,1,5,230,3827,0,0,0,1,1,0,0,0,0,0,0,0,32,142,3.4965075614664802,4.962844630259907
0utmailauth,0,0,0,0,0,1,1,0,0,0,2,0,0,0,2,1.0,1.0,0.014388489208633094,138,138,0.007194244604316547,0.9928057553956835,0,0,0,1,0,1,1,0.5,0.3333333333333333,0.3333333333333333,0,0,1,0,0,1,11,2.9139770731827523,0,0,0,0,1,1,1,4,56,184,0,0,0,1,1,0,0,0,0,0,0,0,10,33,2.3978952727983707,3.5263605246161616
0utmailcore,0,0,0,0,0,1,1,0,0,0,0,0,0,0,0,0.0,0.0,0.0,138,138,0.007194244604316547,0.9928057553956835,0,0,0,1,0,1,1,0.5,1.0,1.0,0,0,1,0,0,1,11,3.459431618637298,0,0,0,0,1,1,0,0,43,28,0,0,0,1,1,0,0,0,0,0,0,0,6,27,1.9459101490553132,3.332204510175204
0uxlavt37i,0,0,0,0,0,1,1,0,0,0,1,0,0,0,1,0.5,0.5,0.002688172043010753,371,371,0.002688172043010753,0.9973118279569892,0,0,0,1,0,1,1,0.5,0.5,0.5,0,0,1,0,0,1,10,3.321928094887362,1,1,1,1,1,0,1,4,24,191,0,0,0,2,1,0,0,0,0,0,0,0,6,30,1.9459101490553132,3.4339872044851463
0v,0,0,0,0,0,1,1,0,0,0,1,0,0,0,1,0.5,0.5,0.00048007681228996637,2082,1549,0.00048007681228996637,0.743638982237158,0,0,1,1,0,1,1,0.5,0.5,0.5,0,0,1,0,0,1,2,1.0,1,1,1,1,1,1,1,4,21,28,0,1,0,1,1,0,0,0,0,0,0,0,10,42,2.3978952727983707,3.7612001156935624
0v2ssbmohw4r,0,0,0,0,0,2,0,12,0,0,0,0,0,0,0,0.0,0.0,0.0,58,57,0.03389830508474576,0.9661016949152542,0,0,0,1,0,1,1,0.3333333333333333,1.0,1.0,0,0,1,0,0,1,12,3.4182958340544896,0,0,0,0,1,0,0,0,42,28,0,0,0,1,1,0,0,0,0,0,0,0,12,42,2.5649493574615367,3.7612001156935624
0v3bi2,0,0,0,0,0,1,2,1,1,0,0,0,0,0,0,0.0,0.0,0.0,1151,1151,0.0008680555555555555,0.9991319444444444,0,0,1,1,0,1,1,0.5,1.0,1.0,0,0,1,0,0,1,6,2.584962500721156,0,0,0,0,1,1,0,0,6,598,0,0,0,1,1,0,0,0,0,0,0,0,12,35,2.5649493574615367,3.58351893845611
0vbfdn,0,0,0,0,0,1,3,3,6,0,0,0,0,0,0,0.0,0.0,0.0,1151,1151,0.0008680555555555555,0.9991319444444444,0,0,1,1,0,1,1,0.5,1.0,1.0,0,0,1,0,0,1,6,2.584962500721156,0,0,0,0,1,1,0,0,6,695,0,0,0,1,1,0,0,0,0,0,0,0,9,36,2.302585092994046,3.6109179126442243
0vbyd3,0,0,0,0,0,1,1,0,5,0,0,0,0,0,0,0.0,0.0,0.0,1152,1152,0.0008673026886383347,0.9991326973113617,0,0,1,1,0,1,1,0.5,1.0,1.0,0,0,1,0,0,1,6,2.584962500721156,0,0,0,0,1,1,0,0,6,579,0,0,0,1,1,0,0,0,0,0,0,0,8,30,2.1972245773362196,3.4339872044851463
0vdao,0,0,0,0,0,1,0,0,10,0,0,27,0,0,27,0.0,13.5,0.0,945,945,0.0010570824524312897,0.9989429175475687,0,0,1,1,0,1,1,0.5,0.03571428571428571,1.0,0,0,1,0,0,1,5,2.321928094887362,0,0,0,0,1,1,1,2,5,149,0,0,0,6,1,0,0,0,0,0,0,0,10,24,2.3978952727983707,3.2188758248682006
0vem_jaf,0,0,0,0,0,1,1,0,0,0,0,0,0,0,0,0.0,0.0,0.0,1185,1185,0.0008431703204047217,0.9991568296795953,0,0,1,1,0,1,1,0.5,1.0,1.0,0,0,2,0,0,1,8,3.0,0,0,0,0,1,0,1,1,4,2111,0,0,0,1,1,0,0,0,0,0,0,0,11,34,2.4849066497880004,3.5553480614894135
0vetl9,0,0,0,0,0,1,1,3,1,0,0,0,0,0,0,0.0,0.0,0.0,1151,1151,0.0008680555555555555,0.9991319444444444,0,0,1,1,0,1,1,0.5,1.0,1.0,0,0,1,0,0,1,6,2.584962500721156,0,0,0,0,1,1,0,0,6,671,0,0,0,1,1,0,0,0,0,0,0,0,9,29,2.302585092994046,3.4011973816621555
0vhehoj5j_bwt,0,0,0,0,0,1,1,0,0,0,0,0,0,0,0,0.0,0.0,0.0,1182,1182,0.0008453085376162299,0.9991546914623838,0,0,1,1,0,1,1,0.5,1.0,1.0,0,0,2,0,0,1,13,3.3927474104487847,0,0,0,0,1,0,1,1,9,1953,0,0,0,1,1,0,0,0,0,0,0,0,7,30,2.0794415416798357,3.4339872044851463
0vhjbv,0,0,0,0,0,1,3,3,1,0,0,0,0,0,0,0.0,0.0,0.0,1151,1151,0.0008680555555555555,0.9991319444444444,0,0,1,1,0,1,1,0.5,1.0,1.0,0,0,1,0,0,1,6,2.2516291673878226,0,0,0,0,1,1,0,0,6,635,0,0,0,1,1,0,0,0,0,0,0,0,6,22,1.9459101490553132,3.1354942159291497
0voa1rcxh8gs,0,0,0,0,0,24,2,24,18,0,0,0,0,0,0,0.0,0.0,0.0,339,338,0.07058823529411765,0.9941176470588236,0,0,0,1,0,1,1,0.04,1.0,1.0,0,0,1,0,0,1,12,3.584962500721156,0,0,0,0,1,0,0,0,31,28,0,0,0,1,1,0,0,0,0,0,0,0,38,179,3.6635616461296463,5.19295685089021
0vp4ur,0,0,0,0,0,1,3,2,5,0,0,0,0,0,0,0.0,0.0,0.0,1153,1153,0.0008665511265164644,0.9991334488734835,0,0,1,1,0,1,1,0.5,1.0,1.0,0,0,1,0,0,1,6,2.584962500721156,0,0,0,0,1,1,0,0,6,569,0,0,0,1,1,0,0,0,0,0,0,0,13,37,2.6390573296152584,3.6375861597263857
0vsbkp1eleew82lj,0,0,0,0,0,1,1,0,0,0,3,0,0,0,3,1.5,1.5,0.003663003663003663,818,818,0.001221001221001221,0.9987789987789988,0,0,1,1,0,1,1,0.5,0.25,0.25,0,0,1,0,0,1,16,3.577819531114783,0,0,0,0,1,1,1,2,10,28,0,0,0,1,1,0,0,0,0,0,0,0,10,32,2.3978952727983707,3.4965075614664802
0vulns-dependency-confusion-poc,0,0,0,0,0,1,1,0,0,0,0,0,0,0,0,0.0,0.0,0.0,553,553,0.0018050541516245488,0.9981949458483754,0,0,0,1,0,1,1,0.5,1.0,1.0,0,0,4,1,0,1,31,3.708093391577498,0,0,0,0,1,1,1,2,72,28,0,0,0,2,1,1,0,0,0,0,1,1,75,519,4.330733340286331,6.253828811575473
0vva54,0,0,0,0,0,1,1,3,6,0,0,0,0,0,0,0.0,0.0,0.0,1152,1152,0.0008673026886383347,0.9991326973113617,0,0,1,1,0,1,1,0.5,1.0,1.0,0,0,1,0,0,1,6,2.251629167387823,0,0,0,0,1,1,0,0,6,631,0,0,0,1,1,0,0,0,0,0,0,0,50,135,3.9318256327243257,4.912654885736052
0vyd3j,0,0,0,0,0,1,1,1,5,0,0,0,0,0,0,0.0,0.0,0.0,1151,1151,0.0008680555555555555,0.9991319444444444,0,0,1,1,0,1,1,0.5,1.0,1.0,0,0,1,0,0,1,6,2.584962500721156,0,0,0,0,1,1,0,0,6,505,0,0,0,1,1,0,0,0,0,0,0,0,9,28,2.302585092994046,3.367295829986474
0w,0,0,0,0,0,1,1,0,0,0,1,0,0,0,1,0.5,0.5,0.00048007681228996637,2082,1549,0.00048007681228996637,0.743638982237158,0,0,1,1,0,1,1,0.5,0.5,0.5,0,0,1,0,0,1,2,1.0,1,1,1,1,1,1,1,4,21,28,0,1,0,1,1,0,0,0,0,0,0,0,14,42,2.70805020110221,3.7612001156935624
0w0,0,0,0,0,0,1,0,0,1,0,0,10,0,0,10,0.0,5.0,0.0,474,474,0.002105263157894737,0.9978947368421053,0,0,0,1,0,1,1,0.5,0.09090909090909091,1.0,0,0,1,0,0,1,3,0.9182958340544896,1,1,1,1,1,0,0,0,35,1426,0,1,0,8,1,0,0,0,0,0,0,0,9,35,2.302585092994046,3.58351893845611
0w496u,0,0,0,0,0,1,3,2,4,0,0,0,0,0,0,0.0,0.0,0.0,1152,1152,0.0008673026886383347,0.9991326973113617,0,0,1,1,0,1,1,0.5,1.0,1.0,0,0,1,0,0,1,6,2.584962500721156,0,0,0,0,1,1,0,0,6,587,0,0,0,1,1,0,0,0,0,0,0,0,9,29,2.302585092994046,3.4011973816621555
0w86h2,0,0,0,0,0,1,3,3,4,0,0,0,0,0,0,0.0,0.0,0.0,1152,1152,0.0008673026886383347,0.9991326973113617,0,0,1,1,0,1,1,0.5,1.0,1.0,0,0,1,0,0,1,6,2.584962500721156,0,0,0,0,1,1,0,0,6,633,0,0,0,1,1,0,0,0,0,0,0,0,9,36,2.302585092994046,3.6109179126442243
0waasu,0,0,0,0,0,1,2,0,0,0,0,0,0,0,0,0.0,0.0,0.0,1153,1153,0.0008665511265164644,0.9991334488734835,0,0,1,1,0,1,1,0.5,1.0,1.0,0,0,1,0,0,1,6,2.2516291673878226,0,0,0,0,1,1,0,0,6,518,0,0,0,1,1,0,0,0,0,0,0,0,10,37,2.3978952727983707,3.6375861597263857
0wagywt862,0,0,0,0,0,1,1,1,0,0,7,9,0,0,16,3.5,8.0,0.008557457212713936,817,817,0.0012224938875305623,0.9987775061124694,0,0,1,1,0,1,1,0.5,0.058823529411764705,0.125,0,0,1,0,0,1,10,3.121928094887362,0,0,0,0,0,0,0,0,159,1419,0,0,0,4,1,0,0,0,0,0,0,0,5,29,1.791759469228055,3.4011973816621555
0wau17,0,0,0,0,0,1,1,2,1,0,0,0,0,0,0,0.0,0.0,0.0,1152,1152,0.0008673026886383347,0.9991326973113617,0,0,1,1,0,1,1,0.5,1.0,1.0,0,0,1,0,0,1,6,2.584962500721156,0,0,0,0,1,1,0,0,6,488,0,0,0,1,1,0,0,0,0,0,0,0,6,25,1.9459101490553132,3.258096538021482
0wbuxp,0,0,0,0,0,1,3,2,5,0,0,0,0,0,0,0.0,0.0,0.0,1153,1153,0.0008665511265164644,0.9991334488734835,0,0,1,1,0,1,1,0.5,1.0,1.0,0,0,1,0,0,1,6,2.584962500721156,0,0,0,0,1,1,0,0,6,639,0,0,0,1,1,0,0,0,0,0,0,0,5,31,1.791759469228055,3.4657359027997265
0wcc9yywcywy,0,0,0,0,0,1,1,0,0,0,1,0,0,0,1,0.5,0.5,0.0014326647564469914,697,697,0.0014326647564469914,0.998567335243553,0,0,0,1,0,1,1,0.5,0.5,0.5,0,0,1,0,0,1,12,2.1258145836939115,1,1,1,1,1,1,0,0,0,28,1,0,0,1,1,0,0,0,0,0,0,0,10,32,2.3978952727983707,3.4965075614664802
0wcnyd,0,0,0,0,0,1,3,2,2,0,0,0,0,0,0,0.0,0.0,0.0,1153,1153,0.0008665511265164644,0.9991334488734835,0,0,1,1,0,1,1,0.5,1.0,1.0,0,0,1,0,0,1,6,2.584962500721156,0,0,0,0,1,1,0,0,6,611,0,0,0,1,1,0,0,0,0,0,0,0,7,26,2.0794415416798357,3.295836866004329
0weajsb,0,0,0,0,0,1,1,0,14,0,9,0,0,0,9,4.5,4.5,0.011703511053315995,768,768,0.0013003901170351106,0.9986996098829649,0,0,1,1,0,1,1,0.5,0.1,0.1,0,0,1,0,0,1,7,2.807354922057604,0,0,0,0,1,0,0,0,187,224,0,0,0,1,1,0,0,0,0,0,0,0,6,28,1.9459101490553132,3.367295829986474
0wh04tjzhw,0,0,0,0,0,1,2,1,0,0,7,9,0,0,16,3.5,8.0,0.008849557522123894,790,790,0.0012642225031605564,0.9987357774968394,0,0,1,1,0,1,1,0.5,0.058823529411764705,0.125,0,0,1,0,0,1,10,2.7219280948873625,0,0,0,0,0,0,0,0,159,1419,0,0,0,4,1,0,0,0,0,0,0,0,9,43,2.302585092994046,3.784189633918261
0wqo4ud2z3,0,0,0,0,0,1,2,1,0,0,7,9,0,0,16,3.5,8.0,0.008860759493670886,789,789,0.0012658227848101266,0.9987341772151899,0,0,1,1,0,1,1,0.5,0.058823529411764705,0.125,0,0,1,0,0,1,10,3.321928094887362,0,0,0,0,0,0,0,0,159,1419,0,0,0,4,1,0,0,0,0,0,0,0,5,37,1.791759469228055,3.6375861597263857
0wti17,0,0,0,0,0,1,1,0,9,0,0,0,0,0,0,0.0,0.0,0.0,1152,1152,0.0008673026886383347,0.9991326973113617,0,0,1,1,0,1,1,0.5,1.0,1.0,0,0,1,0,0,1,6,2.584962500721156,0,0,0,0,1,1,0,0,6,654,0,0,0,1,1,0,0,0,0,0,0,0,8,31,2.1972245773362196,3.4657359027997265
0wu8yw8by8cw,0,0,0,0,0,1,1,0,0,0,1,0,0,0,1,0.5,0.5,0.0014326647564469914,697,697,0.0014326647564469914,0.998567335243553,0,0,0,1,0,1,1,0.5,0.5,0.5,0,0,1,0,0,1,12,2.625814583693911,1,1,1,1,1,1,0,0,0,28,1,0,0,1,1,0,0,0,0,0,0,0,9,44,2.302585092994046,3.8066624897703196
0x,0,0,0,0,0,125,6,0,0,0,28,4,0,0,32,0.2222222222222222,0.25396825396825395,0.0073859140068583485,3790,359,0.032972830387760485,0.09469796887364812,0,0,0,3,0,0,0,0.023809523809523808,0.09090909090909091,0.10344827586206896,0,0,1,0,0,1,2,1.0,1,1,1,1,1,1,0,0,39,8305,0,1,0,4,1,0,0,0,0,0,0,0,86683,377055,11.370024601332222,12.840148996513067
0x-assert,0,0,0,0,0,2,0,0,3,0,5,13,0,0,18,1.6666666666666667,6.0,0.0015762925598991173,3171,1549,0.0006305170239596469,0.48833543505674654,0,0,1,1,0,1,1,0.3333333333333333,0.05263157894736842,0.16666666666666666,0,0,2,1,0,1,9,2.9477027792200903,1,1,1,1,1,0,0,0,83,184,0,0,0,6,1,0,0,0,0,0,1,1,15,52,2.772588722239781,3.970291913552122
0x-bee-contracts,0,0,0,0,0,11,1,1,0,0,0,3,0,0,3,0.0,0.25,0.0,1208,1179,0.009098428453267164,0.9751861042183623,0,0,1,1,0,1,1,0.08333333333333333,0.25,1.0,0,0,3,1,0,1,16,3.5,1,1,1,1,1,1,0,0,0,28,1,0,0,1,1,0,0,0,0,0,0,0,22,95,3.1354942159291497,4.564348191467836
0x-beez-ts,0,0,0,0,0,149,1,0,0,0,1,4,0,0,5,0.006666666666666667,0.03333333333333333,0.0009009009009009009,1109,1017,0.13423423423423422,0.9162162162162162,0,0,1,1,0,1,1,0.006666666666666667,0.16666666666666666,0.5,0,0,3,1,0,1,10,2.9219280948873623,0,0,0,0,1,1,0,0,0,28,1,0,0,2,1,0,0,0,0,0,0,0,7,650,2.0794415416798357,6.478509642208569
0x-connect-v0,0,0,0,0,0,1,0,6,17,0,1,0,0,0,1,0.5,0.5,0.0003502626970227671,2854,1549,0.0003502626970227671,0.5425569176882662,0,0,1,1,0,1,1,0.5,0.5,0.5,0,0,3,1,0,1,13,3.085055102756477,1,1,1,1,1,1,1,1,44,123,0,0,0,1,1,0,0,0,0,0,0,0,9,37,2.302585092994046,3.6375861597263857
0x-debug,0,0,0,0,0,6,1,0,3,0,18,20,0,0,38,2.5714285714285716,5.428571428571429,0.007036747458952306,2557,1549,0.0023455824863174357,0.6055512118842846,0,0,1,1,0,1,1,0.14285714285714285,0.02564102564102564,0.05263157894736842,0,0,2,1,0,1,8,3.0,1,1,1,1,1,1,1,1,255,16628,0,0,0,7,1,0,0,0,0,0,0,0,15,84,2.772588722239781,4.442651256490317
0x-exchange-events,0,0,0,0,0,2,0,0,2,0,5,11,0,0,16,1.6666666666666667,5.333333333333333,0.0018580453363062058,2690,1549,0.0007432181345224824,0.5756224451876626,0,0,1,1,0,1,1,0.3333333333333333,0.058823529411764705,0.16666666666666666,0,0,3,1,0,1,18,3.3921472236645345,1,1,1,1,1,1,0,0,86,4815,0,0,0,3,1,0,0,0,0,0,0,0,9,51,2.302585092994046,3.9512437185814275
0x-fee-wrapper-contract,0,0,0,0,0,1,0,0,1,0,0,0,0,0,0,0.0,0.0,0.0,1472,1046,0.0006788866259334691,0.7101154107264087,0,0,1,1,0,1,1,0.5,1.0,1.0,0,0,4,1,0,1,23,3.555533151426996,1,0,0,0,0,0,0,0,24,0,0,0,0,0,0,0,0,0,0,0,0,0,17,245,2.8903717578961645,5.5053315359323625
0x-hunter-constracts,0,0,0,0,0,27,1,0,0,0,0,3,0,0,3,0.0,0.10714285714285714,0.0,1398,1332,0.01929949964260186,0.952108649035025,0,0,1,1,0,1,1,0.03571428571428571,0.25,1.0,0,0,3,1,0,1,20,3.5841837197791886,1,1,1,1,1,1,0,0,0,28,1,0,0,1,1,0,0,0,0,0,0,0,45,146,3.828641396489095,4.990432586778736
0x-hunter-core,0,0,0,0,0,109,1,0,1,0,3,1,0,0,4,0.02727272727272727,0.03636363636363636,0.002135231316725979,1404,1269,0.07758007117437722,0.903202846975089,0,0,1,1,0,1,1,0.00909090909090909,0.2,0.25,0,0,3,1,0,1,14,3.378783493486176,1,1,1,1,1,1,0,0,0,6,1,0,0,1,1,0,0,0,0,0,0,0,14,393,2.70805020110221,5.976350909297934
0x-instant-component,0,0,0,0,0,2,1,0,1,0,3,3,0,0,6,1.0,2.0,0.00108499095840868,2764,1549,0.0007233273056057866,0.5602169981916817,0,0,1,1,0,1,1,0.3333333333333333,0.14285714285714285,0.25,0,0,3,1,0,1,20,3.484183719779189,1,1,1,1,1,1,0,0,54,501,0,0,0,2,1,0,0,0,0,0,0,0,12,52,2.5649493574615367,3.970291913552122
0x-json-schemas,0,0,0,0,0,16,0,6,6,0,2,15,0,0,17,0.11764705882352941,1.0,0.0006191950464396285,3229,1480,0.004953560371517028,0.4582043343653251,0,0,1,5,0,0,0,0.29411764705882354,0.2777777777777778,1.6666666666666667,0,0,3,1,0,1,15,3.4565647621309536,1,1,1,1,1,0,0,0,23,559,0,0,1,5,1,0,0,0,0,0,0,0,63,288,4.1588830833596715,5.666426688112432
0x-lang,0,0,0,0,0,30,0,1,29,0,5,3,0,0,8,0.16129032258064516,0.25806451612903225,0.035211267605633804,141,139,0.2112676056338028,0.9788732394366197,0,0,0,1,0,1,1,0.03225806451612903,0.1111111111111111,0.16666666666666666,0,0,2,1,0,1,7,2.807354922057604,1,1,1,1,1,1,1,19,43,24485,0,0,0,5,1,0,0,0,0,0,1,1,44,165,3.8066624897703196,5.111987788356544
0x-lang-mcp-server,0,0,0,0,0,1,0,1,5,0,2,2,0,0,4,1.0,2.0,0.014084507042253521,141,141,0.007042253521126761,0.9929577464788732,0,0,0,1,0,1,1,0.5,0.2,0.3333333333333333,0,0,4,1,0,1,18,3.68354236243323,1,1,1,1,1,0,1,10,78,936,0,0,0,2,1,0,0,0,0,0,0,0,15,79,2.772588722239781,4.382026634673881
0x-libs,0,0,0,0,0,1,1,0,0,0,1,14,0,0,15,0.5,7.5,0.0014814814814814814,674,674,0.0014814814814814814,0.9985185185185185,0,0,0,1,0,1,1,0.5,0.0625,0.5,0,0,2,1,0,1,7,2.807354922057604,1,1,1,1,1,1,1,8,57,410,0,0,0,2,1,0,0,0,0,0,0,0,9,33,2.302585092994046,3.5263605246161616
0x-monorepo-development,0,0,0,0,0,1,1,0,0,0,0,0,0,0,0,0.0,0.0,0.0,2077,1549,0.00048123195380173246,0.7454282964388835,0,0,1,1,0,1,1,0.5,1.0,1.0,0,0,3,1,0,1,23,3.480083695187448,1,1,1,1,1,0,1,1,4,28,0,0,0,1,1,0,0,0,0,0,0,0,100,287,4.61512051684126,5.662960480135946
0x-name,0,0,0,0,0,2,1,0,1,0,1,9,0,0,10,0.3333333333333333,3.3333333333333335,0.000365764447695684,2733,1549,0.000731528895391368,0.5665691294806144,0,0,1,1,0,1,1,0.3333333333333333,0.09090909090909091,0.5,0,0,2,1,0,1,7,2.807354922057604,1,1,1,1,1,1,0,0,123,724,0,0,0,1,1,0,0,0,0,0,0,0,14,44,2.70805020110221,3.8066624897703196
0x-project,0,0,0,0,0,1,1,0,1,0,0,0,0,0,0,0.0,0.0,0.0,2601,1549,0.0003843197540353574,0.5953112990007686,0,0,1,1,0,1,1,0.5,1.0,1.0,0,0,2,1,0,1,10,3.321928094887362,0,0,0,0,1,0,0,0,0,0,1,0,0,0,0,0,0,0,0,0,0,0,11,42,2.4849066497880004,3.7612001156935624
0x-relay-types,0,0,0,0,0,22,0,4,1,0,3,0,0,0,3,0.13043478260869565,0.13043478260869565,0.0009313877677739833,3220,1549,0.006830176963675877,0.4809065507606333,0,0,1,4,0,0,0,0.17391304347826086,1.0,1.0,0,0,3,1,0,1,14,3.378783493486176,0,0,0,0,1,1,0,0,31,28,0,0,1,1,1,0,0,0,0,0,0,0,38,147,3.6635616461296463,4.997212273764115
0x-relay-utils,0,0,0,0,0,26,0,2,7,0,1,19,0,0,20,0.037037037037037035,0.7407407407407407,0.0003109452736318408,3215,1549,0.00808457711442786,0.4816542288557214,0,0,1,4,0,0,0,0.14814814814814814,0.19047619047619047,2.0,0,0,3,1,0,1,14,3.521640636343319,0,0,0,0,1,1,0,0,25,95,0,0,1,2,1,0,0,0,0,0,0,0,66,209,4.204692619390966,5.3471075307174685
0x-relayer-cat,0,0,0,0,0,11,0,0,11,0,12,18,0,0,30,1.0,2.5,0.00468384074941452,2561,1549,0.00429352068696331,0.6046057767369243,0,0,1,1,0,1,1,0.08333333333333333,0.03225806451612903,0.07692307692307693,0,0,3,1,0,1,14,3.2359263506290334,1,1,1,1,1,1,1,1,255,2394,0,0,0,6,1,0,0,0,0,0,0,0,24,116,3.2188758248682006,4.762173934797756
0x-sankey-diagram,0,0,0,0,0,2,0,0,11,0,5,8,0,0,13,1.6666666666666667,4.333333333333333,0.006915629322268326,722,722,0.0027662517289073307,0.9986168741355463,0,0,0,1,0,1,1,0.3333333333333333,0.07142857142857142,0.16666666666666666,0,0,3,1,0,1,17,3.6901165175936654,0,0,0,0,1,0,0,0,0,136,1,0,0,4,1,0,0,0,0,0,0,0,11,47,2.4849066497880004,3.871201010907891
0x-smart-contracts,0,0,0,0,0,1,0,0,1,0,0,0,0,0,0,0.0,0.0,0.0,415,415,0.002403846153846154,0.9975961538461539,0,0,0,0,1,0,1,0.0,0.0,0.0,0,0,3,1,0,1,18,3.350209029099897,1,0,0,0,0,0,0,0,24,0,0,0,0,0,0,0,0,0,0,0,0,0,20,249,3.044522437723423,5.521460917862246
0x-subproviders,0,0,0,0,0,1,0,0,2,0,20,10,0,0,30,10.0,15.0,0.006363347120585428,3142,1549,0.0003181673560292714,0.4928412344893414,0,0,1,1,0,1,1,0.5,0.03225806451612903,0.047619047619047616,0,0,2,1,0,1,15,3.640223928941852,0,0,0,0,1,0,0,0,68,2606,0,0,0,11,1,0,0,0,0,0,0,0,12,59,2.5649493574615367,4.0943445622221
0x-types-v0,0,0,0,0,0,1,0,8,2,0,1,0,0,0,1,0.5,0.5,0.0003502626970227671,2854,1549,0.0003502626970227671,0.5425569176882662,0,0,1,1,0,1,1,0.5,0.5,0.5,0,0,3,1,0,1,11,3.095795255000934,1,1,1,1,1,1,1,1,42,118,0,0,0,1,1,0,0,0,0,0,0,0,11,38,2.4849066497880004,3.6635616461296463
0x-v4-nft,0,0,0,0,0,1,1,1,0,0,3,39,0,0,42,1.5,21.0,0.001984126984126984,1511,1511,0.0006613756613756613,0.9993386243386243,0,0,1,1,0,1,1,0.5,0.023255813953488372,0.25,0,0,3,1,0,1,9,2.94770277922009,0,0,0,0,0,1,0,0,38,28,0,0,0,10,1,0,0,0,0,0,0,0,8,40,2.1972245773362196,3.713572066704308
0x-v4-sdk,0,0,0,0,0,7,1,0,6,0,16,11,0,0,27,2.0,3.375,0.010659560293137908,1500,1493,0.004663557628247834,0.9946702198534311,0,0,1,1,0,1,1,0.125,0.03571428571428571,0.058823529411764705,0,0,3,1,0,1,9,2.94770277922009,0,0,0,0,1,1,0,0,15,195,0,0,0,10,1,0,0,0,1,0,1,1,10,69,2.3978952727983707,4.248495242049359
0x.js,0,0,0,0,0,150,9,2,0,0,16,29,0,0,45,0.10596026490066225,0.2980132450331126,0.004849954531676266,3298,1480,0.04546832373446499,0.44862079418005457,0,0,1,6,0,0,0,0.039735099337748346,0.13043478260869565,0.35294117647058826,0,0,2,0,1,1,5,2.321928094887362,1,1,1,1,1,0,1,5,57,2736,0,0,0,16,1,0,0,0,0,0,0,0,509,2475,6.234410725718371,7.814399633804487
0x.js-v0,0,0,0,0,0,1,0,38,6,0,1,0,0,0,1,0.5,0.5,0.0003502626970227671,2854,1549,0.0003502626970227671,0.5425569176882662,0,0,1,1,0,1,1,0.5,0.5,0.5,0,0,3,1,1,1,8,2.75,1,1,1,1,1,1,1,1,31,44,0,0,0,1,1,0,0,0,0,0,0,0,9,30,2.302585092994046,3.4339872044851463
0x0,0,0,0,0,0,1,0,0,0,0,0,0,0,0,0,0.0,0.0,0.0,2458,1549,0.00040666937779585197,0.6299308662057747,0,0,1,1,0,1,1,0.5,1.0,1.0,0,0,1,0,0,1,3,0.9182958340544896,0,0,0,0,1,0,0,0,0,28,1,1,0,1,1,0,0,0,0,0,0,0,4,26,1.6094379124341003,3.295836866004329
0x0.icu.anima,0,0,0,0,0,1,0,1,0,0,6,0,0,0,6,3.0,3.0,0.002642007926023778,2270,1549,0.00044033465433729633,0.6820783795684721,0,0,1,1,0,1,1,0.5,0.14285714285714285,0.14285714285714285,0,0,3,0,1,1,13,3.085055102756477,0,0,0,0,0,0,0,0,100,2870,0,0,0,4,1,0,0,0,0,0,0,0,15,58,2.772588722239781,4.07753744390572
0x00,0,0,0,0,0,1,0,0,0,0,0,0,0,0,0,0.0,0.0,0.0,2458,1549,0.00040666937779585197,0.6299308662057747,0,0,1,1,0,1,1,0.5,1.0,1.0,0,0,1,0,0,1,4,0.8112781244591328,0,0,0,0,1,0,0,0,0,28,1,0,0,1,1,0,0,0,0,0,0,0,7,26,2.0794415416798357,3.295836866004329
0x00-pl--avg-pack-to-ttf,0,0,0,0,0,6,0,0,6,0,2,0,0,0,2,0.2857142857142857,0.2857142857142857,0.0005497526113249038,3637,1480,0.0016492578339747114,0.4068169323804288,0,0,1,1,0,1,1,0.14285714285714285,0.3333333333333333,0.3333333333333333,0,0,7,1,0,1,24,3.3758145836939115,1,1,1,1,1,1,1,2,15,28,0,0,0,2,1,0,0,0,0,0,0,0,8,46,2.1972245773362196,3.8501476017100584
0x00-pl--svg-pack-to-ttf,0,0,0,0,0,9,0,0,15,0,2,1,0,0,3,0.2,0.3,0.000552944429084877,3616,1480,0.0024882499308819463,0.40917887752280896,0,0,1,1,0,1,1,0.1,0.25,0.3333333333333333,0,0,7,1,0,1,24,3.459147917027245,1,1,1,1,1,1,1,2,15,28,0,0,0,2,1,0,0,0,0,0,0,0,26,93,3.295836866004329,4.543294782270004
0x000,0,0,0,0,0,2,0,0,2,0,0,0,0,0,0,0.0,0.0,0.0,409,409,0.004878048780487805,0.9975609756097561,0,0,0,1,0,1,1,0.3333333333333333,1.0,1.0,0,0,1,0,0,1,5,0.7219280948873623,1,1,1,1,1,1,1,6,83,287,0,0,0,1,1,0,0,0,0,0,0,0,6,44,1.9459101490553132,3.8066624897703196
0x0000,0,0,0,0,0,1,0,0,2,0,0,0,0,0,0,0.0,0.0,0.0,408,408,0.0024449877750611247,0.9975550122249389,0,0,0,1,0,1,1,0.5,1.0,1.0,0,0,1,0,0,1,6,0.6500224216483541,1,1,1,1,1,1,1,6,84,290,0,0,0,1,1,0,0,0,0,0,0,0,6,40,1.9459101490553132,3.713572066704308
0x005-publish-own-module,0,0,0,0,0,1,1,0,0,0,0,0,0,0,0,0.0,0.0,0.0,3216,1549,0.00031084861672365556,0.4815045073049425,0,0,1,1,0,1,1,0.5,1.0,1.0,0,0,4,1,0,1,24,3.9387218755408675,0,0,0,0,1,0,0,0,0,28,1,0,0,1,1,0,0,0,0,0,0,0,9,33,2.302585092994046,3.5263605246161616
0x031_g3c,0,0,0,0,0,1,1,0,0,0,0,0,0,0,0,0.0,0.0,0.0,1186,1186,0.0008424599831508003,0.9991575400168492,0,0,1,1,0,1,1,0.5,1.0,1.0,0,0,2,0,0,1,9,2.725480556997868,0,0,0,0,1,0,1,1,5,2082,0,0,0,1,1,0,0,0,0,0,0,0,10,34,2.3978952727983707,3.5553480614894135
0x0a,0,0,0,0,0,2,0,0,1,0,0,0,0,0,0,0.0,0.0,0.0,2410,1549,0.0008295313148071339,0.6424720033181253,0,0,1,1,0,1,1,0.3333333333333333,1.0,1.0,0,0,1,0,0,1,4,1.5,1,1,1,1,1,1,0,0,18,105,0,0,0,0,0,0,0,0,0,0,0,0,11,60,2.4849066497880004,4.110873864173311
0x0lll,0,0,0,0,0,1,1,0,0,0,0,0,0,0,0,0.0,0.0,0.0,417,417,0.0023923444976076554,0.9976076555023924,0,0,0,1,0,1,1,0.5,1.0,1.0,0,0,1,0,0,1,6,1.4591479170272446,1,1,1,1,1,1,1,1,68,8,0,0,0,1,1,0,0,0,0,0,0,0,5,26,1.791759469228055,3.295836866004329
0x0lob,0,0,0,0,0,1,0,1,0,0,3,9,0,0,12,1.5,6.0,0.0035169988276670576,852,852,0.0011723329425556857,0.9988276670574443,0,0,1,1,0,1,1,0.5,0.07692307692307693,0.25,0,0,1,0,0,1,6,2.2516291673878226,1,1,1,1,1,0,0,0,159,1383,0,0,0,4,1,0,0,0,0,0,0,0,10,32,2.3978952727983707,3.4965075614664802
0x0lob1,0,0,0,0,0,1,1,1,5,0,4,9,0,0,13,2.0,6.5,0.004722550177095631,846,846,0.0011806375442739079,0.9988193624557261,0,0,1,1,0,1,1,0.5,0.07142857142857142,0.2,0,0,1,0,0,1,7,2.521640636343318,1,1,1,1,1,0,0,0,159,1383,0,0,0,4,1,0,0,0,0,0,0,0,7,34,2.0794415416798357,3.5553480614894135
0x0lobb,0,0,0,0,0,2,1,1,5,0,4,9,0,0,13,1.3333333333333333,4.333333333333333,0.004722550177095631,846,846,0.0023612750885478157,0.9988193624557261,0,0,1,1,0,1,1,0.3333333333333333,0.07142857142857142,0.2,0,0,1,0,0,1,7,2.2359263506290326,0,0,0,0,0,0,0,0,159,1383,0,0,0,4,1,0,0,0,0,0,0,0,6,43,1.9459101490553132,3.784189633918261
0x0lobersyko,0,0,0,0,0,3,1,1,5,0,3,9,0,0,12,0.75,3.0,0.003537735849056604,847,846,0.003537735849056604,0.9976415094339622,0,0,1,1,0,1,1,0.25,0.07692307692307693,0.25,0,0,1,0,0,1,12,3.2516291673878226,1,1,1,1,1,0,0,0,159,1383,0,0,0,4,1,0,0,0,0,0,0,0,49,518,3.912023005428146,6.251903883165888
0x0range-homebridge-homeassistant,0,0,0,0,0,2,1,0,1,0,2,2,0,0,4,0.6666666666666666,1.3333333333333333,0.0009828009828009828,2034,1549,0.0009828009828009828,0.7611793611793611,0,0,1,1,0,1,1,0.3333333333333333,0.2,0.3333333333333333,0,0,3,1,0,1,33,3.907734270742486,1,1,1,1,1,1,1,2,2,1147,0,0,0,1,1,0,0,0,0,0,0,0,14,48,2.70805020110221,3.8918202981106265
0x1,0,0,0,0,0,363,0,0,379,0,7,6,0,0,13,0.019230769230769232,0.03571428571428571,0.01699029126213592,411,371,0.8810679611650486,0.9004854368932039,0,0,0,1,0,1,1,0.0027472527472527475,0.07142857142857142,0.125,0,0,1,0,0,1,3,1.584962500721156,1,1,1,1,1,1,1,7,118,46516,0,1,0,16,1,0,0,0,1,0,1,1,5,2588,1.791759469228055,7.859026979751538
0x1-router,0,0,0,0,0,19,0,0,20,0,0,1,0,0,1,0.0,0.05,0.0,400,371,0.04738154613466334,0.9251870324189526,0,0,0,1,0,1,1,0.05,0.5,1.0,0,0,2,1,0,1,10,3.121928094887362,1,1,1,1,1,1,0,0,87,2049,0,0,0,2,1,0,0,0,0,1,1,1,37,218,3.6375861597263857,5.389071729816501
0x1-store,0,0,0,0,0,4,0,0,4,0,0,1,0,0,1,0.0,0.2,0.0,411,400,0.009708737864077669,0.970873786407767,0,0,0,1,0,1,1,0.2,0.5,1.0,0,0,2,1,0,1,9,3.169925001442312,1,1,1,1,1,1,0,0,93,2909,0,0,0,3,1,0,0,0,0,1,1,1,12,82,2.5649493574615367,4.418840607796598
0x1-templates,0,0,0,0,0,1,0,0,193,0,0,0,0,1,1,0.0,0.5,0.0,394,394,0.002531645569620253,0.9974683544303797,0,0,0,1,0,1,1,0.5,0.5,1.0,0,0,2,1,0,1,13,3.392747410448785,1,1,1,1,1,1,1,5,40,2614,0,0,0,3,1,0,0,0,0,0,0,0,6,24,1.9459101490553132,3.2188758248682006
0x100,0,0,0,0,0,1,0,0,2,0,0,0,0,0,0,0.0,0.0,0.0,408,408,0.0024449877750611247,0.9975550122249389,0,0,0,1,0,1,1,0.5,1.0,1.0,0,0,1,0,0,1,5,1.3709505944546687,1,1,1,1,1,1,1,6,83,287,0,0,0,1,1,0,0,0,0,0,0,0,6,36,1.9459101490553132,3.6109179126442243
0x123123,0,0,0,0,0,36,1,0,0,0,0,0,0,0,0,0.0,0.0,0.0,1441,1440,0.024965325936199722,0.9986130374479889,0,0,1,1,0,1,1,0.02702702702702703,1.0,1.0,0,0,1,0,0,1,8,2.25,0,0,0,0,1,0,0,0,0,0,1,0,0,1,1,0,0,0,0,0,0,0,3,164,1.3862943611198906,5.10594547390058
0x2,0,0,0,0,0,2,0,0,2,0,0,0,0,0,0,0.0,0.0,0.0,409,409,0.004878048780487805,0.9975609756097561,0,0,0,1,0,1,1,0.3333333333333333,1.0,1.0,0,0,1,0,0,1,3,1.584962500721156,1,1,1,1,1,1,1,6,81,281,0,1,0,1,1,0,0,0,0,0,0,0,7,59,2.0794415416798357,4.0943445622221
0x21,0,0,0,0,0,1,0,0,1,0,0,0,0,0,0,0.0,0.0,0.0,5100,1480,0.00019603999215840032,0.2901391883944325,0,0,1,1,0,1,1,0.5,1.0,1.0,0,0,1,0,0,1,4,2.0,0,0,0,0,1,1,0,0,12,0,0,0,0,0,0,0,0,0,0,0,0,0,3,32,1.3862943611198906,3.4965075614664802
0x23,0,0,0,0,0,1,0,0,1,0,0,0,0,0,0,0.0,0.0,0.0,5100,1480,0.00019603999215840032,0.2901391883944325,0,0,1,1,0,1,1,0.5,1.0,1.0,0,0,1,0,0,1,4,2.0,0,0,0,0,1,1,0,0,12,0,0,0,0,0,0,0,0,0,0,0,0,0,9,35,2.302585092994046,3.58351893845611
0x2ai-bridge,0,0,0,0,0,1,0,0,1,0,0,0,0,0,0,0.0,0.0,0.0,61,61,0.016129032258064516,0.9838709677419355,0,0,0,1,0,1,1,0.5,1.0,1.0,0,0,2,1,0,1,12,3.418295834054489,0,0,1,0,1,1,0,0,84,235,0,0,1,0,0,0,0,0,0,0,0,0,7,55,2.0794415416798357,4.02535169073515
0x2ai-cli,0,0,0,0,0,1,0,0,1,0,0,0,0,0,0,0.0,0.0,0.0,61,61,0.016129032258064516,0.9838709677419355,0,0,0,1,0,1,1,0.5,1.0,1.0,0,0,2,1,0,1,9,2.94770277922009,0,0,1,0,1,1,0,0,84,232,0,0,1,0,0,0,0,0,0,0,0,0,4,47,1.6094379124341003,3.871201010907891
0x2ai-core,0,0,0,0,0,1,0,0,1,0,0,0,0,0,0,0.0,0.0,0.0,61,61,0.016129032258064516,0.9838709677419355,0,0,0,1,0,1,1,0.5,1.0,1.0,0,0,2,1,0,1,10,3.321928094887362,0,0,1,0,1,1,0,0,84,233,0,0,1,0,0,0,0,0,0,0,0,0,5,44,1.791759469228055,3.8066624897703196
0x2ai-installer,0,0,0,0,0,1,0,0,1,0,0,0,0,0,0,0.0,0.0,0.0,61,61,0.016129032258064516,0.9838709677419355,0,0,0,1,0,1,1,0.5,1.0,1.0,0,0,2,1,0,1,15,3.5068905956085183,0,0,1,0,1,1,0,0,84,238,0,0,1,0,0,0,0,0,0,0,0,0,8,52,2.1972245773362196,3.970291913552122
0x2ai-neme,0,0,0,0,0,1,0,1,0,0,0,0,0,0,0,0.0,0.0,0.0,61,61,0.016129032258064516,0.9838709677419355,0,0,0,1,0,1,1,0.5,1.0,1.0,0,0,2,1,0,1,10,3.1219280948873624,1,1,1,1,1,1,1,6,152,2959,0,0,0,0,0,0,0,0,0,0,0,0,10,60,2.3978952727983707,4.110873864173311
0x2ai-os,0,0,0,0,0,1,0,0,1,0,0,0,0,0,0,0.0,0.0,0.0,61,61,0.016129032258064516,0.9838709677419355,0,0,0,1,0,1,1,0.5,1.0,1.0,0,0,2,1,0,1,8,3.0,0,0,1,0,1,1,0,0,84,231,0,0,1,0,0,0,0,0,0,0,0,0,8,54,2.1972245773362196,4.007333185232471
0x2ai-sdk,0,0,0,0,0,1,0,0,1,0,0,0,0,0,0,0.0,0.0,0.0,61,61,0.016129032258064516,0.9838709677419355,0,0,0,1,0,1,1,0.5,1.0,1.0,0,0,2,1,0,1,9,3.169925001442312,0,0,1,0,1,1,0,0,84,232,0,0,1,0,0,0,0,0,0,0,0,0,9,53,2.302585092994046,3.9889840465642745
0x2ai-server,0,0,0,0,0,1,0,0,1,0,0,0,0,0,0,0.0,0.0,0.0,61,61,0.016129032258064516,0.9838709677419355,0,0,0,1,0,1,1,0.5,1.0,1.0,0,0,2,1,0,1,12,3.251629167387823,0,0,1,0,1,1,0,0,84,235,0,0,1,0,0,0,0,0,0,0,0,0,7,51,2.0794415416798357,3.9512437185814275
0x2ai-skills,0,0,0,0,0,1,0,0,1,0,0,0,0,0,0,0.0,0.0,0.0,61,61,0.016129032258064516,0.9838709677419355,0,0,0,1,0,1,1,0.5,1.0,1.0,0,0,2,1,0,1,12,3.084962500721156,0,0,1,0,1,1,0,0,84,235,0,0,1,0,0,0,0,0,0,0,0,0,8,54,2.1972245773362196,4.007333185232471
0x3,0,0,0,0,0,2,0,0,2,0,0,0,0,0,0,0.0,0.0,0.0,409,409,0.004878048780487805,0.9975609756097561,0,0,0,1,0,1,1,0.3333333333333333,1.0,1.0,0,0,1,0,0,1,3,1.584962500721156,1,1,1,1,1,1,1,6,81,281,0,1,0,1,1,0,0,0,0,0,0,0,6,50,1.9459101490553132,3.9318256327243257
0x4,0,0,0,0,0,2,0,0,2,0,0,0,0,0,0,0.0,0.0,0.0,409,409,0.004878048780487805,0.9975609756097561,0,0,0,1,0,1,1,0.3333333333333333,1.0,1.0,0,0,1,0,0,1,3,1.584962500721156,1,1,1,1,1,1,1,6,81,281,0,1,0,1,1,0,0,0,0,0,0,0,3,42,1.3862943611198906,3.7612001156935624
0x404,0,0,0,0,0,1,1,1,4,0,7,3,0,0,10,3.5,5.0,0.008433734939759036,829,829,0.0012048192771084338,0.9987951807228915,0,0,1,1,0,1,1,0.5,0.09090909090909091,0.125,0,0,1,0,0,1,5,1.5219280948873621,1,1,1,1,1,1,1,2,99,15219,0,0,0,1,1,0,0,0,0,0,0,0,4,28,1.6094379124341003,3.367295829986474
0x420,0,0,0,0,0,1,0,0,2,0,0,0,0,0,0,0.0,0.0,0.0,408,408,0.0024449877750611247,0.9975550122249389,0,0,0,1,0,1,1,0.5,1.0,1.0,0,0,1,0,0,1,5,1.9219280948873623,1,1,1,1,1,1,1,6,83,287,0,0,0,1,1,0,0,0,0,0,0,0,8,39,2.1972245773362196,3.6888794541139363
0x5,0,0,0,0,0,2,0,0,2,0,0,0,0,0,0,0.0,0.0,0.0,409,409,0.004878048780487805,0.9975609756097561,0,0,0,1,0,1,1,0.3333333333333333,1.0,1.0,0,0,1,0,0,1,3,1.584962500721156,1,1,1,1,1,1,1,6,81,281,0,1,0,1,1,0,0,0,0,0,0,0,4,33,1.6094379124341003,3.5263605246161616
0x590fab-sdcor,0,0,0,0,0,1,4,0,8,0,6,3,0,0,9,3.0,4.5,0.016574585635359115,361,361,0.0027624309392265192,0.9972375690607734,0,0,0,1,0,1,1,0.5,0.1,0.14285714285714285,0,0,2,1,0,1,14,3.6644977792004623,1,1,1,1,1,0,1,2,56,714,0,0,0,4,1,0,0,0,0,0,1,1,11,37,2.4849066497880004,3.6375861597263857
0x6,0,0,0,0,0,2,0,0,2,0,0,0,0,0,0,0.0,0.0,0.0,409,409,0.004878048780487805,0.9975609756097561,0,0,0,1,0,1,1,0.3333333333333333,1.0,1.0,0,0,1,0,0,1,3,1.584962500721156,1,1,1,1,1,1,1,6,81,281,0,1,0,1,1,0,0,0,0,0,0,0,3,31,1.3862943611198906,3.4657359027997265
0x6281,0,0,0,0,0,1,1,1,0,0,1,0,0,0,1,0.5,0.5,0.001184834123222749,843,843,0.001184834123222749,0.9988151658767772,0,0,1,1,0,1,1,0.5,0.5,0.5,0,0,1,0,0,1,6,2.584962500721156,0,0,0,0,0,0,0,0,11,22,0,0,0,0,0,0,0,0,0,0,0,0,3,35,1.3862943611198906,3.58351893845611
0x69,0,0,0,0,0,1,0,0,2,0,0,0,0,0,0,0.0,0.0,0.0,408,408,0.0024449877750611247,0.9975550122249389,0,0,0,1,0,1,1,0.5,1.0,1.0,0,0,1,0,0,1,4,2.0,1,1,1,1,1,1,1,6,82,284,0,0,0,1,1,0,0,0,0,0,0,0,3,34,1.3862943611198906,3.5553480614894135
0x7,0,0,0,0,0,2,0,0,2,0,0,0,0,0,0,0.0,0.0,0.0,409,409,0.004878048780487805,0.9975609756097561,0,0,0,1,0,1,1,0.3333333333333333,1.0,1.0,0,0,1,0,0,1,3,1.584962500721156,1,1,1,1,1,1,1,6,81,281,0,1,0,1,1,0,0,0,0,0,0,0,6,36,1.9459101490553132,3.6109179126442243
0x74616e67-ding,0,0,0,0,0,2,1,1,0,0,1,0,0,0,1,0.3333333333333333,0.3333333333333333,0.0007246376811594203,1379,1379,0.0014492753623188406,0.9992753623188406,0,0,1,1,0,1,1,0.3333333333333333,0.5,0.5,0,0,2,1,0,1,15,3.456564762130954,0,0,0,0,1,0,0,0,0,0,1,0,0,0,0,0,0,0,0,0,0,0,9,41,2.302585092994046,3.7376696182833684
0x74616e67-hello,0,0,0,0,0,2,1,0,1,0,0,0,0,0,0,0.0,0.0,0.0,1394,1394,0.0014336917562724014,0.9992831541218637,0,0,1,1,0,1,1,0.3333333333333333,1.0,1.0,0,0,2,1,0,1,16,3.327819531114783,0,0,0,0,1,0,1,1,0,28,1,0,0,1,1,0,0,0,0,0,0,0,5,33,1.791759469228055,3.5263605246161616
0x7676,0,0,0,0,0,9,1,4,0,0,0,0,0,0,0,0.0,0.0,0.0,355,316,0.025280898876404494,0.8876404494382022,0,0,0,1,0,1,1,0.1,1.0,1.0,0,0,1,0,0,1,6,1.9182958340544893,0,0,0,0,1,0,0,0,129,3318,0,0,0,0,0,0,0,0,0,0,0,0,3,76,1.3862943611198906,4.343805421853684
0x8,0,0,0,0,0,2,0,0,2,0,0,0,0,0,0,0.0,0.0,0.0,409,409,0.004878048780487805,0.9975609756097561,0,0,0,1,0,1,1,0.3333333333333333,1.0,1.0,0,0,1,0,0,1,3,1.584962500721156,1,1,1,1,1,1,1,6,81,281,0,1,0,1,1,0,0,0,0,0,0,0,7,47,2.0794415416798357,3.871201010907891
0x800,0,0,0,0,0,4,1,1,0,0,16,0,0,0,16,3.2,3.2,0.006194347657762292,2582,1549,0.001548586914440573,0.5996902826171119,0,0,1,1,0,1,1,0.2,0.058823529411764705,0.058823529411764705,0,0,1,0,0,1,5,1.3709505944546687,0,0,0,0,1,0,0,0,46,248,0,0,0,2,1,0,0,0,0,0,0,0,7,51,2.0794415416798357,3.9512437185814275
0x81-utils,0,0,0,0,0,17,1,3,3,0,2,0,0,0,2,0.1111111111111111,0.1111111111111111,0.0009004952723998199,2220,1549,0.00765420981539847,0.6974335884736605,0,0,1,1,0,1,1,0.05555555555555555,0.3333333333333333,0.3333333333333333,0,0,2,1,0,1,10,3.321928094887362,0,0,0,0,1,0,0,0,55,28,0,0,0,1,1,0,0,0,0,0,0,0,23,136,3.1780538303479458,4.919980925828125
0x81_string,0,0,0,0,0,1,1,0,1,0,0,0,0,0,0,0.0,0.0,0.0,2275,1549,0.0004393673110720562,0.6805799648506151,0,0,1,1,0,1,1,0.5,1.0,1.0,0,0,2,0,0,1,11,3.459431618637298,0,0,0,0,1,0,0,0,82,28,0,0,0,1,1,0,0,0,0,0,0,0,9,36,2.302585092994046,3.6109179126442243
0x9,0,0,0,0,0,2,0,0,2,0,0,0,0,0,0,0.0,0.0,0.0,409,409,0.004878048780487805,0.9975609756097561,0,0,0,1,0,1,1,0.3333333333333333,1.0,1.0,0,0,1,0,0,1,3,1.584962500721156,1,1,1,1,1,1,1,6,81,281,0,1,0,1,1,0,0,0,0,0,0,0,6,48,1.9459101490553132,3.8918202981106265
0x99,0,0,0,0,0,1,0,0,2,0,0,0,0,0,0,0.0,0.0,0.0,408,408,0.0024449877750611247,0.9975550122249389,0,0,0,1,0,1,1,0.5,1.0,1.0,0,0,1,0,0,1,4,1.5,1,1,1,1,1,1,1,6,82,284,0,0,0,1,1,0,0,0,0,0,0,0,6,38,1.9459101490553132,3.6635616461296463
0x_exchange,0,0,0,0,0,3,1,1,0,0,7,0,0,0,7,1.75,1.75,0.002348993288590604,2979,1549,0.0010067114093959733,0.5197986577181208,0,0,1,1,0,1,1,0.25,0.125,0.125,0,0,2,0,0,1,11,3.0957952550009344,0,0,0,0,0,1,0,0,11,2207,0,0,0,0,0,0,0,0,0,0,0,0,20,137,3.044522437723423,4.927253685157205
0x_vivek,0,0,0,0,0,1,1,0,0,0,0,0,0,0,0,0.0,0.0,0.0,203,203,0.004901960784313725,0.9950980392156863,0,0,0,1,0,1,1,0.5,1.0,1.0,0,0,2,0,0,1,8,2.75,1,0,0,0,1,1,1,3,19,28,0,0,0,0,0,0,0,0,0,0,0,0,10,31,2.3978952727983707,3.4657359027997265
0xa,0,0,0,0,0,2,0,0,2,0,0,0,0,0,0,0.0,0.0,0.0,409,409,0.004878048780487805,0.9975609756097561,0,0,0,1,0,1,1,0.3333333333333333,1.0,1.0,0,0,1,0,0,1,3,1.584962500721156,1,1,1,1,1,1,1,6,81,281,0,1,0,1,1,0,0,0,0,0,0,0,4,47,1.6094379124341003,3.871201010907891
0xa001,0,0,0,0,0,2,1,0,1,0,1,0,0,0,1,0.3333333333333333,0.3333333333333333,0.0012048192771084338,829,829,0.0024096385542168677,0.9987951807228915,0,0,1,1,0,1,1,0.3333333333333333,0.5,0.5,0,0,1,0,0,1,6,1.792481250360578,1,1,1,1,1,0,0,0,0,28,1,0,0,1,1,0,0,0,0,0,0,0,3,25,1.3862943611198906,3.258096538021482
0xadinda,0,0,0,0,0,4,1,1,5,0,3,9,0,0,12,0.6,2.4,0.0035714285714285713,839,836,0.004761904761904762,0.9952380952380953,0,0,1,1,0,1,1,0.2,0.07692307692307693,0.25,0,0,1,0,0,1,8,2.5,1,1,1,1,1,1,0,0,159,1383,0,0,0,4,1,0,0,0,0,0,0,0,16,82,2.833213344056216,4.418840607796598
0xai-openclaw-guardian,0,0,0,0,0,3,2,0,0,0,2,0,0,0,2,0.5,0.5,0.02564102564102564,77,77,0.038461538461538464,0.9871794871794872,0,0,0,1,0,1,1,0.25,0.3333333333333333,0.3333333333333333,0,0,3,1,0,1,22,3.82306798227366,1,1,1,1,1,1,1,15,232,10246,0,0,0,4,1,0,0,0,0,0,0,0,17,67,2.8903717578961645,4.219507705176107
0xalice-tgram-bot,0,0,0,0,0,29,0,2,19,0,3,19,0,0,22,0.1,0.7333333333333333,0.005244755244755245,571,570,0.050699300699300696,0.9965034965034965,0,0,0,1,0,1,1,0.03333333333333333,0.043478260869565216,0.25,0,0,3,1,0,1,17,3.734521664779752,1,1,0,0,1,1,1,4,45,980,0,0,0,9,1,0,0,0,0,0,1,1,45,202,3.828641396489095,5.313205979041787
0xankit,0,0,0,0,0,1,1,0,0,0,0,0,0,0,0,0.0,0.0,0.0,203,203,0.004901960784313725,0.9950980392156863,0,0,0,1,0,1,1,0.5,1.0,1.0,0,0,1,0,0,1,7,2.807354922057604,0,0,0,0,1,1,1,4,16,28,0,0,0,0,0,0,0,0,0,0,0,0,10,31,2.3978952727983707,3.4657359027997265
0xapi,0,0,0,0,0,4,1,1,0,0,2,0,0,0,2,0.4,0.4,0.004796163069544364,416,416,0.009592326139088728,0.9976019184652278,0,0,0,1,0,1,1,0.2,0.3333333333333333,0.3333333333333333,0,0,1,0,0,1,5,2.321928094887362,1,1,1,1,1,1,1,6,66,3753,0,0,0,0,0,0,0,0,0,0,0,0,7,50,2.0794415416798357,3.9318256327243257
0xaswjennie,0,0,0,0,0,1,0,7,0,0,4,9,0,0,13,2.0,6.5,0.005383580080753701,742,742,0.0013458950201884253,0.9986541049798116,0,0,1,1,0,1,1,0.5,0.07142857142857142,0.2,0,0,1,0,0,1,11,3.095795255000934,1,1,1,1,1,0,0,0,159,1383,0,0,0,4,1,0,0,0,0,0,0,0,7,31,2.0794415416798357,3.4657359027997265
0xauth,0,0,0,0,0,7,0,1,0,0,6,11,0,0,17,0.75,2.125,0.0022927015666794038,2616,1549,0.0026748184944593045,0.5918991211310661,0,0,1,1,0,1,1,0.125,0.05555555555555555,0.14285714285714285,0,0,1,0,0,1,6,2.584962500721156,1,1,1,1,1,1,0,0,44,2190,0,0,0,5,1,0,0,0,0,0,0,0,17,108,2.8903717578961645,4.6913478822291435
0xauth-sdk,0,0,0,0,0,17,1,1,7,0,0,24,0,2,26,0.0,1.4444444444444444,0.0,827,824,0.020531400966183576,0.9951690821256038,0,0,1,1,0,1,1,0.05555555555555555,0.037037037037037035,1.0,0,0,2,1,0,1,10,3.321928094887362,0,0,0,0,1,0,0,0,0,28,1,0,0,4,1,0,0,0,0,0,0,0,28,127,3.367295829986474,4.852030263919617
0xavr,0,0,0,0,0,2,1,1,4,0,3,9,0,0,12,1.0,4.0,0.0035460992907801418,845,842,0.002364066193853428,0.9952718676122931,0,0,1,1,0,1,1,0.3333333333333333,0.07692307692307693,0.25,0,0,1,0,0,1,5,2.321928094887362,1,1,1,1,1,0,0,0,159,1383,0,0,0,4,1,0,0,0,0,0,0,0,6,32,1.9459101490553132,3.4965075614664802
0xb,0,0,0,0,0,1,0,0,0,0,0,0,0,0,0,0.0,0.0,0.0,410,410,0.0024330900243309003,0.9975669099756691,0,0,0,1,0,1,1,0.5,1.0,1.0,0,0,1,0,0,1,3,1.584962500721156,0,0,0,0,0,0,0,0,0,28,1,1,0,0,0,0,0,0,0,0,0,0,2,31,1.0986122886681098,3.4657359027997265
0xbaby,0,0,0,0,0,1,1,0,0,0,0,0,0,0,0,0.0,0.0,0.0,828,828,0.0012062726176115801,0.9987937273823885,0,0,1,1,0,1,1,0.5,1.0,1.0,0,0,1,0,0,1,6,2.251629167387823,1,1,1,1,1,1,1,4,0,28,1,0,0,1,1,0,0,0,0,0,0,0,7,27,2.0794415416798357,3.332204510175204
0xbacott,0,0,0,0,0,1,1,0,0,0,1,0,0,0,1,0.5,0.5,0.0013003901170351106,768,768,0.0013003901170351106,0.9986996098829649,0,0,1,1,0,1,1,0.5,0.5,0.5,0,0,1,0,0,1,8,2.75,0,0,0,0,1,0,0,0,0,28,1,0,0,1,1,0,0,0,0,0,0,0,6,22,1.9459101490553132,3.1354942159291497
0xbazaar-sdk,0,0,0,0,0,6,1,0,5,0,6,23,0,0,29,0.8571428571428571,4.142857142857143,0.004120879120879121,1455,1417,0.004120879120879121,0.9732142857142857,0,0,1,1,0,1,1,0.14285714285714285,0.03333333333333333,0.14285714285714285,0,0,2,1,0,1,12,3.188721875540867,1,0,0,0,1,0,0,0,12,588,0,0,0,11,1,0,0,0,0,0,0,0,3,42,1.3862943611198906,3.7612001156935624
0xbenzy,0,0,0,0,0,1,0,1,0,0,3,9,0,0,12,1.5,6.0,0.0035419126328217238,846,846,0.0011806375442739079,0.9988193624557261,0,0,1,1,0,1,1,0.5,0.07692307692307693,0.25,0,0,1,0,0,1,7,2.807354922057604,1,1,1,1,1,0,0,0,159,1383,0,0,0,4,1,0,0,0,0,0,0,0,6,23,1.9459101490553132,3.1780538303479458
0xbitnet,0,0,0,0,0,10,0,5,2,0,0,4,0,0,4,0.0,0.36363636363636365,0.0,131,130,0.07575757575757576,0.9848484848484849,0,0,0,1,0,1,1,0.09090909090909091,0.2,1.0,0,0,1,0,0,1,8,2.75,1,1,1,1,1,0,1,7,41,13260,0,0,0,5,1,0,0,0,0,0,0,0,40,162,3.713572066704308,5.093750200806762
0xble,0,0,0,0,0,393,23,2,2,1,23,19,2,6,50,0.0583756345177665,0.12690355329949238,0.03412462908011869,673,92,0.5830860534124629,0.13649851632047477,0,0,0,1,0,1,1,0.0025380710659898475,0.0196078431372549,0.041666666666666664,0,0,1,0,0,1,5,2.321928094887362,0,0,0,0,1,0,0,0,0,28,1,0,0,8,1,0,0,0,0,1,1,1,61,1978,4.127134385045092,7.590346945602565
0xc,0,0,0,0,0,1,0,0,0,0,0,0,0,0,0,0.0,0.0,0.0,975,975,0.0010245901639344263,0.9989754098360656,0,0,1,1,0,1,1,0.5,1.0,1.0,0,0,1,0,0,1,3,1.584962500721156,0,0,0,0,0,0,0,0,47,57,0,1,0,0,0,0,0,0,0,0,0,0,4,32,1.6094379124341003,3.4965075614664802
0xcadabra-nft-bot,0,0,0,0,0,6,1,0,5,0,10,2,0,0,12,1.4285714285714286,1.7142857142857142,0.012330456226880395,810,802,0.007398273736128237,0.9889025893958077,0,0,1,1,0,1,1,0.14285714285714285,0.07692307692307693,0.09090909090909091,0,0,3,1,0,1,17,3.4548223999466066,1,1,1,1,1,1,1,4,29,3966,0,0,0,2,1,0,0,0,1,0,1,1,7,57,2.0794415416798357,4.060443010546419
0xcert,0,0,0,0,0,1,0,0,0,0,0,0,0,0,0,0.0,0.0,0.0,3052,1549,0.00032754667540124465,0.507369800196528,0,0,1,1,0,1,1,0.5,1.0,1.0,0,0,1,0,0,1,6,2.584962500721156,0,0,0,0,1,0,0,0,0,28,1,0,0,1,1,0,0,0,0,0,0,0,5,24,1.791759469228055,3.2188758248682006
0xcode-courses-manager,0,0,0,0,0,1,1,0,0,0,2,0,0,0,2,1.0,1.0,0.0056657223796034,352,352,0.0028328611898017,0.9971671388101983,0,0,0,1,0,1,1,0.5,0.3333333333333333,0.3333333333333333,0,0,3,1,0,1,22,3.6978458230844127,0,0,0,0,1,0,0,0,0,28,1,0,0,1,1,0,0,0,0,0,0,0,10,28,2.3978952727983707,3.367295829986474
0xcolyseus.js,0,0,0,0,0,2,2,15,18,0,4,21,0,0,25,1.3333333333333333,8.333333333333334,0.005154639175257732,775,774,0.002577319587628866,0.9974226804123711,0,0,1,1,0,1,1,0.3333333333333333,0.038461538461538464,0.2,0,0,2,0,1,1,13,3.334679141051595,1,1,0,0,1,1,1,6,50,2525,0,0,0,11,1,0,0,0,0,0,1,1,9,55,2.302585092994046,4.02535169073515
0xcorde-pac,0,0,0,0,0,1,1,0,0,0,8,0,0,0,8,4.0,4.0,0.017817371937639197,448,448,0.0022271714922048997,0.9977728285077951,0,0,0,1,0,1,1,0.5,0.1111111111111111,0.1111111111111111,0,0,2,1,0,1,11,3.277613436819116,0,0,0,0,1,1,0,0,12,28,0,0,0,5,1,0,0,0,1,0,1,1,5,24,1.791759469228055,3.2188758248682006
0xcreamy,0,0,0,0,0,3,1,1,5,0,2,0,0,0,2,0.5,0.5,0.0023612750885478157,846,830,0.0035419126328217238,0.9799291617473436,0,0,1,1,0,1,1,0.25,0.3333333333333333,0.3333333333333333,0,0,1,0,0,1,8,3.0,1,1,1,1,1,0,0,0,0,28,1,0,0,1,1,0,0,0,0,0,0,0,10,44,2.3978952727983707,3.8066624897703196
0xcreamy404,0,0,0,0,0,1,1,1,5,0,3,9,0,0,12,1.5,6.0,0.0036101083032490976,830,830,0.0012033694344163659,0.9987966305655837,0,0,1,1,0,1,1,0.5,0.07692307692307693,0.25,0,0,1,0,0,1,11,3.095795255000934,1,1,1,1,1,0,0,0,159,1383,0,0,0,4,1,0,0,0,0,0,0,0,7,24,2.0794415416798357,3.2188758248682006
0xcreamyworth,0,0,0,0,0,1,1,1,4,0,3,9,0,0,12,1.5,6.0,0.0035419126328217238,846,846,0.0011806375442739079,0.9988193624557261,0,0,1,1,0,1,1,0.5,0.07692307692307693,0.25,0,0,1,0,0,1,13,3.546593564294939,1,1,1,1,1,0,0,0,159,1383,0,0,0,4,1,0,0,0,0,0,0,0,6,28,1.9459101490553132,3.367295829986474
0xcytea,0,0,0,0,0,1,0,1,0,0,3,9,0,0,12,1.5,6.0,0.0035587188612099642,842,842,0.0011862396204033216,0.9988137603795967,0,0,1,1,0,1,1,0.5,0.07692307692307693,0.25,0,0,1,0,0,1,7,2.807354922057604,1,1,1,1,1,0,0,0,159,1383,0,0,0,4,1,0,0,0,0,0,0,0,6,31,1.9459101490553132,3.4657359027997265
0xd,0,0,0,0,0,1,0,0,0,0,0,0,0,0,0,0.0,0.0,0.0,410,410,0.0024330900243309003,0.9975669099756691,0,0,0,1,0,1,1,0.5,1.0,1.0,0,0,1,0,0,1,3,1.584962500721156,0,0,0,0,0,0,0,0,0,28,1,1,0,0,0,0,0,0,0,0,0,0,2,36,1.0986122886681098,3.6109179126442243
0xdadu-react-liquid-glass,0,0,0,0,0,5,1,0,4,0,0,8,0,1,9,0.0,1.5,0.0,374,374,0.013333333333333334,0.9973333333333333,0,0,0,1,0,1,1,0.16666666666666666,0.1,1.0,0,0,4,1,0,1,25,3.7532696895151076,0,0,0,0,1,0,1,6,128,391,0,0,0,1,1,0,0,0,0,0,0,0,15,63,2.772588722239781,4.1588830833596715
0xdariel,0,0,0,0,0,2,1,1,2,0,3,9,0,0,12,1.0,4.0,0.0035169988276670576,852,851,0.0023446658851113715,0.9976553341148886,0,0,1,1,0,1,1,0.3333333333333333,0.07692307692307693,0.25,0,0,1,0,0,1,8,3.0,1,1,1,1,1,0,0,0,159,1383,0,0,0,4,1,0,0,0,0,0,0,0,9,48,2.302585092994046,3.8918202981106265
0xdariel16,0,0,0,0,0,1,1,1,4,0,3,9,0,0,12,1.5,6.0,0.0035419126328217238,846,846,0.0011806375442739079,0.9988193624557261,0,0,1,1,0,1,1,0.5,0.07692307692307693,0.25,0,0,1,0,0,1,10,3.321928094887362,1,1,1,1,1,0,0,0,159,1383,0,0,0,4,1,0,0,0,0,0,0,0,6,30,1.9459101490553132,3.4339872044851463
0xdb,0,0,0,0,0,1,0,0,1,0,1,0,0,0,1,0.5,0.5,0.002398081534772182,416,416,0.002398081534772182,0.9976019184652278,0,0,0,1,0,1,1,0.5,0.5,0.5,0,0,1,0,0,1,4,2.0,1,1,1,1,1,1,1,6,52,1585,0,0,0,0,0,0,0,0,0,0,0,0,5,29,1.791759469228055,3.4011973816621555
0xdeadd,0,0,0,0,0,1,1,0,0,0,0,0,0,0,0,0.0,0.0,0.0,58,58,0.01694915254237288,0.9830508474576272,0,0,0,1,0,1,1,0.5,1.0,1.0,0,0,1,0,0,1,7,2.1280852788913944,1,1,1,1,1,1,1,5,53,421,0,0,0,0,0,0,0,0,0,0,0,0,8,32,2.1972245773362196,3.4965075614664802
0xdefikingdomsdk,0,0,0,0,0,1,1,0,0,0,6,9,0,5,20,3.0,10.0,0.0038860103626943004,1543,1543,0.0006476683937823834,0.9993523316062176,0,0,1,1,0,1,1,0.5,0.047619047619047616,0.14285714285714285,0,0,1,0,0,1,16,3.452819531114783,1,1,1,1,1,0,1,2,59,1075,0,0,0,5,1,0,0,0,0,0,1,1,9,33,2.302585092994046,3.5263605246161616
0xdensity,0,0,0,0,0,1,1,0,1,0,0,2,0,0,2,0.0,1.0,0.0,693,693,0.001440922190201729,0.9985590778097982,0,0,0,1,0,1,1,0.5,0.3333333333333333,1.0,0,0,1,0,0,1,9,3.169925001442312,1,1,1,1,1,1,1,16,255,643,0,0,0,1,1,0,0,0,0,0,0,0,9,62,2.302585092994046,4.143134726391533
0xder,0,0,0,0,0,5,1,2,1,0,0,0,0,0,0,0.0,0.0,0.0,842,830,0.005931198102016607,0.9845788849347569,0,0,1,1,0,1,1,0.16666666666666666,1.0,1.0,0,0,1,0,0,1,5,2.321928094887362,1,1,1,1,1,1,1,1,12,28,0,0,1,1,1,0,0,0,0,0,0,0,9,76,2.302585092994046,4.343805421853684
0xdiff,0,0,0,0,0,2,1,0,1,0,0,0,0,0,0,0.0,0.0,0.0,1027,1027,0.0019455252918287938,0.9990272373540856,0,0,1,1,0,1,1,0.3333333333333333,1.0,1.0,0,0,1,0,0,1,6,2.2516291673878226,1,1,1,1,1,1,0,0,59,3227,0,0,0,1,1,0,0,0,0,0,0,0,11,41,2.4849066497880004,3.7376696182833684
0xdika,0,0,0,0,0,1,1,0,0,0,0,0,0,0,0,0.0,0.0,0.0,846,846,0.0011806375442739079,0.9988193624557261,0,0,1,1,0,1,1,0.5,1.0,1.0,0,0,1,0,0,1,6,2.584962500721156,1,1,1,1,1,0,0,0,18,28,0,0,0,1,1,0,0,0,0,0,0,0,6,28,1.9459101490553132,3.367295829986474
0xdika1,0,0,0,0,0,1,1,1,4,0,3,9,0,0,12,1.5,6.0,0.0035419126328217238,846,846,0.0011806375442739079,0.9988193624557261,0,0,1,1,0,1,1,0.5,0.07692307692307693,0.25,0,0,1,0,0,1,7,2.807354922057604,1,1,1,1,1,0,0,0,159,1383,0,0,0,4,1,0,0,0,0,0,0,0,8,38,2.1972245773362196,3.6635616461296463
0xdika2,0,0,0,0,0,1,0,1,0,0,3,9,0,0,12,1.5,6.0,0.0035419126328217238,846,846,0.0011806375442739079,0.9988193624557261,0,0,1,1,0,1,1,0.5,0.07692307692307693,0.25,0,0,1,0,0,1,7,2.807354922057604,1,1,1,1,1,0,1,1,159,1383,0,0,0,4,1,0,0,0,0,0,0,0,8,34,2.1972245773362196,3.5553480614894135
0xdiltea,0,0,0,0,0,1,1,0,0,0,0,0,0,0,0,0.0,0.0,0.0,846,846,0.0011806375442739079,0.9988193624557261,0,0,1,1,0,1,1,0.5,1.0,1.0,0,0,1,0,0,1,8,3.0,1,1,1,1,1,0,0,0,0,28,1,0,0,1,1,0,0,0,0,0,0,0,8,33,2.1972245773362196,3.5263605246161616
0xdragon,0,0,0,0,0,11,0,0,11,0,2,0,0,0,2,0.16666666666666666,0.16666666666666666,0.001467351430667645,1362,1361,0.008070432868672046,0.9985326485693323,0,0,1,1,0,1,1,0.08333333333333333,0.3333333333333333,0.3333333333333333,0,0,1,0,0,1,8,3.0,1,1,1,1,1,1,1,3,41,72,0,0,0,1,1,0,0,0,0,0,0,0,20,100,3.044522437723423,4.61512051684126
0xe,0,0,0,0,0,1,0,0,0,0,0,0,0,0,0,0.0,0.0,0.0,410,410,0.0024330900243309003,0.9975669099756691,0,0,0,1,0,1,1,0.5,1.0,1.0,0,0,1,0,0,1,3,1.584962500721156,0,0,0,0,0,0,0,0,0,28,1,1,0,0,0,0,0,0,0,0,0,0,5,29,1.791759469228055,3.4011973816621555
0xeac7,0,0,0,0,0,1,0,0,1,0,0,0,0,0,0,0.0,0.0,0.0,2685,1549,0.00037230081906180194,0.5766939687267312,0,0,1,1,0,1,1,0.5,1.0,1.0,0,0,1,0,0,1,6,2.584962500721156,1,1,1,1,1,0,0,0,0,9,1,0,0,1,1,0,0,0,0,0,0,0,4,25,1.6094379124341003,3.258096538021482
0xegg2024,0,0,0,0,0,2,1,0,21,0,10,6,0,0,16,3.3333333333333335,5.333333333333333,0.011961722488038277,835,835,0.0023923444976076554,0.9988038277511961,0,0,1,1,0,1,1,0.3333333333333333,0.058823529411764705,0.09090909090909091,0,0,1,0,0,1,9,2.503258334775646,1,1,1,1,1,0,0,0,59,1802,0,0,0,3,1,0,0,0,0,0,0,0,29,305,3.4011973816621555,5.723585101952381
0xegg202401,0,0,0,0,0,1,1,0,21,0,10,6,0,0,16,5.0,8.0,0.011961722488038277,835,835,0.0011961722488038277,0.9988038277511961,0,0,1,1,0,1,1,0.5,0.058823529411764705,0.09090909090909091,0,0,1,0,0,1,11,2.6635327548042547,1,1,1,1,1,0,0,0,59,1802,0,0,0,3,1,0,0,0,0,0,0,0,9,39,2.302585092994046,3.6888794541139363
0xenkz,0,0,0,0,0,1,0,0,1,0,0,0,0,0,0,0.0,0.0,0.0,232,232,0.004291845493562232,0.9957081545064378,0,0,0,0,1,0,1,0.0,0.0,0.0,0,0,1,0,0,1,6,2.584962500721156,1,0,0,0,0,0,0,0,24,0,0,0,0,0,0,0,0,0,0,0,0,0,22,255,3.1354942159291497,5.545177444479562
0xesystem,0,0,0,0,0,6,1,5,0,0,0,0,0,0,0,0.0,0.0,0.0,905,825,0.006622516556291391,0.9105960264900662,0,0,1,1,0,1,1,0.14285714285714285,1.0,1.0,0,0,1,0,0,1,9,2.725480556997868,0,0,0,0,1,1,1,1,99,99,0,0,0,1,1,0,0,0,0,0,0,0,7,76,2.0794415416798357,4.343805421853684
0xf,0,0,0,0,0,1,0,0,0,0,0,0,0,0,0,0.0,0.0,0.0,410,410,0.0024330900243309003,0.9975669099756691,0,0,0,1,0,1,1,0.5,1.0,1.0,0,0,1,0,0,1,3,1.584962500721156,0,0,0,0,0,0,0,0,0,28,1,1,0,0,0,0,0,0,0,0,0,0,2,25,1.0986122886681098,3.258096538021482
0xfactory,0,0,0,0,0,3,1,0,2,0,0,0,0,0,0,0.0,0.0,0.0,957,957,0.003131524008350731,0.9989561586638831,0,0,1,1,0,1,1,0.25,1.0,1.0,0,0,1,0,0,1,9,3.169925001442312,0,0,0,0,1,1,1,7,17,28,0,0,0,1,1,0,0,0,0,0,0,0,9,50,2.302585092994046,3.9318256327243257
0xfaqih-tea,0,0,0,0,0,1,4,1,0,0,3,9,0,0,12,1.5,6.0,0.0035587188612099642,842,842,0.0011862396204033216,0.9988137603795967,0,0,1,1,0,1,1,0.5,0.07692307692307693,0.25,0,0,2,1,0,1,11,3.2776134368191165,1,1,1,1,1,0,0,0,159,1383,0,0,0,4,1,0,0,0,0,0,0,0,7,32,2.0794415416798357,3.4965075614664802
0xfari,0,0,0,0,0,1,1,1,4,0,3,9,0,0,12,1.5,6.0,0.0035419126328217238,846,846,0.0011806375442739079,0.9988193624557261,0,0,1,1,0,1,1,0.5,0.07692307692307693,0.25,0,0,1,0,0,1,6,2.584962500721156,1,1,1,1,1,1,0,0,159,1383,0,0,0,4,1,0,0,0,0,0,0,0,8,36,2.1972245773362196,3.6109179126442243
0xff,0,0,0,0,0,1,1,0,0,0,0,0,0,0,0,0.0,0.0,0.0,3788,1480,0.0002639218791237794,0.39060438110319345,0,0,1,1,0,1,1,0.5,1.0,1.0,0,0,1,0,0,1,4,1.5,0,0,0,0,1,0,0,0,0,28,1,0,0,1,1,0,0,0,0,0,0,0,2,19,1.0986122886681098,2.995732273553991
0xflotus,0,0,0,0,0,1,1,0,0,0,3,0,0,0,3,1.5,1.5,0.0010905125408942203,2750,1549,0.0003635041802980734,0.5630679752817157,0,0,1,1,0,1,1,0.5,0.25,0.25,0,0,1,0,0,1,8,3.0,1,1,1,1,1,1,0,0,0,28,1,0,0,0,0,0,0,0,0,0,0,0,6,41,1.9459101490553132,3.7376696182833684
0xfluid,0,0,0,0,0,1,0,0,0,0,0,0,0,0,0,0.0,0.0,0.0,61,59,0.016129032258064516,0.9516129032258065,0,0,0,2,0,0,0,1.0,2.0,2.0,0,0,1,0,0,1,7,2.807354922057604,0,0,0,0,1,0,0,0,22,148,0,0,0,1,1,0,0,0,0,0,0,0,6,27,1.9459101490553132,3.332204510175204
0xformat_util,0,0,0,0,0,2,1,0,1,0,1,0,0,0,1,0.3333333333333333,0.3333333333333333,0.0011876484560570072,841,841,0.0023752969121140144,0.998812351543943,0,0,1,1,0,1,1,0.3333333333333333,0.5,0.5,0,0,2,0,0,1,13,3.546593564294939,0,0,0,0,1,0,0,0,0,28,1,0,0,1,1,0,0,0,0,0,0,0,8,41,2.1972245773362196,3.7376696182833684
0xfthllah-tea,0,0,0,0,0,1,1,0,0,0,0,0,0,0,0,0.0,0.0,0.0,846,846,0.0011806375442739079,0.9988193624557261,0,0,1,1,0,1,1,0.5,1.0,1.0,0,0,2,1,0,1,13,3.085055102756477,1,1,1,1,1,0,0,0,0,15,1,0,0,1,1,0,0,0,0,0,0,0,8,32,2.1972245773362196,3.4965075614664802
0xgank-tea-advice-pull,0,0,0,0,0,1,1,0,0,0,2,0,0,0,2,1.0,1.0,0.0025284450063211127,790,790,0.0012642225031605564,0.9987357774968394,0,0,1,1,0,1,1,0.5,0.3333333333333333,0.3333333333333333,0,0,4,1,0,1,22,3.8453509366224354,0,0,0,0,1,0,0,0,0,28,1,0,0,1,1,0,0,0,0,0,0,0,6,25,1.9459101490553132,3.258096538021482
0xgank-tea-balance-pencil,0,0,0,0,0,1,1,0,0,0,2,0,0,0,2,1.0,1.0,0.0025284450063211127,790,790,0.0012642225031605564,0.9987357774968394,0,0,1,1,0,1,1,0.5,0.3333333333333333,0.3333333333333333,0,0,4,1,0,1,25,3.5932696895151084,0,0,0,0,1,0,0,0,0,28,1,0,0,1,1,0,0,0,0,0,0,0,6,27,1.9459101490553132,3.332204510175204
0xgank-tea-brick-bell,0,0,0,0,0,1,1,0,0,0,2,0,0,0,2,1.0,1.0,0.0025284450063211127,790,790,0.0012642225031605564,0.9987357774968394,0,0,1,1,0,1,1,0.5,0.3333333333333333,0.3333333333333333,0,0,4,1,0,1,21,3.689703732199547,0,0,0,0,1,0,0,0,0,28,1,0,0,1,1,0,0,0,0,0,0,0,7,33,2.0794415416798357,3.5263605246161616
0xgank-tea-cake-victory,0,0,0,0,0,1,1,0,0,0,39,0,0,0,39,19.5,19.5,0.0493046776232617,790,790,0.0012642225031605564,0.9987357774968394,0,0,1,1,0,1,1,0.5,0.025,0.025,0,0,4,1,0,1,23,3.7622673906514947,0,0,0,0,1,0,0,0,0,28,1,0,0,1,1,0,0,0,0,0,0,0,7,32,2.0794415416798357,3.4965075614664802
0xgank-tea-central-compound,0,0,0,0,0,1,1,0,0,0,2,0,0,0,2,1.0,1.0,0.0025284450063211127,790,790,0.0012642225031605564,0.9987357774968394,0,0,1,1,0,1,1,0.5,0.3333333333333333,0.3333333333333333,0,0,4,1,0,1,27,3.930270372293454,0,0,0,0,1,0,0,0,0,28,1,0,0,1,1,0,0,0,0,0,0,0,5,26,1.791759469228055,3.295836866004329
0xgank-tea-characteristic,0,0,0,0,0,1,1,0,0,0,2,0,0,0,2,1.0,1.0,0.0025284450063211127,790,790,0.0012642225031605564,0.9987357774968394,0,0,1,1,0,1,1,0.5,0.3333333333333333,0.3333333333333333,0,0,3,1,0,1,25,3.6234651896016468,0,0,0,0,1,0,0,0,0,28,1,0,0,1,1,0,0,0,0,0,0,0,6,31,1.9459101490553132,3.4657359027997265
0xgank-tea-child-evening,0,0,0,0,0,1,1,0,0,0,2,0,0,0,2,1.0,1.0,0.0025284450063211127,790,790,0.0012642225031605564,0.9987357774968394,0,0,1,1,0,1,1,0.5,0.3333333333333333,0.3333333333333333,0,0,4,1,0,1,24,3.7406015629507228,0,0,0,0,1,0,0,0,0,28,1,0,0,1,1,0,0,0,0,0,0,0,6,30,1.9459101490553132,3.4339872044851463
0xgank-tea-construction-easy,0,0,0,0,0,1,1,0,0,0,2,0,0,0,2,1.0,1.0,0.0025284450063211127,790,790,0.0012642225031605564,0.9987357774968394,0,0,1,1,0,1,1,0.5,0.3333333333333333,0.3333333333333333,0,0,4,1,0,1,28,3.842370993177109,0,0,0,0,1,0,0,0,0,28,1,0,0,1,1,0,0,0,0,0,0,0,6,29,1.9459101490553132,3.4011973816621555
0xgank-tea-conversation,0,0,0,0,0,1,1,0,0,0,2,0,0,0,2,1.0,1.0,0.0025284450063211127,790,790,0.0012642225031605564,0.9987357774968394,0,0,1,1,0,1,1,0.5,0.3333333333333333,0.3333333333333333,0,0,3,1,0,1,23,3.7622673906514947,0,0,0,0,1,0,0,0,0,28,1,0,0,1,1,0,0,0,0,0,0,0,7,27,2.0794415416798357,3.332204510175204
0xgank-tea-court-purpose,0,0,0,0,0,1,1,0,0,0,2,0,0,0,2,1.0,1.0,0.0025284450063211127,790,790,0.0012642225031605564,0.9987357774968394,0,0,1,1,0,1,1,0.5,0.3333333333333333,0.3333333333333333,0,0,4,1,0,1,24,3.8035088547976788,0,0,0,0,1,0,0,0,0,28,1,0,0,1,1,0,0,0,0,0,0,0,7,32,2.0794415416798357,3.4965075614664802
0xgank-tea-date-location,0,0,0,0,0,1,1,0,0,0,2,0,0,0,2,1.0,1.0,0.0025284450063211127,790,790,0.0012642225031605564,0.9987357774968394,0,0,1,1,0,1,1,0.5,0.3333333333333333,0.3333333333333333,0,0,4,1,0,1,24,3.605388542207534,0,0,0,0,1,0,0,0,0,28,1,0,0,1,1,0,0,0,0,0,0,0,5,24,1.791759469228055,3.2188758248682006
0xgank-tea-determine-dinner,0,0,0,0,0,1,1,0,0,0,2,0,0,0,2,1.0,1.0,0.0025284450063211127,790,790,0.0012642225031605564,0.9987357774968394,0,0,1,1,0,1,1,0.5,0.3333333333333333,0.3333333333333333,0,0,4,1,0,1,27,3.4821272067338285,0,0,0,0,1,0,0,0,0,28,1,0,0,1,1,0,0,0,0,0,0,0,7,25,2.0794415416798357,3.258096538021482
0xgank-tea-experience,0,0,0,0,0,1,1,0,0,0,2,0,0,0,2,1.0,1.0,0.0025284450063211127,790,790,0.0012642225031605564,0.9987357774968394,0,0,1,1,0,1,1,0.5,0.3333333333333333,0.3333333333333333,0,0,3,1,0,1,21,3.45852501923415,0,0,0,0,1,0,0,0,0,28,1,0,0,1,1,0,0,0,0,0,0,0,6,31,1.9459101490553132,3.4657359027997265
0xgank-tea-felt-pleasant,0,0,0,0,0,1,1,0,0,0,2,0,0,0,2,1.0,1.0,0.0025284450063211127,790,790,0.0012642225031605564,0.9987357774968394,0,0,1,1,0,1,1,0.5,0.3333333333333333,0.3333333333333333,0,0,4,1,0,1,24,3.4906015629507228,0,0,0,0,1,0,0,0,0,28,1,0,0,1,1,0,0,0,0,0,0,0,6,28,1.9459101490553132,3.367295829986474
0xgank-tea-fine-making,0,0,0,0,0,1,1,0,0,0,2,0,0,0,2,1.0,1.0,0.0025284450063211127,790,790,0.0012642225031605564,0.9987357774968394,0,0,1,1,0,1,1,0.5,0.3333333333333333,0.3333333333333333,0,0,4,1,0,1,22,3.447401504705915,0,0,0,0,1,0,0,0,0,28,1,0,0,1,1,0,0,0,0,0,0,0,7,30,2.0794415416798357,3.4339872044851463
0xgank-tea-fur-her,0,0,0,0,0,1,1,0,0,0,39,0,0,0,39,19.5,19.5,0.0493046776232617,790,790,0.0012642225031605564,0.9987357774968394,0,0,1,1,0,1,1,0.5,0.025,0.025,0,0,4,1,0,1,18,3.5724312513221195,0,0,0,0,1,0,0,0,0,28,1,0,0,1,1,0,0,0,0,0,0,0,6,28,1.9459101490553132,3.367295829986474
0xgank-tea-hole-fairly,0,0,0,0,0,1,1,0,0,0,39,0,0,0,39,19.5,19.5,0.0493046776232617,790,790,0.0012642225031605564,0.9987357774968394,0,0,1,1,0,1,1,0.5,0.025,0.025,0,0,4,1,0,1,22,3.845350936622436,0,0,0,0,1,0,0,0,0,28,1,0,0,1,1,0,0,0,0,0,0,0,6,30,1.9459101490553132,3.4339872044851463
0xgank-tea-president-accept,0,0,0,0,0,1,1,0,0,0,2,0,0,0,2,1.0,1.0,0.0025284450063211127,790,790,0.0012642225031605564,0.9987357774968394,0,0,1,1,0,1,1,0.5,0.3333333333333333,0.3333333333333333,0,0,4,1,0,1,27,3.7080481500712317,0,0,0,0,1,0,0,0,0,28,1,0,0,1,1,0,0,0,0,0,0,0,6,24,1.9459101490553132,3.2188758248682006
0xgank-tea-research-running,0,0,0,0,0,1,1,0,0,0,2,0,0,0,2,1.0,1.0,0.0025284450063211127,790,790,0.0012642225031605564,0.9987357774968394,0,0,1,1,0,1,1,0.5,0.3333333333333333,0.3333333333333333,0,0,4,1,0,1,27,3.6800893536948065,0,0,0,0,1,0,0,0,0,28,1,0,0,1,1,0,0,0,0,0,0,0,6,27,1.9459101490553132,3.332204510175204
0xgank-tea-satellites-driven,0,0,0,0,0,1,1,0,0,0,2,0,0,0,2,1.0,1.0,0.0025284450063211127,790,790,0.0012642225031605564,0.9987357774968394,0,0,1,1,0,1,1,0.5,0.3333333333333333,0.3333333333333333,0,0,4,1,0,1,28,3.7264741182543752,0,0,0,0,1,0,0,0,0,28,1,0,0,1,1,0,0,0,0,0,0,0,7,28,2.0794415416798357,3.367295829986474
0xgank-tea-stomach-deer,0,0,0,0,0,1,1,0,0,0,2,0,0,0,2,1.0,1.0,0.0025284450063211127,790,790,0.0012642225031605564,0.9987357774968394,0,0,1,1,0,1,1,0.5,0.3333333333333333,0.3333333333333333,0,0,4,1,0,1,23,3.816402716644387,0,0,0,0,1,0,0,0,0,28,1,0,0,1,1,0,0,0,0,0,0,0,5,29,1.791759469228055,3.4011973816621555
0xgank-tea-they-soil,0,0,0,0,0,1,1,0,0,0,2,0,0,0,2,1.0,1.0,0.0025284450063211127,790,790,0.0012642225031605564,0.9987357774968394,0,0,1,1,0,1,1,0.5,0.3333333333333333,0.3333333333333333,0,0,4,1,0,1,20,3.7841837197791883,0,0,0,0,1,0,0,0,0,28,1,0,0,1,1,0,0,0,0,0,0,0,8,38,2.1972245773362196,3.6635616461296463
0xgas-auth,0,0,0,0,0,1,1,0,0,0,0,2,0,1,3,0.0,1.5,0.0,118,118,0.008403361344537815,0.9915966386554622,0,0,0,1,0,1,1,0.5,0.25,1.0,0,0,2,1,0,1,10,3.121928094887362,1,1,1,1,1,1,1,10,84,5933,0,0,0,5,1,0,0,0,0,0,1,1,8,35,2.1972245773362196,3.58351893845611
0xgasless-mcp,0,0,0,0,0,3,1,0,5,0,7,6,0,1,14,1.75,3.5,0.017676767676767676,395,392,0.007575757575757576,0.98989898989899,0,0,0,1,0,1,1,0.25,0.06666666666666667,0.125,0,0,2,1,0,1,13,3.334679141051595,1,1,1,1,1,1,1,13,111,9179,0,0,0,7,1,0,0,0,0,0,1,1,14,64,2.70805020110221,4.174387269895637
0xhaisa,0,0,0,0,0,1,1,1,4,0,3,8,0,0,11,1.5,5.5,0.0037926675094816687,790,790,0.0012642225031605564,0.9987357774968394,0,0,1,1,0,1,1,0.5,0.08333333333333333,0.25,0,0,1,0,0,1,7,2.5216406363433186,1,1,1,1,1,0,0,0,159,1383,0,0,0,4,1,0,0,0,0,0,0,0,6,36,1.9459101490553132,3.6109179126442243
0xhash-utils,0,0,0,0,0,1,0,0,1,0,0,0,0,0,0,0.0,0.0,0.0,146,146,0.006802721088435374,0.9931972789115646,0,0,0,0,1,0,1,0.0,0.0,0.0,0,0,2,1,0,1,12,3.251629167387823,1,0,0,0,0,0,0,0,24,0,0,0,0,0,0,0,0,0,0,0,0,0,23,250,3.1780538303479458,5.5254529391317835
0xhire,0,0,0,0,0,1,0,1,0,0,0,2,0,0,2,0.0,1.0,0.0,98,98,0.010101010101010102,0.98989898989899,0,0,0,1,0,1,1,0.5,0.3333333333333333,1.0,0,0,1,0,0,1,6,2.584962500721156,1,1,1,1,1,0,1,6,104,28,0,0,0,3,1,0,0,0,0,0,1,1,10,42,2.3978952727983707,3.7612001156935624
0xhyu,0,0,0,0,0,1,1,1,4,0,3,8,0,0,11,1.5,5.5,0.003826530612244898,783,783,0.0012755102040816326,0.9987244897959183,0,0,1,1,0,1,1,0.5,0.08333333333333333,0.25,0,0,1,0,0,1,5,2.321928094887362,1,1,1,1,1,0,0,0,159,1383,0,0,0,4,1,0,0,0,0,0,0,0,6,37,1.9459101490553132,3.6375861597263857
0xhyuu,0,0,0,0,0,1,1,0,0,0,4,3,0,0,7,2.0,3.5,0.005128205128205128,779,779,0.001282051282051282,0.9987179487179487,0,0,1,1,0,1,1,0.5,0.125,0.2,0,0,1,0,0,1,6,2.2516291673878226,1,1,1,1,1,1,1,2,99,15219,0,0,0,1,1,0,0,0,0,0,0,0,6,26,1.9459101490553132,3.295836866004329
0xik65,0,0,0,0,0,1,3,2,4,0,0,0,0,0,0,0.0,0.0,0.0,1151,1151,0.0008680555555555555,0.9991319444444444,0,0,1,1,0,1,1,0.5,1.0,1.0,0,0,1,0,0,1,6,2.584962500721156,0,0,0,0,1,1,0,0,6,606,0,0,0,1,1,0,0,0,0,0,0,0,9,35,2.302585092994046,3.58351893845611
0xinstantly,0,0,0,0,0,1,1,1,4,0,3,9,0,0,12,1.5,6.0,0.0035460992907801418,845,845,0.001182033096926714,0.9988179669030733,0,0,1,1,0,1,1,0.5,0.07692307692307693,0.25,0,0,1,0,0,1,11,3.095795255000934,1,1,1,1,1,0,0,0,159,1383,0,0,0,4,1,0,0,0,0,0,0,0,8,34,2.1972245773362196,3.5553480614894135
0xipet,0,0,0,0,0,1,1,1,4,0,3,9,0,0,12,1.5,6.0,0.0035545023696682463,843,843,0.001184834123222749,0.9988151658767772,0,0,1,1,0,1,1,0.5,0.07692307692307693,0.25,0,0,1,0,0,1,6,2.584962500721156,1,1,1,1,1,0,0,0,159,1383,0,0,0,4,1,0,0,0,0,0,0,0,9,30,2.302585092994046,3.4339872044851463
0xjepee,0,0,0,0,0,1,1,1,4,0,3,9,0,0,12,1.5,6.0,0.0035460992907801418,845,845,0.001182033096926714,0.9988179669030733,0,0,1,1,0,1,1,0.5,0.07692307692307693,0.25,0,0,1,0,0,1,7,2.128085278891394,1,1,1,1,1,0,0,0,159,1383,0,0,0,4,1,0,0,0,0,0,0,0,8,37,2.1972245773362196,3.6375861597263857
0xkaill,0,0,0,0,0,1,1,1,4,0,3,9,0,0,12,1.5,6.0,0.0035419126328217238,846,846,0.0011806375442739079,0.9988193624557261,0,0,1,1,0,1,1,0.5,0.07692307692307693,0.25,0,0,1,0,0,1,7,2.521640636343318,1,1,1,1,1,0,0,0,159,1383,0,0,0,4,1,0,0,0,0,0,0,0,8,34,2.1972245773362196,3.5553480614894135
0xkarl-everscale,0,0,0,0,0,1,0,7,5,0,7,6,0,0,13,3.5,6.5,0.005331302361005331,1312,1312,0.0007616146230007616,0.9992383853769993,0,0,1,1,0,1,1,0.5,0.07142857142857142,0.125,0,0,2,1,0,1,16,3.327819531114783,1,1,1,1,1,1,1,4,58,14,0,0,0,7,1,0,0,0,0,0,1,1,9,40,2.302585092994046,3.713572066704308
0xkarl-everscale-standalone-client,0,0,0,0,0,8,2,1,12,0,7,7,0,0,14,0.7777777777777778,1.5555555555555556,0.005331302361005331,1312,1312,0.006092916984006093,0.9992383853769993,0,0,1,1,0,1,1,0.1111111111111111,0.06666666666666667,0.125,0,0,4,1,0,1,34,3.7604212095219935,1,1,1,1,1,0,0,0,255,3518,0,0,0,3,1,0,0,0,0,0,0,0,239,4836,5.480638923341991,8.484049972822984
0xkarl-sdk,0,0,0,0,0,2,0,7,6,0,8,18,0,0,26,2.6666666666666665,8.666666666666666,0.006092916984006093,1312,1312,0.0015232292460015233,0.9992383853769993,0,0,1,1,0,1,1,0.3333333333333333,0.037037037037037035,0.1111111111111111,0,0,2,1,0,1,10,3.121928094887362,1,1,1,1,1,1,1,6,62,733,0,0,0,8,1,0,0,0,0,0,1,1,21,130,3.091042453358316,4.875197323201151
0xkeyejs,0,0,0,0,0,62,7,7,0,0,0,0,0,0,0,0.0,0.0,0.0,1463,686,0.04234972677595628,0.4685792349726776,0,0,0,1,0,1,1,0.015873015873015872,1.0,1.0,0,0,1,0,0,1,8,2.75,0,0,0,0,1,1,0,0,0,0,1,0,0,1,1,0,0,0,0,0,0,0,28,387,3.367295829986474,5.961005339623274
0xkhun-tea-testnet,0,0,0,0,0,1,4,1,0,0,4,9,0,0,13,2.0,6.5,0.004744958481613286,842,842,0.0011862396204033216,0.9988137603795967,0,0,1,1,0,1,1,0.5,0.07142857142857142,0.2,0,0,3,1,0,1,18,3.2390979179887864,1,1,1,1,1,1,0,0,159,1383,0,0,0,4,1,0,0,0,0,0,0,0,7,28,2.0794415416798357,3.367295829986474
0xkit,0,0,0,0,0,1,0,0,1,0,11,16,0,4,31,5.5,15.5,0.00897226753670473,1225,1225,0.0008156606851549756,0.9991843393148451,0,0,1,1,0,1,1,0.5,0.03125,0.08333333333333333,0,0,1,0,0,1,5,2.321928094887362,1,1,1,1,1,1,1,6,47,9,0,0,0,8,1,0,0,0,1,0,1,1,11,47,2.4849066497880004,3.871201010907891
0xkobold,0,0,0,0,0,35,0,8,0,0,29,6,0,0,35,0.8055555555555556,0.9722222222222222,0.24786324786324787,116,106,0.29914529914529914,0.905982905982906,0,0,0,1,0,1,1,0.027777777777777776,0.027777777777777776,0.03333333333333333,0,0,1,0,0,1,8,2.75,0,0,0,0,1,1,1,5,95,0,0,0,0,16,1,0,0,1,0,0,1,1,89,554,4.499809670330265,6.318968113746434
0xkukie,0,0,0,0,0,1,1,0,0,0,1,0,0,0,1,0.5,0.5,0.0012077294685990338,827,827,0.0012077294685990338,0.998792270531401,0,0,1,1,0,1,1,0.5,0.5,0.5,0,0,1,0,0,1,7,2.5216406363433186,0,0,0,0,1,0,0,0,0,28,1,0,0,1,1,0,0,0,0,0,0,0,8,27,2.1972245773362196,3.332204510175204
0xlib,0,0,0,0,0,1,5,6,6,0,30,0,0,0,30,15.0,15.0,0.019880715705765408,1508,1508,0.0006626905235255136,0.9993373094764745,0,0,1,1,0,1,1,0.5,0.03225806451612903,0.03225806451612903,0,0,1,0,0,1,5,2.321928094887362,1,1,1,1,1,1,1,2,50,3928,0,0,0,1,1,0,0,0,0,0,0,0,8,34,2.1972245773362196,3.5553480614894135
0xlindd,0,0,0,0,0,1,1,0,0,0,1,0,0,0,1,0.5,0.5,0.0008968609865470852,1114,1114,0.0008968609865470852,0.9991031390134529,0,0,1,1,0,1,1,0.5,0.5,0.5,0,0,1,0,0,1,7,2.521640636343318,0,0,0,0,1,1,0,0,24,28,0,0,0,1,1,0,0,0,0,0,0,0,8,34,2.1972245773362196,3.5553480614894135
0xln5o,0,0,0,0,0,1,3,3,8,0,0,0,0,0,0,0.0,0.0,0.0,1151,1151,0.0008680555555555555,0.9991319444444444,0,0,1,1,0,1,1,0.5,1.0,1.0,0,0,1,0,0,1,6,2.584962500721156,0,0,0,0,1,1,0,0,6,612,0,0,0,1,1,0,0,0,0,0,0,0,9,34,2.302585092994046,3.5553480614894135
0xlocapackage,0,0,0,0,0,1,1,0,0,0,0,0,0,0,0,0.0,0.0,0.0,860,860,0.0011614401858304297,0.9988385598141696,0,0,1,1,0,1,1,0.5,1.0,1.0,0,0,1,0,0,1,13,3.180832987205441,1,1,0,0,1,1,1,1,16,28,0,0,0,1,1,0,0,0,0,0,0,0,4,20,1.6094379124341003,3.044522437723423
0xlogs,0,0,0,0,0,5,1,0,1,0,0,0,0,0,0,0.0,0.0,0.0,418,416,0.011933174224343675,0.9928400954653938,0,0,0,1,0,1,1,0.16666666666666666,1.0,1.0,0,0,1,0,0,1,6,2.584962500721156,1,1,1,1,1,1,1,11,92,2094,0,0,0,0,0,0,0,0,0,0,0,0,14,74,2.70805020110221,4.31748811353631
0xlort-tea,0,0,0,0,0,1,1,1,4,0,3,9,0,0,12,1.5,6.0,0.0035587188612099642,842,842,0.0011862396204033216,0.9988137603795967,0,0,1,1,0,1,1,0.5,0.07692307692307693,0.25,0,0,2,1,0,1,10,3.1219280948873624,1,1,1,1,1,0,0,0,159,1383,0,0,0,4,1,0,0,0,0,0,0,0,12,62,2.5649493574615367,4.143134726391533
0xmegaphone-sdk,0,0,0,0,0,19,1,0,18,0,0,8,0,4,12,0.0,0.6,0.0,233,218,0.0811965811965812,0.9316239316239316,0,0,0,1,0,1,1,0.05,0.07692307692307693,1.0,0,0,2,1,0,1,15,3.773557262275185,1,1,1,1,1,0,0,0,80,10853,0,0,0,5,1,0,0,0,0,0,0,0,32,141,3.4965075614664802,4.955827057601261
0xmfatur,0,0,0,0,0,1,1,1,4,0,3,9,0,0,12,1.5,6.0,0.003575685339690107,838,838,0.0011918951132300357,0.99880810488677,0,0,1,1,0,1,1,0.5,0.07692307692307693,0.25,0,0,1,0,0,1,8,3.0,1,1,1,1,1,0,0,0,159,1383,0,0,0,4,1,0,0,0,0,0,0,0,3,27,1.3862943611198906,3.332204510175204
0xmisoke,0,0,0,0,0,1,0,0,1,0,0,0,0,0,0,0.0,0.0,0.0,232,232,0.004291845493562232,0.9957081545064378,0,0,0,0,1,0,1,0.0,0.0,0.0,0,0,1,0,0,1,8,3.0,1,0,0,0,0,0,0,0,24,0,0,0,0,0,0,0,0,0,0,0,0,0,19,251,2.995732273553991,5.529429087511423
0xmugitea,0,0,0,0,0,1,0,1,0,0,3,9,0,0,12,1.5,6.0,0.007228915662650603,414,414,0.0024096385542168677,0.9975903614457832,0,0,0,1,0,1,1,0.5,0.07692307692307693,0.25,0,0,1,0,0,1,9,3.169925001442312,1,1,1,1,1,0,0,0,149,1450,0,0,0,4,1,0,0,0,0,0,0,0,10,40,2.3978952727983707,3.713572066704308
0xmux,0,0,0,0,0,15,0,14,0,0,0,0,3,0,3,0.0,0.1875,0.0,138,100,0.1079136690647482,0.7194244604316546,0,0,0,1,0,1,1,0.0625,0.25,1.0,0,0,1,0,0,1,5,1.9219280948873623,1,1,1,1,1,0,1,4,45,28,0,0,0,0,0,0,0,0,0,0,0,0,28,176,3.367295829986474,5.176149732573829
0xmux-computer,0,0,0,0,0,2,0,2,0,0,2,2,0,0,4,0.6666666666666666,1.3333333333333333,0.015748031496062992,126,126,0.015748031496062992,0.9921259842519685,0,0,0,1,0,1,1,0.3333333333333333,0.2,0.3333333333333333,0,0,2,1,0,1,14,3.3787834934861767,1,1,1,1,1,1,1,5,88,1354,0,0,0,6,1,0,0,0,0,0,1,1,13,83,2.6390573296152584,4.430816798843313
0xname-resolver-snap,0,0,0,0,0,3,0,1,2,0,2,2,0,0,4,0.5,1.0,0.00411522633744856,485,155,0.006172839506172839,0.31893004115226337,0,0,0,1,0,1,1,0.25,0.2,0.3333333333333333,0,0,3,1,0,1,20,3.5841837197791886,1,1,1,1,1,1,1,6,78,2705,0,0,0,5,1,0,0,0,0,0,1,1,12,65,2.5649493574615367,4.189654742026425
0xnineteaproject,0,0,0,0,0,3,1,1,4,0,4,9,0,0,13,1.0,3.25,0.004733727810650888,844,843,0.0035502958579881655,0.9976331360946745,0,0,1,1,0,1,1,0.25,0.07142857142857142,0.2,0,0,1,0,0,1,16,3.452819531114783,1,1,1,1,1,0,0,0,159,1383,0,0,0,4,1,0,0,0,0,0,0,0,9,54,2.302585092994046,4.007333185232471
0xorderbuilder,0,0,0,0,0,6,1,1,0,0,7,7,0,0,14,1.0,2.0,0.002327127659574468,3007,1549,0.0019946808510638296,0.5149601063829787,0,0,1,1,0,1,1,0.14285714285714285,0.06666666666666667,0.125,0,0,1,0,0,1,14,3.182005814760214,1,1,1,1,1,1,1,4,51,2523,0,0,0,4,1,0,0,0,0,0,0,0,22,142,3.1354942159291497,4.962844630259907
0xpass,0,0,0,0,0,61,0,1,26,0,16,25,0,5,46,0.25806451612903225,0.7419354838709677,0.01173881144534116,1362,888,0.04475421863536317,0.6515040352164343,0,0,1,3,0,0,0,0.04838709677419355,0.06382978723404255,0.17647058823529413,0,0,1,0,0,1,6,2.2516291673878226,0,0,0,0,0,0,0,0,0,28,1,0,0,4,1,0,0,0,0,0,0,0,70,385,4.2626798770413155,5.955837369464831
0xpay-cc-sdk,0,0,0,0,0,10,0,1,0,0,9,1,0,0,10,0.8181818181818182,0.9090909090909091,0.010688836104513063,841,661,0.011876484560570071,0.7850356294536817,0,0,0,1,0,1,1,0.09090909090909091,0.09090909090909091,0.1,0,0,3,1,0,1,12,3.251629167387823,1,1,1,0,1,1,1,5,255,4422,0,0,1,3,1,0,0,0,0,0,0,0,21,102,3.091042453358316,4.634728988229636
0xpermana-xyz,0,0,0,0,0,1,1,1,5,0,3,9,0,0,12,1.5,6.0,0.003537735849056604,847,847,0.0011792452830188679,0.9988207547169812,0,0,1,1,0,1,1,0.5,0.07692307692307693,0.25,0,0,2,1,0,1,13,3.3927474104487847,1,1,1,1,1,0,0,0,159,1383,0,0,0,4,1,0,0,0,0,0,0,0,3,31,1.3862943611198906,3.4657359027997265
0xpigment,0,0,0,0,0,1,0,0,1,0,0,43,0,4,47,0.0,23.5,0.0,1193,1193,0.0008375209380234506,0.9991624790619765,0,0,1,1,0,1,1,0.5,0.020833333333333332,1.0,0,0,1,0,0,1,9,3.169925001442312,0,0,0,0,1,1,0,0,69,198,0,0,0,6,1,0,0,0,0,0,0,0,9,32,2.302585092994046,3.4965075614664802
0xpo21,0,0,0,0,0,1,3,0,2,0,0,0,0,0,0,0.0,0.0,0.0,1152,1152,0.0008673026886383347,0.9991326973113617,0,0,1,1,0,1,1,0.5,1.0,1.0,0,0,1,0,0,1,6,2.584962500721156,0,0,0,0,1,1,0,0,6,591,0,0,0,1,1,0,0,0,0,0,0,0,10,31,2.3978952727983707,3.4657359027997265
0xpom-cli,0,0,0,0,0,3,0,0,4,0,2,2,0,0,4,0.5,1.0,0.0007209805335255948,2773,1549,0.0010814708002883922,0.5583994232155732,0,0,1,1,0,1,1,0.25,0.2,0.3333333333333333,0,0,2,1,0,1,9,3.169925001442312,0,0,0,0,1,1,0,0,22,31,0,0,0,1,1,0,0,0,0,0,0,0,14,54,2.70805020110221,4.007333185232471
0xppl-solana-portfolio,0,0,0,0,0,1,1,0,0,0,41,32,0,0,73,20.5,36.5,0.0681063122923588,601,601,0.0016611295681063123,0.9983388704318937,0,0,0,1,0,1,1,0.5,0.013513513513513514,0.023809523809523808,0,0,3,1,0,1,22,3.481714572986072,1,1,1,1,1,1,0,0,255,6141,0,0,0,5,1,0,0,0,0,0,0,0,9,31,2.302585092994046,3.4657359027997265
0xpresc-test,0,0,0,0,0,1,0,1,0,0,0,1,0,0,1,0.0,0.5,0.0,387,387,0.002577319587628866,0.9974226804123711,0,0,0,1,0,1,1,0.5,0.5,1.0,0,0,2,1,0,1,12,3.084962500721156,0,0,0,0,0,0,0,0,40,28,0,0,0,2,1,0,0,0,0,0,0,0,6,40,1.9459101490553132,3.713572066704308
0xpuan,0,0,0,0,0,2,1,1,4,0,3,9,0,0,12,1.0,4.0,0.003537735849056604,847,842,0.0023584905660377358,0.9929245283018868,0,0,1,1,0,1,1,0.3333333333333333,0.07692307692307693,0.25,0,0,1,0,0,1,6,2.584962500721156,1,1,1,1,1,0,0,0,159,1383,0,0,0,4,1,0,0,0,0,0,0,0,9,39,2.302585092994046,3.6888794541139363
0xpz9t,0,0,0,0,0,1,3,1,4,0,0,0,0,0,0,0.0,0.0,0.0,1151,1151,0.0008680555555555555,0.9991319444444444,0,0,1,1,0,1,1,0.5,1.0,1.0,0,0,1,0,0,1,6,2.584962500721156,0,0,0,0,1,1,0,0,6,684,0,0,0,1,1,0,0,0,0,0,0,0,6,25,1.9459101490553132,3.258096538021482
0xql,0,0,0,0,0,2,1,0,0,0,18,13,0,0,31,6.0,10.333333333333334,0.007237635705669481,2486,1549,0.0008041817450743868,0.6228387615601125,0,0,1,1,0,1,1,0.3333333333333333,0.03125,0.05263157894736842,0,0,1,0,0,1,4,2.0,0,0,0,0,1,1,0,0,144,9462,0,0,0,12,1,0,0,0,0,0,1,1,13,60,2.6390573296152584,4.110873864173311
0xquanta,0,0,0,0,0,1,0,1,0,0,4,8,0,0,12,2.0,6.0,0.005076142131979695,787,787,0.0012690355329949238,0.998730964467005,0,0,1,1,0,1,1,0.5,0.07692307692307693,0.2,0,0,1,0,0,1,8,2.75,1,1,1,1,1,0,0,0,159,1383,0,0,0,4,1,0,0,0,0,0,0,0,7,39,2.0794415416798357,3.6888794541139363
0xr-tea-project,0,0,0,0,0,1,1,1,4,0,3,9,0,0,12,1.5,6.0,0.0036496350364963502,821,821,0.0012165450121654502,0.9987834549878345,0,0,1,1,0,1,1,0.5,0.07692307692307693,0.25,0,0,3,1,0,1,15,3.3735572622751855,1,1,1,1,1,0,0,0,159,1383,0,0,0,4,1,0,0,0,0,0,0,0,8,36,2.1972245773362196,3.6109179126442243
0xr404,0,0,0,0,0,1,1,1,4,0,6,3,0,0,9,3.0,4.5,0.007228915662650603,829,829,0.0012048192771084338,0.9987951807228915,0,0,1,1,0,1,1,0.5,0.1,0.14285714285714285,0,0,1,0,0,1,6,1.9182958340544896,1,1,1,1,1,1,1,2,99,15219,0,0,0,1,1,0,0,0,0,0,0,0,6,25,1.9459101490553132,3.258096538021482
0xradishsdk,0,0,0,0,0,37,7,0,89,0,0,3,0,1,4,0.0,0.10526315789473684,0.0,583,583,0.06335616438356165,0.9982876712328768,0,0,0,1,0,1,1,0.02631578947368421,0.2,1.0,0,0,1,0,0,1,11,3.095795255000934,0,0,0,0,1,0,0,0,0,28,1,0,0,5,1,0,0,0,0,0,0,0,48,218,3.8918202981106265,5.389071729816501
0xraid,0,0,0,0,0,1,0,0,2,0,3,6,0,0,9,1.5,4.5,0.002053388090349076,1460,1460,0.0006844626967830253,0.999315537303217,0,0,1,1,0,1,1,0.5,0.1,0.25,0,0,1,0,0,1,6,2.584962500721156,0,0,0,0,1,0,0,0,0,28,1,0,0,4,1,0,0,0,0,0,0,0,6,22,1.9459101490553132,3.1354942159291497
0xray,0,0,0,0,0,46,3,5,5,0,5,12,0,0,17,0.10638297872340426,0.3617021276595745,0.18518518518518517,26,11,1.7037037037037037,0.4074074074074074,1,1,0,1,0,1,1,0.02127659574468085,0.05555555555555555,0.16666666666666666,0,0,1,0,0,1,5,2.321928094887362,1,1,1,1,1,0,1,20,93,9,0,0,0,79,1,0,0,1,0,0,1,1,343,8605,5.840641657373398,9.060214913398545
0xreangtea,0,0,0,0,0,1,1,1,4,0,3,9,0,0,12,1.5,6.0,0.0035545023696682463,843,843,0.001184834123222749,0.9988151658767772,0,0,1,1,0,1,1,0.5,0.07692307692307693,0.25,0,0,1,0,0,1,10,2.9219280948873623,1,1,1,1,1,0,0,0,159,1383,0,0,0,4,1,0,0,0,0,0,0,0,8,34,2.1972245773362196,3.5553480614894135
0xrhmn,0,0,0,0,0,2,1,1,4,0,4,2,0,0,6,1.3333333333333333,2.0,0.004819277108433735,829,828,0.0024096385542168677,0.9975903614457832,0,0,1,1,0,1,1,0.3333333333333333,0.14285714285714285,0.2,0,0,1,0,0,1,6,2.584962500721156,1,1,1,1,1,0,0,0,5,6,0,0,0,1,1,0,0,0,0,0,0,0,10,44,2.3978952727983707,3.8066624897703196
0xrtest,0,0,0,0,0,1,1,0,0,0,20,21,0,0,41,10.0,20.5,0.02531645569620253,789,789,0.0012658227848101266,0.9987341772151899,0,0,1,1,0,1,1,0.5,0.023809523809523808,0.047619047619047616,0,0,1,0,0,1,7,2.5216406363433186,1,1,1,1,1,0,0,0,21,605,0,0,0,9,1,0,0,0,0,0,0,0,7,27,2.0794415416798357,3.332204510175204
0xrtester,0,0,0,0,0,1,1,1,6,0,7,0,0,0,7,3.5,3.5,0.008883248730964468,787,787,0.0012690355329949238,0.998730964467005,0,0,1,1,0,1,1,0.5,0.125,0.125,0,0,1,0,0,1,9,2.5032583347756456,1,1,1,1,1,0,0,0,100,3359,0,0,0,4,1,0,0,0,0,0,0,0,6,24,1.9459101490553132,3.2188758248682006
0xrvn,0,0,0,0,0,4,1,0,0,0,2,0,0,0,2,0.4,0.4,0.002372479240806643,842,828,0.004744958481613286,0.9822064056939501,0,0,1,1,0,1,1,0.2,0.3333333333333333,0.3333333333333333,0,0,1,0,0,1,5,2.321928094887362,1,1,1,1,1,0,0,0,0,11,1,0,0,1,1,0,0,0,0,0,0,0,6,43,1.9459101490553132,3.784189633918261
0xsahil,0,0,0,0,0,1,1,0,0,0,0,0,0,0,0,0.0,0.0,0.0,996,996,0.0010030090270812437,0.9989969909729187,0,0,1,1,0,1,1,0.5,1.0,1.0,0,0,1,0,0,1,7,2.807354922057604,0,0,0,0,1,0,0,0,0,28,1,0,0,1,1,0,0,0,0,0,0,0,9,30,2.302585092994046,3.4339872044851463
0xsan0x,0,0,0,0,0,1,1,0,0,0,1,0,0,0,1,0.5,0.5,0.0012690355329949238,787,787,0.0012690355329949238,0.998730964467005,0,0,1,1,0,1,1,0.5,0.5,0.5,0,0,1,0,0,1,7,2.2359263506290326,0,0,0,0,1,0,0,0,0,28,1,0,0,1,1,0,0,0,0,0,0,0,7,29,2.0794415416798357,3.4011973816621555
0xsatsss,0,0,0,0,0,1,1,0,1,0,1,0,0,0,1,0.5,0.5,0.001176470588235294,849,849,0.001176470588235294,0.9988235294117647,0,0,1,1,0,1,1,0.5,0.5,0.5,0,0,1,0,0,1,8,2.0,1,1,1,1,1,1,1,1,0,28,1,0,0,1,1,0,0,0,0,0,0,0,7,30,2.0794415416798357,3.4339872044851463
0xsequence,0,0,0,0,0,609,2,3,44,0,16,11,0,1,28,0.02622950819672131,0.04590163934426229,0.007640878701050621,2093,29,0.29083094555873923,0.013849092645654251,1,0,0,4,0,0,0,0.006557377049180328,0.13793103448275862,0.23529411764705882,0,0,1,0,0,1,10,2.8464393446710154,1,1,1,1,1,0,0,0,67,0,0,0,0,17,1,0,0,0,0,0,0,0,3217,23303,8.076515327552329,10.05638029863927
0xshardeum,0,0,0,0,0,5,1,1,2,0,6,9,0,5,20,1.0,3.3333333333333335,0.003929273084479371,1526,1491,0.0032743942370661427,0.9764243614931237,0,0,1,1,0,1,1,0.16666666666666666,0.047619047619047616,0.14285714285714285,0,0,1,0,0,1,10,3.321928094887362,1,1,1,1,1,0,1,2,54,1062,0,0,0,5,1,0,0,0,0,0,1,1,12,64,2.5649493574615367,4.174387269895637
0xshardeum-sushi-coresdk,0,0,0,0,0,2,1,0,2,0,10,2,0,0,12,3.3333333333333335,4.0,0.006729475100942127,1485,1485,0.0013458950201884253,0.9993270524899058,0,0,1,1,0,1,1,0.3333333333333333,0.07692307692307693,0.09090909090909091,0,0,3,1,0,1,24,3.751629167387823,1,1,1,1,1,0,0,0,0,28,1,0,0,5,1,0,0,0,0,0,1,1,10,40,2.3978952727983707,3.713572066704308
0xshardeum-uikit,0,0,0,0,0,4,0,1,3,0,5,37,0,4,46,1.0,9.2,0.003351206434316354,1491,1491,0.002680965147453083,0.9993297587131368,0,0,1,1,0,1,1,0.2,0.02127659574468085,0.16666666666666666,0,0,2,1,0,1,16,3.75,1,1,1,1,1,0,0,0,41,1123,0,0,0,7,1,0,0,0,0,0,0,0,12,53,2.5649493574615367,3.9889840465642745
0xshm-uikit-v2,0,0,0,0,0,1,0,10,0,0,5,37,0,4,46,2.5,23.0,0.003351206434316354,1491,1491,0.0006702412868632708,0.9993297587131368,0,0,1,1,0,1,1,0.5,0.02127659574468085,0.16666666666666666,0,0,3,1,0,1,14,3.521640636343319,1,1,1,1,1,0,0,0,41,1123,0,0,0,7,1,0,0,0,0,0,0,0,9,38,2.302585092994046,3.6635616461296463
0xsisi,0,0,0,0,0,1,4,0,0,0,0,0,0,0,0,0.0,0.0,0.0,830,830,0.0012033694344163659,0.9987966305655837,0,0,1,1,0,1,1,0.5,1.0,1.0,0,0,1,0,0,1,6,1.9182958340544893,1,1,1,1,1,1,0,0,0,9,1,0,0,1,1,0,0,0,0,0,0,0,7,33,2.0794415416798357,3.5263605246161616
0xsodium,0,0,0,0,0,74,1,48,0,0,11,7,0,0,18,0.14666666666666667,0.24,0.00857365549493375,1282,750,0.05767731878409977,0.5845674201091192,0,0,1,1,0,1,1,0.013333333333333334,0.05263157894736842,0.08333333333333333,0,0,1,0,0,1,8,3.0,1,1,1,1,1,0,0,0,81,2825,0,0,0,16,1,0,0,0,0,0,0,0,18,475,2.9444389791664403,6.16541785423142
0xstack,0,0,0,0,0,9,1,2,0,0,7,7,0,0,14,0.7,1.4,0.07608695652173914,91,86,0.09782608695652174,0.9347826086956522,0,0,0,1,0,1,1,0.1,0.06666666666666667,0.125,0,0,1,0,0,1,7,2.807354922057604,1,1,1,1,1,0,1,6,91,19547,0,0,0,7,1,0,0,0,0,0,0,0,28,125,3.367295829986474,4.836281906951478
0xstan-utils,0,0,0,0,0,1,1,0,0,0,0,0,0,0,0,0.0,0.0,0.0,842,842,0.0011862396204033216,0.9988137603795967,0,0,1,1,0,1,1,0.5,1.0,1.0,0,0,2,1,0,1,12,3.251629167387823,1,1,1,1,1,1,1,4,14,36,0,0,0,1,1,0,0,0,0,0,0,0,7,29,2.0794415416798357,3.4011973816621555
0xstya,0,0,0,0,0,1,1,1,4,0,3,9,0,0,12,1.5,6.0,0.0035502958579881655,844,844,0.001183431952662722,0.9988165680473373,0,0,1,1,0,1,1,0.5,0.07692307692307693,0.25,0,0,1,0,0,1,6,2.584962500721156,1,1,1,1,1,0,0,0,159,1383,0,0,0,4,1,0,0,0,0,0,0,0,8,30,2.1972245773362196,3.4339872044851463
0xt09,0,0,0,0,0,1,4,0,0,0,0,0,0,0,0,0.0,0.0,0.0,841,841,0.0011876484560570072,0.998812351543943,0,0,1,1,0,1,1,0.5,1.0,1.0,0,0,1,0,0,1,5,1.9219280948873623,1,1,1,1,1,1,0,0,0,8,1,0,0,1,1,0,0,0,0,0,0,0,5,26,1.791759469228055,3.295836866004329
0xtailsoup,0,0,0,0,0,1,0,1,0,0,3,8,0,0,11,1.5,5.5,0.0038860103626943004,771,771,0.0012953367875647669,0.9987046632124352,0,0,1,1,0,1,1,0.5,0.08333333333333333,0.25,0,0,1,0,0,1,10,3.321928094887362,1,1,1,1,1,0,0,0,159,1383,0,0,0,4,1,0,0,0,0,0,0,0,7,37,2.0794415416798357,3.6375861597263857
0xtea,0,0,0,0,0,1,1,0,0,0,3,0,0,0,3,1.5,1.5,0.0035502958579881655,844,844,0.001183431952662722,0.9988165680473373,0,0,1,1,0,1,1,0.5,0.25,0.25,0,0,1,0,0,1,5,2.321928094887362,1,1,1,1,1,1,0,0,0,28,1,0,0,1,1,0,0,0,0,0,0,0,8,33,2.1972245773362196,3.5263605246161616
0xteas,0,0,0,0,0,2,1,1,1,0,1,0,0,0,1,0.3333333333333333,0.3333333333333333,0.001184834123222749,843,843,0.002369668246445498,0.9988151658767772,0,0,1,1,0,1,1,0.3333333333333333,0.5,0.5,0,0,1,0,0,1,6,2.584962500721156,1,1,1,1,1,0,1,2,31,32,0,0,0,1,1,0,0,0,0,0,0,0,8,43,2.1972245773362196,3.784189633918261
0xtheone,0,0,0,0,0,1,0,1,0,0,3,9,0,0,12,1.5,6.0,0.0035211267605633804,851,851,0.0011737089201877935,0.9988262910798122,0,0,1,1,0,1,1,0.5,0.07692307692307693,0.25,0,0,1,0,0,1,8,2.75,1,1,1,1,1,0,0,0,159,1383,0,0,0,4,1,0,0,0,0,0,0,0,8,37,2.1972245773362196,3.6375861597263857
0xtools,0,0,0,0,0,1,1,0,0,0,6,0,0,0,6,3.0,3.0,0.00418702023726448,1432,1432,0.0006978367062107466,0.9993021632937893,0,0,1,1,0,1,1,0.5,0.14285714285714285,0.14285714285714285,0,0,1,0,0,1,7,2.5216406363433186,1,1,0,0,1,0,0,0,0,28,1,0,0,1,1,0,0,0,0,0,0,0,6,33,1.9459101490553132,3.5263605246161616
0xtrace,0,0,0,0,0,8,1,2,0,0,2,4,0,0,6,0.2222222222222222,0.6666666666666666,0.04878048780487805,40,37,0.1951219512195122,0.9024390243902439,0,0,0,1,0,1,1,0.1111111111111111,0.14285714285714285,0.3333333333333333,0,0,1,0,0,1,7,2.807354922057604,1,1,1,1,1,1,1,7,67,5242,0,0,0,2,1,0,0,0,0,0,1,1,34,173,3.5553480614894135,5.159055299214529
0xtrails,0,0,0,0,0,87,0,16,2,0,16,24,0,4,44,0.18181818181818182,0.5,0.0453257790368272,352,22,0.24645892351274787,0.06232294617563739,1,0,0,3,0,0,0,0.03409090909090909,0.06666666666666667,0.17647058823529413,0,0,1,0,0,1,8,3.0,0,0,0,0,1,0,1,3,14,0,0,0,0,19,1,0,0,0,0,0,0,0,1865,11269,7.531552381407289,9.329899607033822
0xtrasvo,0,0,0,0,0,1,1,1,4,0,3,9,0,0,12,1.5,6.0,0.0035545023696682463,843,843,0.001184834123222749,0.9988151658767772,0,0,1,1,0,1,1,0.5,0.07692307692307693,0.25,0,0,1,0,0,1,8,3.0,1,1,1,1,1,0,0,0,159,1383,0,0,0,4,1,0,0,0,0,0,0,0,5,26,1.791759469228055,3.295836866004329
0xtyxpxg4c,0,0,0,0,0,1,2,1,0,0,7,9,0,0,16,3.5,8.0,0.008838383838383838,791,791,0.0012626262626262627,0.9987373737373737,0,0,1,1,0,1,1,0.5,0.058823529411764705,0.125,0,0,1,0,0,1,10,2.8464393446710154,0,0,0,0,0,0,0,0,159,1419,0,0,0,4,1,0,0,0,0,0,0,0,6,34,1.9459101490553132,3.5553480614894135
0xuath-sdk-react,0,0,0,0,0,41,0,0,42,0,10,16,0,0,26,0.23809523809523808,0.6190476190476191,0.012180267965895249,820,778,0.049939098660170524,0.9476248477466505,0,0,1,3,0,0,0,0.07142857142857142,0.1111111111111111,0.2727272727272727,0,0,3,1,0,1,16,3.625,0,0,0,0,1,0,0,0,0,19,1,0,0,4,1,0,0,0,0,0,0,0,46,219,3.8501476017100584,5.393627546352362
0xui,0,0,0,0,0,1,0,0,1,0,0,0,0,0,0,0.0,0.0,0.0,179,179,0.005555555555555556,0.9944444444444445,0,0,0,1,0,1,1,0.5,1.0,1.0,0,0,1,0,0,1,4,2.0,0,0,0,0,1,0,0,0,8,284,0,0,0,0,0,0,0,0,0,0,0,0,9,36,2.302585092994046,3.6109179126442243
0xuna,0,0,0,0,0,1,1,1,0,0,3,9,0,0,12,1.5,6.0,0.0035671819262782403,840,840,0.0011890606420927466,0.9988109393579072,0,0,1,1,0,1,1,0.5,0.07692307692307693,0.25,0,0,1,0,0,1,5,2.321928094887362,1,1,1,1,1,0,0,0,159,1383,0,0,0,4,1,0,0,0,0,0,0,0,8,29,2.1972245773362196,3.4011973816621555
0xuniswap-sdk-rinkeby,0,0,0,0,0,1,1,0,0,0,7,9,0,5,21,3.5,10.5,0.005061460592913955,1382,1382,0.0007230657989877079,0.9992769342010123,0,0,1,1,0,1,1,0.5,0.045454545454545456,0.125,0,0,3,1,0,1,21,3.916126946588284,1,1,1,1,1,0,1,2,53,1487,0,0,0,5,1,0,0,0,0,0,1,1,8,28,2.1972245773362196,3.367295829986474
0xutils,0,0,0,0,0,2,0,0,1,0,2,0,0,0,2,0.6666666666666666,0.6666666666666666,0.004807692307692308,415,415,0.004807692307692308,0.9975961538461539,0,0,0,1,0,1,1,0.3333333333333333,0.3333333333333333,0.3333333333333333,0,0,1,0,0,1,7,2.807354922057604,0,0,0,0,1,0,0,0,0,28,1,0,0,1,1,0,0,0,0,0,0,0,11,35,2.4849066497880004,3.58351893845611
0xv,0,0,0,0,0,1,1,1,4,0,3,9,0,0,12,1.5,6.0,0.0035460992907801418,845,845,0.001182033096926714,0.9988179669030733,0,0,1,1,0,1,1,0.5,0.07692307692307693,0.25,0,0,1,0,0,1,3,1.584962500721156,1,1,1,1,1,0,0,0,159,1383,0,1,0,4,1,0,0,0,0,0,0,0,7,29,2.0794415416798357,3.4011973816621555
0xvfploidy,0,0,0,0,0,1,2,1,0,0,7,9,0,0,16,3.5,8.0,0.00902061855670103,775,775,0.001288659793814433,0.9987113402061856,0,0,1,1,0,1,1,0.5,0.058823529411764705,0.125,0,0,1,0,0,1,10,3.321928094887362,0,0,0,0,0,0,0,0,159,1419,0,0,0,4,1,0,0,0,0,0,0,0,6,25,1.9459101490553132,3.258096538021482
0xvinetech,0,0,0,0,0,2,4,2,2,0,3,9,0,0,12,1.0,4.0,0.0035294117647058825,849,847,0.002352941176470588,0.9964705882352941,0,0,1,1,0,1,1,0.3333333333333333,0.07692307692307693,0.25,0,0,1,0,0,1,10,3.1219280948873624,1,1,1,1,1,0,0,0,159,1383,0,0,0,4,1,0,0,0,0,0,0,0,9,48,2.302585092994046,3.8918202981106265
0xweb,0,0,0,0,0,166,0,11,10,0,16,22,0,0,38,0.09580838323353294,0.2275449101796407,0.010289389067524116,1554,14,0.1067524115755627,0.0090032154340836,1,0,0,1,0,1,1,0.005988023952095809,0.02564102564102564,0.058823529411764705,0,0,1,0,0,1,5,2.321928094887362,1,1,1,1,1,1,1,6,45,4787,0,0,0,7,1,0,0,0,0,0,0,0,1776,8569,7.482681828154651,9.056023011591826
0xxju3,0,0,0,0,0,1,2,1,6,0,0,0,0,0,0,0.0,0.0,0.0,1151,1151,0.0008680555555555555,0.9991319444444444,0,0,1,1,0,1,1,0.5,1.0,1.0,0,0,1,0,0,1,6,2.2516291673878226,0,0,0,0,1,1,0,0,6,591,0,0,0,1,1,0,0,0,0,0,0,0,8,33,2.1972245773362196,3.5263605246161616
0xy55gv6uu,0,0,0,0,0,1,2,1,0,0,7,9,0,0,16,3.5,8.0,0.00903225806451613,774,774,0.0012903225806451613,0.9987096774193548,0,0,1,1,0,1,1,0.5,0.058823529411764705,0.125,0,0,1,0,0,1,10,2.9219280948873623,0,0,0,0,0,0,0,0,159,1419,0,0,0,4,1,0,0,0,0,0,0,0,7,36,2.0794415416798357,3.6109179126442243
0xyvl_7z7g,0,0,0,0,0,1,1,0,0,0,0,0,0,0,0,0.0,0.0,0.0,1183,1183,0.0008445945945945946,0.9991554054054054,0,0,1,1,0,1,1,0.5,1.0,1.0,0,0,2,0,0,1,10,3.1219280948873624,0,0,0,0,1,0,1,1,5,1849,0,0,0,1,1,0,0,0,0,0,0,0,10,36,2.3978952727983707,3.6109179126442243
0xyvzkc,0,0,0,0,0,1,1,0,0,0,0,0,0,0,0,0.0,0.0,0.0,799,799,0.00125,0.99875,0,0,1,1,0,1,1,0.5,1.0,1.0,0,0,1,0,0,1,7,2.807354922057604,1,1,1,1,1,1,1,2,9,28,0,0,0,1,1,0,0,0,0,0,0,0,6,25,1.9459101490553132,3.258096538021482
0xzharatea,0,0,0,0,0,1,1,0,0,0,0,0,0,0,0,0.0,0.0,0.0,846,846,0.0011806375442739079,0.9988193624557261,0,0,1,1,0,1,1,0.5,1.0,1.0,0,0,1,0,0,1,10,2.8464393446710154,0,0,0,0,1,0,0,0,0,12,1,0,0,1,1,0,0,0,0,0,0,0,7,32,2.0794415416798357,3.4965075614664802
0y,0,0,0,0,0,1,1,0,0,0,1,0,0,0,1,0.5,0.5,0.00048007681228996637,2082,1549,0.00048007681228996637,0.743638982237158,0,0,1,1,0,1,1,0.5,0.5,0.5,0,0,1,0,0,1,2,1.0,1,1,1,1,1,1,1,4,21,28,0,1,0,1,1,0,0,0,0,0,0,0,15,55,2.772588722239781,4.02535169073515
0y2k05a9zy,0,0,0,0,0,1,1,0,0,0,1,0,0,0,1,0.5,0.5,0.0026954177897574125,370,370,0.0026954177897574125,0.9973045822102425,0,0,0,1,0,1,1,0.5,0.5,0.5,0,0,1,0,0,1,10,2.9219280948873623,1,1,1,1,1,0,1,4,24,191,0,0,0,2,1,0,0,0,0,0,0,0,10,35,2.3978952727983707,3.58351893845611
0y2q26,0,0,0,0,0,1,2,1,8,0,0,0,0,0,0,0.0,0.0,0.0,1151,1151,0.0008680555555555555,0.9991319444444444,0,0,1,1,0,1,1,0.5,1.0,1.0,0,0,1,0,0,1,6,2.2516291673878226,0,0,0,0,1,1,0,0,6,705,0,0,0,1,1,0,0,0,0,0,0,0,9,31,2.302585092994046,3.4657359027997265
0yeewrh0ngq5,0,0,0,0,0,2,0,12,0,0,0,0,0,0,0,0.0,0.0,0.0,590,589,0.00338409475465313,0.9966159052453468,0,0,0,1,0,1,1,0.3333333333333333,1.0,1.0,0,0,1,0,0,1,12,3.251629167387823,0,0,0,0,1,0,0,0,42,28,0,0,0,1,1,0,0,0,0,0,0,0,10,50,2.3978952727983707,3.9318256327243257
0ykgho,0,0,0,0,0,1,2,2,7,0,0,0,0,0,0,0.0,0.0,0.0,1151,1151,0.0008680555555555555,0.9991319444444444,0,0,1,1,0,1,1,0.5,1.0,1.0,0,0,1,0,0,1,6,2.584962500721156,0,0,0,0,1,1,0,0,6,917,0,0,0,1,1,0,0,0,0,0,0,0,4,25,1.6094379124341003,3.258096538021482
0ym2ty,0,0,0,0,0,1,3,3,9,0,0,0,0,0,0,0.0,0.0,0.0,1153,1153,0.0008665511265164644,0.9991334488734835,0,0,1,1,0,1,1,0.5,1.0,1.0,0,0,1,0,0,1,6,2.2516291673878226,0,0,0,0,1,1,0,0,6,150,0,0,0,1,1,0,0,0,0,0,0,0,9,38,2.302585092994046,3.6635616461296463
0yqck0,0,0,0,0,0,1,3,1,6,0,0,0,0,0,0,0.0,0.0,0.0,1152,1152,0.0008673026886383347,0.9991326973113617,0,0,1,1,0,1,1,0.5,1.0,1.0,0,0,1,0,0,1,6,2.2516291673878226,0,0,0,0,1,1,0,0,6,599,0,0,0,1,1,0,0,0,0,0,0,0,9,31,2.302585092994046,3.4657359027997265
0ys01r,0,0,0,0,0,1,1,2,8,0,0,0,0,0,0,0.0,0.0,0.0,1151,1151,0.0008680555555555555,0.9991319444444444,0,0,1,1,0,1,1,0.5,1.0,1.0,0,0,1,0,0,1,6,2.2516291673878226,0,0,0,0,1,1,0,0,6,611,0,0,0,1,1,0,0,0,0,0,0,0,8,29,2.1972245773362196,3.4011973816621555
0ysz05332k,0,0,0,0,0,1,2,1,0,0,7,9,0,0,16,3.5,8.0,0.008849557522123894,790,790,0.0012642225031605564,0.9987357774968394,0,0,1,1,0,1,1,0.5,0.058823529411764705,0.125,0,0,1,0,0,1,10,2.9219280948873623,0,0,0,0,0,0,0,0,159,1419,0,0,0,4,1,0,0,0,0,0,0,0,7,42,2.0794415416798357,3.7612001156935624
0yut5q,0,0,0,0,0,1,2,0,9,0,0,0,0,0,0,0.0,0.0,0.0,1152,1152,0.0008673026886383347,0.9991326973113617,0,0,1,1,0,1,1,0.5,1.0,1.0,0,0,1,0,0,1,6,2.584962500721156,0,0,0,0,1,1,0,0,6,708,0,0,0,1,1,0,0,0,0,0,0,0,6,25,1.9459101490553132,3.258096538021482
0yv9wdnxpx,0,0,0,0,0,1,2,1,0,0,7,9,0,0,16,3.5,8.0,0.00902061855670103,775,775,0.001288659793814433,0.9987113402061856,0,0,1,1,0,1,1,0.5,0.058823529411764705,0.125,0,0,1,0,0,1,10,3.121928094887362,0,0,0,0,0,0,0,0,159,1419,0,0,0,4,1,0,0,0,0,0,0,0,6,26,1.9459101490553132,3.295836866004329
0z,0,0,0,0,0,1,0,0,1,0,0,0,0,0,0,0.0,0.0,0.0,2393,1549,0.0004177109440267335,0.6470342522974102,0,0,1,1,0,1,1,0.5,1.0,1.0,0,0,1,0,0,1,2,1.0,0,0,0,0,1,0,0,0,0,28,1,1,0,1,1,0,0,0,0,0,0,0,8,29,2.1972245773362196,3.4011973816621555
0z0bhkvzmp,0,0,0,0,0,1,1,1,0,0,7,9,0,0,16,3.5,8.0,0.008641975308641974,809,809,0.0012345679012345679,0.9987654320987654,0,0,1,1,0,1,1,0.5,0.058823529411764705,0.125,0,0,1,0,0,1,10,2.9219280948873623,0,0,0,0,0,0,0,0,159,1419,0,0,0,4,1,0,0,0,0,0,0,0,5,31,1.791759469228055,3.4657359027997265
0z196scd32,0,0,0,0,0,1,1,1,0,0,7,9,0,0,16,3.5,8.0,0.008588957055214725,814,814,0.001226993865030675,0.9987730061349693,0,0,1,1,0,1,1,0.5,0.058823529411764705,0.125,0,0,1,0,0,1,10,3.321928094887362,0,0,0,0,0,0,0,0,159,1419,0,0,0,4,1,0,0,0,0,0,0,0,6,36,1.9459101490553132,3.6109179126442243
0z2i6v3u5t,0,0,0,0,0,1,1,0,0,0,1,0,0,0,1,0.5,0.5,0.002688172043010753,371,371,0.002688172043010753,0.9973118279569892,0,0,0,1,0,1,1,0.5,0.5,0.5,0,0,1,0,0,1,10,3.321928094887362,1,1,1,1,1,0,1,4,24,191,0,0,0,2,1,0,0,0,0,0,0,0,9,36,2.302585092994046,3.6109179126442243
0z_export,0,0,0,0,0,4,1,0,102,0,11,7,0,0,18,2.2,3.6,0.005111524163568773,2151,1549,0.0018587360594795538,0.7197955390334573,0,0,1,1,0,1,1,0.2,0.05263157894736842,0.08333333333333333,0,0,2,0,0,1,9,3.169925001442312,1,1,1,1,1,1,1,3,49,28,0,0,0,1,1,0,0,0,0,0,0,0,7,53,2.0794415416798357,3.9889840465642745
0zadzn4cjq,0,0,0,0,0,1,1,0,0,0,2,0,0,0,2,1.0,1.0,0.004784688995215311,417,417,0.0023923444976076554,0.9976076555023924,0,0,0,1,0,1,1,0.5,0.3333333333333333,0.3333333333333333,0,0,1,0,0,1,10,3.121928094887362,1,1,1,1,1,0,0,0,34,28,0,0,0,1,1,0,0,0,0,0,0,0,5,25,1.791759469228055,3.258096538021482
0zei7p,0,0,0,0,0,1,1,3,7,0,0,0,0,0,0,0.0,0.0,0.0,1152,1152,0.0008673026886383347,0.9991326973113617,0,0,1,1,0,1,1,0.5,1.0,1.0,0,0,1,0,0,1,6,2.584962500721156,0,0,0,0,1,1,0,0,6,672,0,0,0,1,1,0,0,0,0,0,0,0,9,29,2.302585092994046,3.4011973816621555
0zengguohua17099,0,0,0,0,0,1,1,0,0,0,0,0,0,0,0,0.0,0.0,0.0,3218,1480,0.00031065548306927616,0.45977011494252873,0,0,1,1,0,1,1,0.5,1.0,1.0,0,0,1,0,0,1,16,3.5,1,1,1,1,1,1,1,1,32,28,0,0,0,1,1,0,0,0,0,0,0,0,8,30,2.1972245773362196,3.4339872044851463
0zg9c0nwg9tm,0,0,0,0,0,24,2,24,17,0,0,0,0,0,0,0.0,0.0,0.0,498,497,0.04809619238476954,0.9959919839679359,0,0,0,1,0,1,1,0.04,1.0,1.0,0,0,1,0,0,1,12,3.084962500721156,0,0,0,0,1,0,0,0,31,28,0,0,0,1,1,0,0,0,0,0,0,0,49,236,3.912023005428146,5.4680601411351315
0zmucx_mtb,0,0,0,0,0,1,1,0,0,0,0,0,0,0,0,0.0,0.0,0.0,1183,1183,0.0008445945945945946,0.9991554054054054,0,0,1,1,0,1,1,0.5,1.0,1.0,0,0,2,0,0,1,10,3.121928094887362,0,0,0,0,1,0,1,1,6,2001,0,0,0,1,1,0,0,0,0,0,0,0,11,38,2.4849066497880004,3.6635616461296463
0zpbudas4l,0,0,0,0,0,1,1,0,0,0,2,0,0,0,2,1.0,1.0,0.00477326968973747,418,418,0.002386634844868735,0.9976133651551312,0,0,0,1,0,1,1,0.5,0.3333333333333333,0.3333333333333333,0,0,1,0,0,1,10,3.321928094887362,1,1,1,1,1,0,0,0,34,28,0,0,0,1,1,0,0,0,0,0,0,0,10,35,2.3978952727983707,3.58351893845611
0zyetpve7j,0,0,0,0,0,1,2,1,0,0,7,9,0,0,16,3.5,8.0,0.008849557522123894,790,790,0.0012642225031605564,0.9987357774968394,0,0,1,1,0,1,1,0.5,0.058823529411764705,0.125,0,0,1,0,0,1,10,3.1219280948873624,0,0,0,0,0,0,0,0,159,1419,0,0,0,4,1,0,0,0,0,0,0,0,7,38,2.0794415416798357,3.6635616461296463
0zze1a,0,0,0,0,0,1,3,1,2,0,0,0,0,0,0,0.0,0.0,0.0,1152,1152,0.0008673026886383347,0.9991326973113617,0,0,1,1,0,1,1,0.5,1.0,1.0,0,0,1,0,0,1,6,2.2516291673878226,0,0,0,0,1,1,0,0,6,515,0,0,0,1,1,0,0,0,0,0,0,0,6,23,1.9459101490553132,3.1780538303479458
1,0,0,0,0,0,8,0,1,2,0,5,2,0,0,7,0.5555555555555556,0.7777777777777778,0.0010175010175010174,4913,245,0.001628001628001628,0.04985754985754986,0,0,0,2,0,0,0,0.2222222222222222,0.25,0.3333333333333333,0,0,1,0,0,1,1,-0.0,1,1,1,1,1,1,1,9,32,6067,0,1,0,1,1,0,0,0,0,0,0,0,641,2946,6.464588303689961,7.988542982737695
1--sipas,0,0,0,0,0,1,0,1,0,0,4,8,0,0,12,2.0,6.0,0.005082592121982211,786,786,0.0012706480304955528,0.9987293519695044,0,0,1,1,0,1,1,0.5,0.07692307692307693,0.2,0,0,3,1,0,1,8,2.5,1,1,1,1,1,0,0,0,159,1383,0,0,0,4,1,0,0,0,0,0,0,0,7,27,2.0794415416798357,3.332204510175204
1-0-5-hai-aage-dekhte-hein-kya-aat-hai,0,0,0,0,0,2,1,0,6,0,11,7,0,0,18,3.6666666666666665,6.0,0.0060207991242474,1826,1549,0.0010946907498631637,0.8478379857690203,0,0,1,1,0,1,1,0.3333333333333333,0.05263157894736842,0.08333333333333333,0,0,10,1,0,1,38,3.3285670668765457,0,0,0,0,1,0,1,2,255,12299,0,0,0,2,1,0,0,0,0,0,0,0,11,47,2.4849066497880004,3.871201010907891
1-1-simple-calculator,0,0,0,0,0,1,1,0,1,0,1,1,0,0,2,0.5,1.0,0.0012004801920768306,832,832,0.0012004801920768306,0.9987995198079231,0,0,1,1,0,1,1,0.5,0.3333333333333333,0.5,0,0,4,1,0,1,21,3.653756708287001,0,0,0,0,1,1,0,0,57,28,0,0,0,1,1,0,0,0,0,0,0,0,9,30,2.302585092994046,3.4339872044851463
1-1.0.0,0,0,0,0,0,1,1,0,0,0,0,0,0,0,0,0.0,0.0,0.0,2521,1549,0.0003965107057890563,0.6141950832672483,0,0,1,1,0,1,1,0.5,1.0,1.0,0,0,4,1,1,1,7,1.9502120649147465,0,0,0,0,1,1,0,0,0,28,1,0,0,1,1,0,0,0,0,0,0,0,10,39,2.3978952727983707,3.6888794541139363
1-2-console,0,0,0,0,0,1,1,0,0,0,2,0,0,0,2,1.0,1.0,0.0014587892049598833,1370,1370,0.0007293946024799417,0.9992706053975201,0,0,1,1,0,1,1,0.5,0.3333333333333333,0.3333333333333333,0,0,3,1,0,1,11,3.0957952550009344,0,0,0,0,1,0,0,0,0,28,1,0,0,0,0,0,0,0,0,0,0,0,8,35,2.1972245773362196,3.58351893845611
1-2-customization-basic-format,0,0,0,0,0,1,0,0,1,0,0,0,0,0,0,0.0,0.0,0.0,629,629,0.0015873015873015873,0.9984126984126984,0,0,0,0,1,0,1,0.0,0.0,0.0,0,0,5,1,0,1,30,3.8062389286533893,1,0,0,0,0,0,0,0,24,0,0,0,0,0,0,0,0,0,0,0,0,0,23,248,3.1780538303479458,5.517452896464707
1-24949,0,0,0,0,0,1,1,0,0,0,0,0,0,0,0,0.0,0.0,0.0,407,407,0.0024509803921568627,0.9975490196078431,0,0,0,1,0,1,1,0.5,1.0,1.0,0,0,2,1,0,1,7,2.2359263506290326,0,0,0,0,1,0,0,0,0,28,1,0,0,1,1,0,0,0,0,0,0,0,9,29,2.302585092994046,3.4011973816621555
1-2_p39,0,0,0,0,0,1,1,0,0,0,0,1,0,0,1,0.0,0.5,0.0,1321,1321,0.0007564296520423601,0.9992435703479576,0,0,1,1,0,1,1,0.5,0.5,1.0,0,0,3,1,0,1,7,2.807354922057604,0,0,0,0,1,0,0,0,0,28,1,0,0,1,1,0,0,0,0,0,0,0,7,32,2.0794415416798357,3.4965075614664802
1-2and3,0,0,0,0,0,2,1,1,0,0,0,13,0,0,13,0.0,4.333333333333333,0.0,1059,1055,0.0018867924528301887,0.9952830188679245,0,0,1,1,0,1,1,0.3333333333333333,0.07142857142857142,1.0,0,0,2,1,0,1,7,2.807354922057604,1,1,1,1,1,1,1,8,66,989,0,0,0,8,1,0,0,0,1,0,1,1,5,29,1.791759469228055,3.4011973816621555
1-3-number-guessing-game,0,0,0,0,0,2,1,1,2,0,1,1,0,0,2,0.3333333333333333,0.6666666666666666,0.001445086705202312,691,689,0.002890173410404624,0.9956647398843931,0,0,0,1,0,1,1,0.3333333333333333,0.3333333333333333,0.5,0,0,5,1,0,1,24,3.5220552088742005,0,0,0,0,1,0,0,0,21,28,0,0,0,1,1,0,0,0,0,0,0,0,11,47,2.4849066497880004,3.871201010907891
1-3-todo-list,0,0,0,0,0,1,1,0,0,0,1,1,0,0,2,0.5,1.0,0.0012453300124533001,802,802,0.0012453300124533001,0.9987546699875467,0,0,1,1,0,1,1,0.5,0.3333333333333333,0.5,0,0,4,1,0,1,13,3.0269868333592873,0,0,0,0,1,0,0,0,0,28,1,0,0,1,1,0,0,0,0,0,0,0,8,36,2.1972245773362196,3.6109179126442243
1-30no2,0,0,0,0,0,1,1,0,0,0,0,0,0,0,0,0.0,0.0,0.0,742,742,0.0013458950201884253,0.9986541049798116,0,0,1,1,0,1,1,0.5,1.0,1.0,0,0,2,1,0,1,7,2.807354922057604,0,0,0,0,1,0,1,1,0,28,1,0,0,1,1,0,0,0,0,0,0,0,8,36,2.1972245773362196,3.6109179126442243
1-4-5-currency_convertor,0,0,0,0,0,1,1,0,0,0,1,1,0,0,2,0.5,1.0,0.00125,799,799,0.00125,0.99875,0,0,1,1,0,1,1,0.5,0.3333333333333333,0.5,0,0,5,1,0,1,24,3.605388542207534,0,0,0,0,1,0,0,0,0,28,1,0,0,1,1,0,0,0,0,0,0,0,6,29,1.9459101490553132,3.4011973816621555
1-6-cli-number-guessing-game,0,0,0,0,0,1,1,0,0,0,3,1,0,0,4,1.5,2.0,0.003663003663003663,818,818,0.001221001221001221,0.9987789987789988,0,0,1,1,0,1,1,0.5,0.2,0.25,0,0,6,1,0,1,28,3.69594722638747,0,0,0,0,1,1,0,0,0,28,1,0,0,1,1,0,0,0,0,0,0,0,9,31,2.302585092994046,3.4657359027997265
1-6-number-guessing-game,0,0,0,0,0,2,1,0,1,0,1,1,0,0,2,0.3333333333333333,0.6666666666666666,0.001272264631043257,785,689,0.002544529262086514,0.8765903307888041,0,0,0,1,0,1,1,0.3333333333333333,0.3333333333333333,0.5,0,0,5,1,0,1,24,3.5220552088742005,0,0,0,0,1,1,0,0,0,28,1,0,1,1,1,0,0,0,0,0,0,0,5,39,1.791759469228055,3.6888794541139363
1-7zuoyetj,0,0,0,0,0,1,1,0,0,0,0,0,0,0,0,0.0,0.0,0.0,1636,1549,0.0006108735491753207,0.9462431276725718,0,0,1,1,0,1,1,0.5,1.0,1.0,0,0,2,1,0,1,10,3.321928094887362,0,0,0,0,1,0,0,0,0,28,1,0,0,1,1,0,0,0,0,0,0,0,6,38,1.9459101490553132,3.6635616461296463
1-855-550-0189-american-airlines-flight-cancellation-refund-policy,0,0,0,0,0,1,1,0,0,0,0,0,0,0,0,0.0,0.0,0.0,720,720,0.0013869625520110957,0.9986130374479889,0,0,0,1,0,1,1,0.5,1.0,1.0,0,0,10,1,0,1,66,4.23192580204358,0,0,0,0,1,1,1,25,95,28,0,0,0,1,1,0,0,0,0,0,0,0,7,22,2.0794415416798357,3.1354942159291497
1-9-number-guessing-game,0,0,0,0,0,1,1,0,0,0,1,1,0,0,2,0.5,1.0,0.0013192612137203166,757,757,0.0013192612137203166,0.9986807387862797,0,0,1,1,0,1,1,0.5,0.3333333333333333,0.5,0,0,5,1,0,1,24,3.5220552088742005,0,0,0,0,1,1,0,0,0,28,1,0,0,1,1,0,0,0,0,0,0,0,4,25,1.6094379124341003,3.258096538021482
1-abah,0,0,0,0,0,1,4,2,0,0,5,0,0,0,5,2.5,2.5,0.006561679790026247,761,761,0.0013123359580052493,0.9986876640419947,0,0,1,1,0,1,1,0.5,0.16666666666666666,0.16666666666666666,0,0,2,1,0,1,6,2.2516291673878226,1,1,0,0,1,0,1,1,0,28,1,0,0,1,1,0,0,0,0,0,0,0,8,34,2.1972245773362196,3.5553480614894135
1-assert,0,0,0,0,0,1,1,0,0,0,2,0,0,0,2,1.0,1.0,0.0007067137809187279,2829,1549,0.00035335689045936394,0.5473498233215548,0,0,1,1,0,1,1,0.5,0.3333333333333333,0.3333333333333333,0,0,2,1,0,1,8,2.75,0,0,0,0,1,1,1,1,17,28,0,0,0,1,1,0,0,0,0,0,0,0,13,47,2.6390573296152584,3.871201010907891
1-bencang,0,0,0,0,0,1,4,2,0,0,5,0,0,0,5,2.5,2.5,0.006561679790026247,761,761,0.0013123359580052493,0.9986876640419947,0,0,1,1,0,1,1,0.5,0.16666666666666666,0.16666666666666666,0,0,2,1,0,1,9,2.9477027792200903,1,1,0,0,1,0,1,1,0,28,1,0,0,1,1,0,0,0,0,0,0,0,4,27,1.6094379124341003,3.332204510175204
1-bet-rabochee-zerkalo-1xbet-vhod18-site-isarp359x,0,0,0,0,0,1,1,0,0,0,0,0,0,0,0,0.0,0.0,0.0,1167,1167,0.0008561643835616438,0.9991438356164384,0,0,1,1,0,1,1,0.5,1.0,1.0,0,0,8,1,0,1,50,4.210044500340505,0,0,0,0,1,1,0,0,50,4,0,0,0,1,1,0,0,0,0,0,0,0,9,27,2.302585092994046,3.332204510175204
1-button-1,0,0,0,0,0,1,1,0,0,0,0,0,0,1,1,0.0,0.5,0.0,955,955,0.0010460251046025104,0.9989539748953975,0,0,1,1,0,1,1,0.5,0.5,1.0,0,0,3,1,0,1,10,2.7219280948873625,0,0,0,0,1,0,0,0,34,17,0,0,0,1,1,0,0,0,0,0,0,0,5,19,1.791759469228055,2.995732273553991
1-calculator-typescript-project,0,0,0,0,0,2,2,0,0,0,2,1,0,0,3,0.6666666666666666,1.0,0.0024125452352231603,828,828,0.0024125452352231603,0.9987937273823885,0,0,1,1,0,1,1,0.3333333333333333,0.25,0.3333333333333333,0,0,4,1,0,1,31,3.7198523585646037,0,0,0,0,1,1,0,0,31,28,0,0,0,1,1,0,0,0,0,0,0,0,11,40,2.4849066497880004,3.713572066704308
1-cintah,0,0,0,0,0,1,4,2,0,0,5,0,0,0,5,2.5,2.5,0.006561679790026247,761,761,0.0013123359580052493,0.9986876640419947,0,0,1,1,0,1,1,0.5,0.16666666666666666,0.16666666666666666,0,0,2,1,0,1,8,3.0,1,1,0,0,1,0,1,1,0,28,1,0,0,1,1,0,0,0,0,0,0,0,6,30,1.9459101490553132,3.4339872044851463
1-cintak,0,0,0,0,0,1,1,2,0,0,5,0,0,0,5,2.5,2.5,0.006561679790026247,761,761,0.0013123359580052493,0.9986876640419947,0,0,1,1,0,1,1,0.5,0.16666666666666666,0.16666666666666666,0,0,2,1,0,1,8,3.0,1,1,0,0,1,0,1,1,0,28,1,0,0,1,1,0,0,0,0,0,0,0,7,29,2.0794415416798357,3.4011973816621555
1-classname,0,0,0,0,0,4,1,2,0,0,0,6,0,0,6,0.0,1.2,0.0,1993,1549,0.0020060180541624875,0.7768304914744233,0,0,1,1,0,1,1,0.2,0.14285714285714285,1.0,0,0,2,1,0,1,11,3.095795255000934,1,1,1,1,1,1,1,4,39,5156,0,0,0,6,1,0,0,0,0,0,0,0,21,93,3.091042453358316,4.543294782270004
1-click-bom,0,0,0,0,0,22,1,3,1,0,1,5,0,0,6,0.043478260869565216,0.2608695652173913,0.00026322716504343247,3798,1480,0.005790997630955514,0.3895762042642801,0,0,1,1,0,1,1,0.043478260869565216,0.14285714285714285,0.5,0,0,3,1,0,1,11,3.095795255000934,1,1,1,1,1,1,0,0,33,407,0,0,0,2,1,0,0,0,0,0,0,0,64,236,4.174387269895637,5.4680601411351315
1-client,0,0,0,0,0,1,1,0,0,0,2,0,0,0,2,1.0,1.0,0.0007044734061289186,2838,1549,0.0003522367030644593,0.5456146530468475,0,0,1,1,0,1,1,0.5,0.3333333333333333,0.3333333333333333,0,0,2,1,0,1,8,3.0,0,0,0,0,1,1,1,1,19,28,0,0,0,1,1,0,0,0,0,0,0,0,15,53,2.772588722239781,3.9889840465642745
1-dars,0,0,0,0,0,6,2,0,0,0,1,0,0,0,1,0.14285714285714285,0.14285714285714285,0.0005707762557077625,1751,1549,0.003424657534246575,0.8841324200913242,0,0,1,1,0,1,1,0.14285714285714285,0.5,0.5,0,0,2,1,0,1,6,2.584962500721156,0,0,0,0,1,1,0,0,16,79,0,0,0,1,1,0,0,0,0,0,0,0,14,68,2.70805020110221,4.23410650459726
1-dars-alisher,0,0,0,0,0,1,1,0,0,0,0,0,0,0,0,0.0,0.0,0.0,1751,1549,0.0005707762557077625,0.8841324200913242,0,0,1,1,0,1,1,0.5,1.0,1.0,0,0,3,1,0,1,14,3.2359263506290334,0,0,0,0,1,1,0,0,13,28,0,0,0,1,1,0,0,0,0,0,0,0,10,37,2.3978952727983707,3.6375861597263857
1-dars-uyga-vazifa,0,0,0,0,0,1,1,0,0,0,0,0,0,0,0,0.0,0.0,0.0,341,341,0.0029239766081871343,0.9970760233918129,0,0,0,1,0,1,1,0.5,1.0,1.0,0,0,4,1,0,1,18,3.4613201402110083,0,0,0,0,1,0,0,0,0,28,1,0,0,1,1,0,0,0,0,0,0,0,5,27,1.791759469228055,3.332204510175204
1-dars-vazifa,0,0,0,0,0,1,1,0,0,0,0,0,0,0,0,0.0,0.0,0.0,889,889,0.0011235955056179776,0.998876404494382,0,0,1,1,0,1,1,0.5,1.0,1.0,0,0,3,1,0,1,13,3.180832987205441,1,1,1,1,1,1,1,2,0,28,1,0,0,1,1,0,0,0,0,0,0,0,7,30,2.0794415416798357,3.4339872044851463
1-dinah,0,0,0,0,0,1,4,2,0,0,5,0,0,0,5,2.5,2.5,0.006561679790026247,761,761,0.0013123359580052493,0.9986876640419947,0,0,1,1,0,1,1,0.5,0.16666666666666666,0.16666666666666666,0,0,2,1,0,1,7,2.807354922057604,1,1,0,0,1,0,1,1,0,28,1,0,0,1,1,0,0,0,0,0,0,0,5,23,1.791759469228055,3.1780538303479458
1-elevated-trading-gianluigi-ventre-vol1-vol2,0,0,0,0,0,1,7,12,11,0,0,0,0,0,0,0.0,0.0,0.0,53,53,0.018518518518518517,0.9814814814814815,0,0,0,1,0,1,1,0.5,1.0,1.0,0,0,7,1,0,1,45,3.7554316410537276,0,0,0,0,1,1,1,4,76,1705,0,0,0,0,0,0,0,0,0,0,0,0,7,35,2.0794415416798357,3.58351893845611
1-exceptions-handler,0,0,0,0,0,1,1,0,13,0,9,2,0,0,11,4.5,5.5,0.007258064516129033,1239,1239,0.0008064516129032258,0.9991935483870967,0,0,1,1,0,1,1,0.5,0.08333333333333333,0.1,0,0,3,1,0,1,20,3.8841837197791884,0,0,0,0,0,0,0,0,0,19,1,0,0,2,1,0,0,0,0,0,0,0,8,37,2.1972245773362196,3.6375861597263857
1-f-b-g-df-gv,0,0,0,0,0,1,1,0,0,0,0,0,0,0,0,0.0,0.0,0.0,1749,1549,0.0005714285714285715,0.8851428571428571,0,0,1,1,0,1,1,0.5,1.0,1.0,0,0,6,1,0,1,13,2.4996981431844145,0,0,0,0,1,0,0,0,0,28,1,0,0,1,1,0,0,0,0,0,0,0,6,24,1.9459101490553132,3.2188758248682006
1-f-sw-f-g,0,0,0,0,0,1,1,0,0,0,0,0,0,0,0,0.0,0.0,0.0,1749,1549,0.0005714285714285715,0.8851428571428571,0,0,1,1,0,1,1,0.5,1.0,1.0,0,0,5,1,0,1,10,2.321928094887362,0,0,0,0,1,0,0,0,0,28,1,0,0,1,1,0,0,0,0,0,0,0,4,28,1.6094379124341003,3.367295829986474
1-first-package-anikoe,0,0,0,0,0,4,2,0,0,0,0,0,0,0,0,0.0,0.0,0.0,2024,1549,0.0019753086419753087,0.7649382716049383,0,0,1,1,0,1,1,0.2,1.0,1.0,0,0,4,1,0,1,22,3.7544418457133446,0,0,0,0,1,0,0,0,0,28,1,0,0,1,1,0,0,0,0,0,0,0,11,65,2.4849066497880004,4.189654742026425
1-game-randomnumber,0,0,0,0,0,1,1,0,5,0,1,1,0,0,2,0.5,1.0,0.001201923076923077,831,831,0.001201923076923077,0.9987980769230769,0,0,1,1,0,1,1,0.5,0.3333333333333333,0.5,0,0,3,1,0,1,19,3.4713544870139295,0,0,0,0,1,0,0,0,39,28,0,0,0,1,1,0,0,0,0,0,0,0,8,34,2.1972245773362196,3.5553480614894135
1-getbase64string,0,0,0,0,0,1,1,0,0,0,0,0,0,0,0,0.0,0.0,0.0,635,635,0.0015723270440251573,0.9984276729559748,0,0,0,1,0,1,1,0.5,1.0,1.0,0,0,2,1,0,1,17,3.6168746059562227,0,0,0,0,1,1,0,0,17,238,0,0,0,1,1,0,0,0,0,0,0,0,9,36,2.302585092994046,3.6109179126442243
1-getdurationiso,0,0,0,0,0,30,1,0,29,0,0,0,0,0,0,0.0,0.0,0.0,649,209,0.046153846153846156,0.32153846153846155,0,0,0,1,0,1,1,0.03225806451612903,1.0,1.0,0,0,2,1,0,1,16,3.625,0,0,0,0,1,1,0,0,20,373,0,0,0,1,1,0,0,0,0,0,0,0,47,150,3.871201010907891,5.017279836814924
1-init-ss,0,0,0,0,0,1,1,0,0,0,0,0,0,0,0,0.0,0.0,0.0,1757,1549,0.0005688282138794084,0.8811149032992036,0,0,1,1,0,1,1,0.5,1.0,1.0,0,0,3,1,0,1,9,2.503258334775646,0,0,0,0,1,0,0,0,0,28,1,0,0,1,1,0,0,0,0,0,0,0,11,42,2.4849066497880004,3.7612001156935624
1-july-2024,0,0,0,0,0,1,1,0,0,0,1,2,0,0,3,0.5,1.5,0.0013736263736263737,727,727,0.0013736263736263737,0.9986263736263736,0,0,0,1,0,1,1,0.5,0.25,0.5,0,0,3,1,0,1,11,3.095795255000934,0,0,0,0,1,0,0,0,0,28,1,0,0,1,1,0,0,0,0,0,0,0,6,25,1.9459101490553132,3.258096538021482
1-kh-rabochee-zerkalo-1xbet-vhod18-site-gy15wpqdv,0,0,0,0,0,1,1,0,0,0,0,0,0,0,0,0.0,0.0,0.0,1167,1167,0.0008561643835616438,0.9991438356164384,0,0,1,1,0,1,1,0.5,1.0,1.0,0,0,8,1,0,1,49,4.333671069968943,0,0,0,0,1,1,0,0,49,4,0,0,0,1,1,0,0,0,0,0,0,0,7,26,2.0794415416798357,3.295836866004329
1-khbet-zerkalo-1xbet-a-zerkalo-dqleq6wse,0,0,0,0,0,1,1,0,0,0,0,0,0,0,0,0.0,0.0,0.0,1167,1167,0.0008561643835616438,0.9991438356164384,0,0,1,1,0,1,1,0.5,1.0,1.0,0,0,7,1,0,1,41,3.911595601809687,0,0,0,0,1,1,0,0,41,4,0,0,0,1,1,0,0,0,0,0,0,0,6,26,1.9459101490553132,3.295836866004329
1-line,0,0,0,0,0,4,0,1,1,0,0,13,0,0,13,0.0,2.6,0.0,2637,1549,0.001516300227445034,0.5871872630780894,0,0,1,1,0,1,1,0.2,0.07142857142857142,1.0,0,0,2,1,0,1,6,2.584962500721156,1,1,1,1,1,1,1,3,41,175,0,0,0,14,1,0,0,0,1,0,1,1,9,58,2.302585092994046,4.07753744390572
1-line-opening-hours,0,0,0,0,0,5,0,3,2,0,0,7,0,0,7,0.0,1.1666666666666667,0.0,1906,1549,0.0026219192448872575,0.8122705820660724,0,0,1,1,0,1,1,0.16666666666666666,0.125,1.0,0,0,4,1,0,1,20,3.546439344671015,1,1,1,1,1,1,1,4,47,1967,0,0,0,3,1,0,0,0,0,1,1,1,18,109,2.9444389791664403,4.700480365792417
1-liners,0,0,0,0,0,31,0,4,2,0,0,14,0,0,14,0.0,0.4375,0.0,4091,1480,0.007575757575757576,0.3616813294232649,0,0,1,3,0,0,0,0.09375,0.2,3.0,0,0,2,1,0,1,8,3.0,1,1,1,1,1,1,1,2,40,5822,0,0,0,17,1,0,0,0,0,1,1,1,1029,5673,6.937314081223682,8.643649615368796
1-liners-cli,0,0,0,0,0,4,1,0,3,0,8,0,0,0,8,1.6,1.6,0.0027835768963117608,2873,1549,0.0013917884481558804,0.5389700765483646,0,0,1,1,0,1,1,0.2,0.1111111111111111,0.1111111111111111,0,0,3,1,0,1,12,3.0849625007211556,1,1,1,1,1,1,1,3,45,987,0,0,0,0,0,0,0,0,0,0,0,0,0,74,0.0,4.31748811353631
1-liuying,0,0,0,0,0,1,1,0,0,0,0,0,0,0,0,0.0,0.0,0.0,2330,1549,0.000429000429000429,0.6645216645216645,0,0,1,1,0,1,1,0.5,1.0,1.0,0,0,2,1,0,1,9,2.94770277922009,0,0,0,0,1,0,0,0,0,28,1,0,0,1,1,0,0,0,0,0,0,0,8,34,2.1972245773362196,3.5553480614894135
1-live-chat-handler,0,0,0,0,0,1,1,0,0,0,1,0,0,0,1,0.5,0.5,0.0013458950201884253,742,742,0.0013458950201884253,0.9986541049798116,0,0,1,1,0,1,1,0.5,0.5,0.5,0,0,4,1,0,1,19,3.5766176449086653,0,0,0,0,1,0,0,0,0,28,1,0,0,1,1,0,0,0,0,0,0,0,5,28,1.791759469228055,3.367295829986474
1-lyq,0,0,0,0,0,1,1,0,0,0,0,0,0,0,0,0.0,0.0,0.0,597,597,0.0016722408026755853,0.9983277591973244,0,0,0,1,0,1,1,0.5,1.0,1.0,0,0,2,1,0,1,5,2.321928094887362,0,0,0,0,1,0,0,0,0,28,1,0,0,1,1,0,0,0,0,0,0,0,9,33,2.302585092994046,3.5263605246161616
1-mamih,0,0,0,0,0,1,4,2,0,0,5,0,0,0,5,2.5,2.5,0.006561679790026247,761,761,0.0013123359580052493,0.9986876640419947,0,0,1,1,0,1,1,0.5,0.16666666666666666,0.16666666666666666,0,0,2,1,0,1,7,2.5216406363433186,1,1,0,0,1,0,1,1,0,28,1,0,0,1,1,0,0,0,0,0,0,0,8,29,2.1972245773362196,3.4011973816621555
1-mpireksystem,0,0,0,0,0,2,2,1,3,0,8,0,0,5,13,2.6666666666666665,4.333333333333333,0.009400705052878966,850,836,0.0023501762632197414,0.982373678025852,0,0,1,1,0,1,1,0.3333333333333333,0.07142857142857142,0.1111111111111111,0,0,2,1,0,1,14,3.378783493486176,1,1,1,1,1,1,1,9,156,156,0,0,0,0,0,0,0,0,0,0,0,0,18,92,2.9444389791664403,4.532599493153256
1-mundai,0,0,0,0,0,1,1,2,0,0,5,0,0,0,5,2.5,2.5,0.006561679790026247,761,761,0.0013123359580052493,0.9986876640419947,0,0,1,1,0,1,1,0.5,0.16666666666666666,0.16666666666666666,0,0,2,1,0,1,8,3.0,1,1,0,0,1,0,1,1,0,28,1,0,0,1,1,0,0,0,0,0,0,0,7,30,2.0794415416798357,3.4339872044851463
1-mutfru-muytio,0,0,0,0,0,1,1,0,0,0,10,0,0,0,10,5.0,5.0,0.01278772378516624,781,781,0.0012787723785166241,0.9987212276214834,0,0,1,1,0,1,1,0.5,0.09090909090909091,0.09090909090909091,0,0,3,1,0,1,15,3.189898095464288,1,1,1,1,1,0,1,4,159,28,0,0,0,1,1,0,0,0,0,0,0,0,84,531,4.442651256490317,6.2766434893416445
1-my_calculator,0,0,0,0,0,2,1,0,1,0,2,0,0,0,2,0.6666666666666666,0.6666666666666666,0.0027137042062415195,736,736,0.0027137042062415195,0.9986431478968792,0,0,1,1,0,1,1,0.3333333333333333,0.3333333333333333,0.3333333333333333,0,0,3,1,0,1,15,3.506890595608519,0,0,0,0,1,1,0,0,56,28,0,0,0,1,1,0,0,0,0,0,0,0,6,41,1.9459101490553132,3.7376696182833684
1-nauhadas,0,0,0,0,0,1,1,2,0,0,5,0,0,0,5,2.5,2.5,0.006561679790026247,761,761,0.0013123359580052493,0.9986876640419947,0,0,1,1,0,1,1,0.5,0.16666666666666666,0.16666666666666666,0,0,2,1,0,1,10,2.8464393446710154,1,1,0,0,1,0,1,1,0,28,1,0,0,1,1,0,0,0,0,0,0,0,9,32,2.302585092994046,3.4965075614664802
1-node-farm,0,0,0,0,0,1,1,0,0,0,0,0,0,0,0,0.0,0.0,0.0,1401,1401,0.0007132667617689016,0.9992867332382311,0,0,1,1,0,1,1,0.5,1.0,1.0,0,0,3,1,0,1,11,3.277613436819116,0,0,0,0,1,0,0,0,0,28,1,0,0,1,1,0,0,0,0,0,0,0,8,30,2.1972245773362196,3.4339872044851463
1-npm-js,0,0,0,0,0,1,1,0,0,0,0,0,0,0,0,0.0,0.0,0.0,2247,1549,0.00044483985765124553,0.6890569395017794,0,0,1,1,0,1,1,0.5,1.0,1.0,0,0,3,1,0,1,8,2.75,0,0,0,0,1,0,0,0,0,28,1,0,0,1,1,0,0,0,0,0,0,0,8,28,2.1972245773362196,3.367295829986474
1-npm1,0,0,0,0,0,1,1,0,0,0,0,0,0,0,0,0.0,0.0,0.0,2059,1549,0.0004854368932038835,0.7519417475728155,0,0,1,1,0,1,1,0.5,1.0,1.0,0,0,2,1,0,1,6,2.2516291673878226,0,0,0,0,1,0,0,0,0,28,1,0,0,1,1,0,0,0,0,0,0,0,8,33,2.1972245773362196,3.5263605246161616
1-of,0,0,0,0,0,2,1,0,1,0,3,0,0,0,3,1.0,1.0,0.0009316770186335404,3219,1549,0.0006211180124223603,0.481055900621118,0,0,1,1,0,1,1,0.3333333333333333,0.25,0.25,0,0,2,1,0,1,4,2.0,0,0,0,0,1,0,0,0,38,1109,0,0,0,1,1,0,0,0,0,0,0,0,11,47,2.4849066497880004,3.871201010907891
1-out-of-n,0,0,0,0,0,11,0,4,3,0,2,0,0,0,2,0.16666666666666666,0.16666666666666666,0.0009021199819576004,2216,1549,0.004961659900766802,0.6986919260261615,0,0,1,1,0,1,1,0.08333333333333333,0.3333333333333333,0.3333333333333333,0,0,4,1,0,1,10,2.6464393446710153,1,1,1,1,1,1,1,6,29,3065,0,0,0,7,1,0,0,0,0,0,0,0,585,8151,6.373319789577012,9.00601857490256
1-package,0,0,0,0,0,1,1,0,0,0,0,0,0,0,0,0.0,0.0,0.0,1538,1538,0.000649772579597141,0.9993502274204028,0,0,1,1,0,1,1,0.5,1.0,1.0,0,0,2,1,0,1,9,2.94770277922009,0,0,0,0,1,0,0,0,0,28,1,0,0,1,1,0,0,0,0,0,0,0,7,32,2.0794415416798357,3.4965075614664802
1-package-example,0,0,0,0,0,6,1,0,5,0,0,0,0,0,0,0.0,0.0,0.0,1447,1447,0.004143646408839779,0.9993093922651933,0,0,1,1,0,1,1,0.14285714285714285,1.0,1.0,0,0,3,1,0,1,17,3.2927701939369904,1,1,1,1,1,1,1,1,28,20,0,0,0,1,1,0,0,0,0,0,0,0,6,56,1.9459101490553132,4.04305126783455
1-package-yiran,0,0,0,0,0,10,1,0,10,0,0,1,0,0,1,0.0,0.09090909090909091,0.0,1359,1358,0.007352941176470588,0.9985294117647059,0,0,1,1,0,1,1,0.09090909090909091,0.5,1.0,0,0,3,1,0,1,15,3.4565647621309536,0,0,0,0,1,0,0,0,5,5,0,0,0,1,1,0,0,0,0,0,0,0,30,91,3.4339872044851463,4.5217885770490405
1-pancing,0,0,0,0,0,1,4,2,0,0,5,0,0,0,5,2.5,2.5,0.006561679790026247,761,761,0.0013123359580052493,0.9986876640419947,0,0,1,1,0,1,1,0.5,0.16666666666666666,0.16666666666666666,0,0,2,1,0,1,9,2.9477027792200903,1,1,0,0,1,0,1,1,0,28,1,0,0,1,1,0,0,0,0,0,0,0,7,30,2.0794415416798357,3.4339872044851463
1-passport,0,0,0,0,0,15,0,4,1,0,0,17,0,0,17,0.0,1.0625,0.0,1192,957,0.012573344509639563,0.8021793797150042,0,0,1,1,0,1,1,0.0625,0.05555555555555555,1.0,0,0,2,1,0,1,10,2.9219280948873623,1,1,1,1,1,1,0,0,0,28,1,0,0,3,1,0,0,0,0,0,0,0,24,119,3.2188758248682006,4.787491742782046
1-practise,0,0,0,0,0,1,1,0,0,0,1,0,0,0,1,0.5,0.5,0.0006455777921239509,1548,1548,0.0006455777921239509,0.9993544222078761,0,0,1,1,0,1,1,0.5,0.5,0.5,0,0,2,1,0,1,10,3.321928094887362,0,0,0,0,1,0,0,0,0,28,1,0,0,1,1,0,0,0,0,0,0,0,8,38,2.1972245773362196,3.6635616461296463
1-print-numbers,0,0,0,0,0,2,1,1,0,0,2,1,0,0,3,0.6666666666666666,1.0,0.0008771929824561404,2279,1549,0.0008771929824561404,0.6793859649122806,0,0,1,1,0,1,1,0.3333333333333333,0.25,0.3333333333333333,0,0,3,1,0,1,15,3.506890595608519,1,0,0,0,1,1,0,0,0,28,1,0,1,1,1,0,0,0,0,0,0,0,3,25,1.3862943611198906,3.258096538021482
1-pub-sub-rabbit-mq-example,0,0,0,0,0,11,1,1,1,0,0,0,0,0,0,0.0,0.0,0.0,848,690,0.012956419316843345,0.8127208480565371,0,0,0,1,0,1,1,0.08333333333333333,1.0,1.0,0,0,6,1,0,1,27,3.6582341512584025,0,0,0,0,1,1,0,0,24,970,0,0,0,1,1,0,0,0,0,0,0,0,27,98,3.332204510175204,4.59511985013459
1-publishing-module,0,0,0,0,0,1,1,0,0,0,0,0,0,0,0,0.0,0.0,0.0,25,25,0.038461538461538464,0.9615384615384616,1,1,0,1,0,1,1,0.5,1.0,1.0,0,0,3,1,0,1,19,3.826874881864637,0,0,0,0,1,0,0,0,0,28,1,0,0,1,1,0,0,0,0,0,0,0,11,40,2.4849066497880004,3.713572066704308
1-question-quiz,0,0,0,0,0,3,1,0,2,0,6,0,0,0,6,1.5,1.5,0.006593406593406593,909,909,0.0032967032967032967,0.9989010989010989,0,0,1,1,0,1,1,0.25,0.14285714285714285,0.14285714285714285,0,0,3,1,0,1,15,3.373557262275185,0,0,0,0,1,0,0,0,0,28,1,0,0,1,1,0,0,0,0,0,0,0,12,53,2.5649493574615367,3.9889840465642745
1-rcn-simple-calculator,0,0,0,0,0,2,1,0,1,0,1,1,0,0,2,0.3333333333333333,0.6666666666666666,0.0012391573729863693,806,806,0.0024783147459727386,0.9987608426270136,0,0,1,1,0,1,1,0.3333333333333333,0.3333333333333333,0.5,0,0,4,1,0,1,23,3.7294461949052566,0,0,0,0,1,1,0,0,57,28,0,0,0,1,1,0,0,0,0,0,0,0,5,39,1.791759469228055,3.6888794541139363
1-rinjal,0,0,0,0,0,1,1,2,0,0,5,0,0,0,5,2.5,2.5,0.006561679790026247,761,761,0.0013123359580052493,0.9986876640419947,0,0,1,1,0,1,1,0.5,0.16666666666666666,0.16666666666666666,0,0,2,1,0,1,8,3.0,1,1,0,0,1,0,1,1,0,28,1,0,0,1,1,0,0,0,0,0,0,0,4,22,1.6094379124341003,3.1354942159291497
1-s-c-cli-simple-calculator,0,0,0,0,0,1,2,0,0,0,3,0,0,0,3,1.5,1.5,0.0037128712871287127,807,807,0.0012376237623762376,0.9987623762376238,0,0,1,1,0,1,1,0.5,0.25,0.25,0,0,6,1,0,1,27,3.5100860031102536,0,0,0,0,1,0,0,0,0,28,1,0,0,1,1,0,0,0,0,0,0,0,5,28,1.791759469228055,3.367295829986474
1-sakokr,0,0,0,0,0,1,0,1,0,0,4,8,0,0,12,2.0,6.0,0.005082592121982211,786,786,0.0012706480304955528,0.9987293519695044,0,0,1,1,0,1,1,0.5,0.07692307692307693,0.2,0,0,2,1,0,1,8,2.75,1,1,1,1,1,0,0,0,159,1383,0,0,0,4,1,0,0,0,0,0,0,0,6,31,1.9459101490553132,3.4657359027997265
1-sep-ui,0,0,0,0,0,5,0,1,5,0,2,12,0,0,14,0.3333333333333333,2.3333333333333335,0.002472187886279357,808,807,0.006180469715698393,0.9975278121137207,0,0,1,1,0,1,1,0.16666666666666666,0.06666666666666667,0.3333333333333333,0,0,3,1,0,1,8,2.75,0,0,0,0,0,0,0,0,0,28,1,0,0,6,1,0,0,0,0,0,0,0,10,80,2.3978952727983707,4.394449154672439
1-sigma-calculator,0,0,0,0,0,3,2,0,1,0,1,1,0,0,2,0.25,0.5,0.001199040767386091,833,823,0.0035971223021582736,0.986810551558753,0,0,1,1,0,1,1,0.25,0.3333333333333333,0.5,0,0,3,1,0,1,18,3.5724312513221195,0,0,0,0,1,0,0,0,57,28,0,0,0,1,1,0,0,0,0,0,0,0,6,48,1.9459101490553132,3.8918202981106265
1-skurasa,0,0,0,0,0,1,0,1,0,0,4,8,0,0,12,2.0,6.0,0.005082592121982211,786,786,0.0012706480304955528,0.9987293519695044,0,0,1,1,0,1,1,0.5,0.07692307692307693,0.2,0,0,2,1,0,1,9,2.725480556997868,1,1,1,1,1,0,0,0,159,1383,0,0,0,4,1,0,0,0,0,0,0,0,6,32,1.9459101490553132,3.4965075614664802
1-task,0,0,0,0,0,1,1,0,0,0,0,0,0,0,0,0.0,0.0,0.0,1668,1549,0.0005991611743559018,0.9281006590772918,0,0,1,1,0,1,1,0.5,1.0,1.0,0,0,2,1,0,1,6,2.584962500721156,0,0,0,0,1,1,1,1,14,28,0,0,0,1,1,0,0,0,0,0,0,0,6,32,1.9459101490553132,3.4965075614664802
1-test-gulp-1,0,0,0,0,0,4,0,0,4,0,3,0,0,0,3,0.6,0.6,0.002859866539561487,1048,1048,0.0038131553860819827,0.9990467111534795,0,0,1,1,0,1,1,0.2,0.25,0.25,0,0,4,1,0,1,13,3.0269868333592873,0,0,0,0,1,0,0,0,0,28,1,0,0,1,1,0,0,0,0,0,0,0,5,50,1.791759469228055,3.9318256327243257
1-tijiao,0,0,0,0,0,1,1,0,0,0,0,0,0,0,0,0.0,0.0,0.0,2059,1549,0.0004854368932038835,0.7519417475728155,0,0,1,1,0,1,1,0.5,1.0,1.0,0,0,2,1,0,1,8,2.75,0,0,0,0,1,0,0,0,0,28,1,0,0,1,1,0,0,0,0,0,0,0,10,34,2.3978952727983707,3.5553480614894135
1-to-6-guessing-number-game,0,0,0,0,0,2,1,0,1,0,1,1,0,0,2,0.3333333333333333,0.6666666666666666,0.0012315270935960591,811,811,0.0024630541871921183,0.9987684729064039,0,0,1,1,0,1,1,0.3333333333333333,0.3333333333333333,0.5,0,0,6,1,0,1,27,3.676390632579626,0,0,0,0,1,0,0,0,0,28,1,0,0,1,1,0,0,0,0,0,0,0,6,29,1.9459101490553132,3.4011973816621555
1-to-6-number-guesing-game,0,0,0,0,0,2,1,0,3,0,3,1,0,0,4,1.0,1.3333333333333333,0.0036188178528347406,828,828,0.0024125452352231603,0.9987937273823885,0,0,1,1,0,1,1,0.3333333333333333,0.2,0.25,0,0,6,1,0,1,26,3.657385276650178,0,0,0,0,1,0,0,0,35,28,0,0,0,1,1,0,0,0,0,0,0,0,10,44,2.3978952727983707,3.8066624897703196
1-topshiriq,0,0,0,0,0,1,1,0,0,0,2,0,0,0,2,1.0,1.0,0.0008463817181548879,2362,1549,0.00042319085907744394,0.6555226407109607,0,0,1,1,0,1,1,0.5,0.3333333333333333,0.3333333333333333,0,0,2,1,0,1,11,3.277613436819116,0,0,0,0,1,0,0,0,0,28,1,0,0,1,1,0,0,0,0,0,0,0,8,31,2.1972245773362196,3.4657359027997265
1-try,0,0,0,0,0,1,1,0,0,0,0,0,0,0,0,0.0,0.0,0.0,2989,1549,0.00033444816053511704,0.5180602006688964,0,0,1,1,0,1,1,0.5,1.0,1.0,0,0,2,1,0,1,5,2.321928094887362,0,0,0,0,1,0,0,0,17,18,0,0,0,1,1,0,0,0,0,0,0,0,6,22,1.9459101490553132,3.1354942159291497
1-utils-444,0,0,0,0,0,1,1,0,0,0,0,0,0,0,0,0.0,0.0,0.0,1049,1049,0.0009523809523809524,0.9990476190476191,0,0,1,1,0,1,1,0.5,1.0,1.0,0,0,3,1,0,1,11,2.8453509366224368,0,0,0,0,1,0,0,0,0,28,1,0,0,1,1,0,0,0,0,0,0,0,9,27,2.302585092994046,3.332204510175204
1-webpack-plugin,0,0,0,0,0,2,1,2,4,0,0,2,0,0,2,0.0,0.6666666666666666,0.0,717,716,0.002785515320334262,0.9972144846796658,0,0,0,1,0,1,1,0.3333333333333333,0.3333333333333333,1.0,0,0,3,1,0,1,16,3.75,0,0,0,0,1,1,0,0,0,28,1,0,0,4,1,0,0,0,0,0,0,0,9,42,2.302585092994046,3.7612001156935624
1-wire-js,0,0,0,0,0,15,1,4,3,0,2,7,0,0,9,0.125,0.5625,0.0005194805194805195,3849,1480,0.003896103896103896,0.38441558441558443,0,0,1,1,0,1,1,0.0625,0.1,0.3333333333333333,0,0,3,1,0,1,9,2.94770277922009,1,1,1,1,1,1,0,0,20,8499,0,0,0,2,1,0,0,0,0,0,0,0,42,174,3.7612001156935624,5.1647859739235145
1-wix-react-native-commons,0,0,0,0,0,1,0,0,0,0,0,0,0,0,0,0.0,0.0,0.0,1967,1549,0.0005081300813008131,0.7870934959349594,0,0,1,1,0,1,1,0.5,1.0,1.0,0,0,5,1,0,1,26,3.7773627950641693,0,0,0,0,0,0,0,0,0,28,1,0,0,1,1,0,0,1,0,0,1,1,8,40,2.1972245773362196,3.713572066704308
1-wix-react-native-core,0,0,0,0,0,1,0,0,0,0,0,0,0,0,0,0.0,0.0,0.0,1967,1549,0.0005081300813008131,0.7870934959349594,0,0,1,1,0,1,1,0.5,1.0,1.0,0,0,5,1,0,1,23,3.5342190211803413,0,0,0,0,0,0,0,0,0,28,1,0,0,1,1,0,0,1,0,0,1,1,9,48,2.302585092994046,3.8918202981106265
1-word-counter,0,0,0,0,0,1,1,0,0,0,1,1,0,0,2,0.5,1.0,0.0012406947890818859,805,805,0.0012406947890818859,0.9987593052109182,0,0,1,1,0,1,1,0.5,0.3333333333333333,0.5,0,0,3,1,0,1,14,3.378783493486176,0,0,0,0,1,0,0,0,0,28,1,0,0,1,1,0,0,0,0,0,0,0,8,34,2.1972245773362196,3.5553480614894135
1-xbet-1xbet-zerkalo-w-site-veenb6p0w,0,0,0,0,0,1,1,0,0,0,0,0,0,0,0,0.0,0.0,0.0,1167,1167,0.0008561643835616438,0.9991438356164384,0,0,1,1,0,1,1,0.5,1.0,1.0,0,0,7,1,0,1,37,3.951904040953793,0,0,0,0,1,1,0,0,37,4,0,0,0,1,1,0,0,0,0,0,0,0,10,36,2.3978952727983707,3.6109179126442243
1-xbet-registratsiia-zerkalo-1xbet-vhod15-site-xf1bio8tk,0,0,0,0,0,1,1,0,0,0,0,0,0,0,0,0.0,0.0,0.0,1167,1167,0.0008561643835616438,0.9991438356164384,0,0,1,1,0,1,1,0.5,1.0,1.0,0,0,8,1,0,1,56,4.0768216109757365,0,0,0,0,1,1,0,0,56,4,0,0,0,1,1,0,0,0,0,0,0,0,6,24,1.9459101490553132,3.2188758248682006
1-zerkalo-1xbet-1xbet-zerkalo-azurewebsites-6ek6xnouk,0,0,0,0,0,1,1,0,0,0,0,0,0,0,0,0.0,0.0,0.0,1167,1167,0.0008561643835616438,0.9991438356164384,0,0,1,1,0,1,1,0.5,1.0,1.0,0,0,7,1,0,1,53,3.96284734094745,0,0,0,0,1,1,0,0,53,4,0,0,0,1,1,0,0,0,0,0,0,0,10,36,2.3978952727983707,3.6109179126442243
1.0.0_version_simple_calculator,0,0,0,0,0,1,1,0,0,0,1,1,0,0,2,0.5,1.0,0.0012004801920768306,832,832,0.0012004801920768306,0.9987995198079231,0,0,1,1,0,1,1,0.5,0.3333333333333333,0.5,0,0,6,0,1,1,31,4.0667842134731025,0,0,0,0,1,1,0,0,58,28,0,0,0,1,1,0,0,0,0,0,0,0,8,25,2.1972245773362196,3.258096538021482
1.0.0xxxscript,0,0,0,0,0,12,2,0,1,0,0,0,0,0,0,0.0,0.0,0.0,1906,1549,0.006292606187729418,0.8122705820660724,0,0,1,1,0,1,1,0.07692307692307693,1.0,1.0,0,0,3,0,1,1,14,3.182005814760214,0,0,0,0,1,0,0,0,6,28,0,0,0,1,1,0,0,0,0,0,0,0,24,114,3.2188758248682006,4.74493212836325
1.0.1,0,0,0,0,0,1,1,0,0,0,0,0,0,0,0,0.0,0.0,0.0,4242,903,0.00023568230025925054,0.21282111713410323,0,0,1,1,0,1,1,0.5,1.0,1.0,0,0,3,0,1,1,5,1.5219280948873621,0,0,0,0,1,1,0,0,0,28,1,0,0,1,1,0,0,0,0,0,0,0,139,354,4.941642422609304,5.872117789475416
1.0.2,0,0,0,0,0,1,1,0,0,0,0,0,0,0,0,0.0,0.0,0.0,4242,903,0.00023568230025925054,0.21282111713410323,0,0,1,1,0,1,1,0.5,1.0,1.0,0,0,3,0,1,1,5,1.9219280948873623,0,0,0,0,1,1,0,0,0,28,1,0,0,1,1,0,0,0,0,0,0,0,125,667,4.836281906951478,6.504288173536645
1.0.3,0,0,0,0,0,1,1,0,3,0,6,3,0,0,9,3.0,4.5,0.0017187052420509883,3490,1480,0.0002864508736751647,0.4239472930392438,0,0,1,1,0,1,1,0.5,0.1,0.14285714285714285,0,0,3,0,1,1,5,1.9219280948873623,0,0,0,0,1,1,1,1,12,28,0,0,0,1,1,0,0,0,0,0,0,0,275,2773,5.62040086571715,7.928045600874777
1.1-cli,0,0,0,0,0,6,0,0,6,0,6,19,0,0,25,0.8571428571428571,3.5714285714285716,0.005263157894736842,1139,1126,0.005263157894736842,0.987719298245614,0,0,1,1,0,1,1,0.14285714285714285,0.038461538461538464,0.14285714285714285,0,0,3,1,1,1,7,2.5216406363433186,0,0,0,0,0,1,1,12,42,743,0,0,0,7,1,0,0,0,0,0,0,0,10,85,2.3978952727983707,4.454347296253507
1.1.0,0,0,0,0,0,1,1,0,0,0,37,2,0,0,39,18.5,19.5,0.01134621281815394,3260,1480,0.00030665440049064706,0.4538485127261576,0,0,1,1,0,1,1,0.5,0.025,0.02631578947368421,0,0,3,0,1,1,5,1.5219280948873621,0,0,0,0,1,0,0,0,21,28,0,0,0,0,0,0,0,0,0,0,0,0,27,100,3.332204510175204,4.61512051684126
1.1.1,0,0,0,0,0,1,1,0,0,0,1,0,0,0,1,0.5,0.5,0.0002740476842970677,3648,1480,0.0002740476842970677,0.4055905727596602,0,0,1,1,0,1,1,0.5,0.5,0.5,0,0,3,0,1,1,5,0.9709505944546686,0,0,0,0,1,0,0,0,0,28,1,0,0,1,1,0,0,0,0,0,0,0,76,279,4.343805421853684,5.634789603169249
1.1.1-version,0,0,0,0,0,1,1,0,0,0,1,0,0,0,1,0.5,0.5,0.0014285714285714286,699,699,0.0014285714285714286,0.9985714285714286,0,0,0,1,0,1,1,0.5,0.5,0.5,0,0,4,1,1,1,13,3.180832987205441,0,0,0,0,1,0,0,0,0,28,1,0,0,1,1,0,0,0,0,0,0,0,5,31,1.791759469228055,3.4657359027997265
1.10lianxi,0,0,0,0,0,1,1,0,0,0,2,0,0,0,2,1.0,1.0,0.0010005002501250625,1998,1549,0.0005002501250625312,0.7748874437218609,0,0,1,1,0,1,1,0.5,0.3333333333333333,0.3333333333333333,0,0,2,0,1,1,10,2.9219280948873623,0,0,0,0,1,0,0,0,0,28,1,0,0,1,1,0,0,0,0,0,0,0,7,34,2.0794415416798357,3.5553480614894135
1.11lvliming,0,0,0,0,0,1,1,0,0,0,0,0,0,0,0,0.0,0.0,0.0,1998,1549,0.0005002501250625312,0.7748874437218609,0,0,1,1,0,1,1,0.5,1.0,1.0,0,0,2,0,1,1,12,2.8553885422075336,0,0,0,0,1,0,0,0,0,28,1,0,0,1,1,0,0,0,0,0,0,0,10,42,2.3978952727983707,3.7612001156935624
1.11lvliming1,0,0,0,0,0,1,1,0,0,0,0,0,0,0,0,0.0,0.0,0.0,1998,1549,0.0005002501250625312,0.7748874437218609,0,0,1,1,0,1,1,0.5,1.0,1.0,0,0,2,0,1,1,13,2.7773627950641693,0,0,0,0,1,0,0,0,0,28,1,0,0,1,1,0,0,0,0,0,0,0,7,32,2.0794415416798357,3.4965075614664802
1.11week,0,0,0,0,0,1,1,0,0,0,2,0,0,0,2,1.0,1.0,0.0010005002501250625,1998,1549,0.0005002501250625312,0.7748874437218609,0,0,1,1,0,1,1,0.5,0.3333333333333333,0.3333333333333333,0,0,2,0,1,1,8,2.1556390622295662,0,0,0,0,1,0,0,0,11,28,0,0,0,1,1,0,0,0,0,0,0,0,10,37,2.3978952727983707,3.6375861597263857
1.11week1,0,0,0,0,0,1,1,0,0,0,1,0,0,0,1,0.5,0.5,0.0005002501250625312,1998,1549,0.0005002501250625312,0.7748874437218609,0,0,1,1,0,1,1,0.5,0.5,0.5,0,0,2,0,1,1,9,2.058813890331201,0,0,0,0,1,0,0,0,0,28,1,0,0,1,1,0,0,0,0,0,0,0,10,40,2.3978952727983707,3.713572066704308
1.11zhoukao,0,0,0,0,0,1,1,0,0,0,0,0,0,0,0,0.0,0.0,0.0,1998,1549,0.0005002501250625312,0.7748874437218609,0,0,1,1,0,1,1,0.5,1.0,1.0,0,0,2,0,1,1,11,2.8453509366224368,0,0,0,0,1,0,0,0,0,28,1,0,0,1,1,0,0,0,0,0,0,0,8,31,2.1972245773362196,3.4657359027997265
1.11zhoukao_aa,0,0,0,0,0,1,1,0,0,0,0,0,0,0,0,0.0,0.0,0.0,1998,1549,0.0005002501250625312,0.7748874437218609,0,0,1,1,0,1,1,0.5,1.0,1.0,0,0,3,0,1,1,14,2.9852281360342516,0,0,0,0,1,0,0,0,0,28,1,0,0,1,1,0,0,0,0,0,0,0,5,27,1.791759469228055,3.332204510175204
1.11zhoukaowdqwd,0,0,0,0,0,1,1,0,0,0,0,0,0,0,0,0.0,0.0,0.0,1998,1549,0.0005002501250625312,0.7748874437218609,0,0,1,1,0,1,1,0.5,1.0,1.0,0,0,2,0,1,1,16,3.327819531114783,0,0,0,0,1,0,0,0,0,28,1,0,0,1,1,0,0,0,0,0,0,0,9,30,2.302585092994046,3.4339872044851463
1.11zk,0,0,0,0,0,1,1,0,0,0,0,0,0,0,0,0.0,0.0,0.0,1998,1549,0.0005002501250625312,0.7748874437218609,0,0,1,1,0,1,1,0.5,1.0,1.0,0,0,2,0,1,1,6,1.792481250360578,0,0,0,0,1,0,0,0,0,28,1,0,0,1,1,0,0,0,0,0,0,0,7,34,2.0794415416798357,3.5553480614894135
1.11zk1,0,0,0,0,0,1,1,0,0,0,0,0,0,0,0,0.0,0.0,0.0,1998,1549,0.0005002501250625312,0.7748874437218609,0,0,1,1,0,1,1,0.5,1.0,1.0,0,0,2,0,1,1,7,1.664497779200461,0,0,0,0,1,1,1,1,5,28,0,0,0,1,1,0,0,0,0,0,0,0,9,42,2.302585092994046,3.7612001156935624
1.11zk2,0,0,0,0,0,1,1,0,0,0,1,0,0,0,1,0.5,0.5,0.0005002501250625312,1998,1549,0.0005002501250625312,0.7748874437218609,0,0,1,1,0,1,1,0.5,0.5,0.5,0,0,2,0,1,1,7,2.1280852788913944,0,0,0,0,1,0,0,0,0,28,1,0,0,1,1,0,0,0,0,0,0,0,7,37,2.0794415416798357,3.6375861597263857
1.125,0,0,0,0,0,1,1,0,0,0,3,0,0,0,3,1.5,1.5,0.0009454774661203908,3172,1480,0.0003151591553734636,0.4664355499527261,0,0,1,1,0,1,1,0.5,0.25,0.25,0,0,2,0,1,1,5,1.9219280948873623,0,0,0,0,1,0,0,0,0,28,1,0,0,1,1,0,0,0,0,0,0,0,7,69,2.0794415416798357,4.248495242049359
1.12rk,0,0,0,0,0,1,1,0,0,0,0,0,0,0,0,0.0,0.0,0.0,1632,1549,0.000612369871402327,0.9485609308022045,0,0,1,1,0,1,1,0.5,1.0,1.0,0,0,2,0,1,1,6,2.2516291673878226,0,0,0,0,1,0,0,0,0,28,1,0,0,1,1,0,0,0,0,0,0,0,9,38,2.302585092994046,3.6635616461296463
1.12zy,0,0,0,0,0,1,1,0,0,0,0,0,0,0,0,0.0,0.0,0.0,1631,1549,0.0006127450980392157,0.9491421568627451,0,0,1,1,0,1,1,0.5,1.0,1.0,0,0,2,0,1,1,6,2.2516291673878226,0,0,0,0,1,0,0,0,0,28,1,0,0,1,1,0,0,0,0,0,0,0,9,31,2.302585092994046,3.4657359027997265
1.13-exam-cn,0,0,0,0,0,1,1,0,0,0,0,0,0,0,0,0.0,0.0,0.0,1996,1549,0.000500751126690035,0.7756634952428643,0,0,1,1,0,1,1,0.5,1.0,1.0,0,0,4,1,1,1,12,3.2516291673878226,0,0,0,0,1,0,0,0,0,28,1,0,0,1,1,0,0,0,0,0,0,0,9,32,2.302585092994046,3.4965075614664802
1.13exam,0,0,0,0,0,1,1,0,0,0,0,0,0,0,0,0.0,0.0,0.0,1631,1549,0.0006127450980392157,0.9491421568627451,0,0,1,1,0,1,1,0.5,1.0,1.0,0,0,2,0,1,1,8,2.75,0,0,0,0,1,0,0,0,0,28,1,0,0,1,1,0,0,0,0,0,0,0,8,29,2.1972245773362196,3.4011973816621555
1.13rk11,0,0,0,0,0,1,1,0,0,0,0,0,0,0,0,0.0,0.0,0.0,1631,1549,0.0006127450980392157,0.9491421568627451,0,0,1,1,0,1,1,0.5,1.0,1.0,0,0,2,0,1,1,8,2.0,0,0,0,0,1,0,0,0,0,28,1,0,0,1,1,0,0,0,0,0,0,0,8,30,2.1972245773362196,3.4339872044851463
1.14-exam-cn,0,0,0,0,0,1,1,0,0,0,0,0,0,0,0,0.0,0.0,0.0,1996,1549,0.000500751126690035,0.7756634952428643,0,0,1,1,0,1,1,0.5,1.0,1.0,0,0,4,1,1,1,12,3.2516291673878226,0,0,0,0,1,0,0,0,0,28,1,0,0,1,1,0,0,0,0,0,0,0,12,38,2.5649493574615367,3.6635616461296463
1.15lian2,0,0,0,0,0,1,1,0,0,0,0,0,0,0,0,0.0,0.0,0.0,1993,1549,0.0005015045135406219,0.7768304914744233,0,0,1,1,0,1,1,0.5,1.0,1.0,0,0,2,0,1,1,9,2.94770277922009,0,0,0,0,1,0,0,0,0,28,1,0,0,1,1,0,0,0,0,0,0,0,7,28,2.0794415416798357,3.367295829986474
1.15team-tools,0,0,0,0,0,1,1,0,1,0,0,0,0,0,0,0.0,0.0,0.0,1327,1327,0.0007530120481927711,0.9992469879518072,0,0,1,1,0,1,1,0.5,1.0,1.0,0,0,3,1,1,1,14,3.378783493486176,0,0,0,0,1,0,1,3,23,738,0,0,0,0,0,0,0,0,0,0,0,0,7,35,2.0794415416798357,3.58351893845611
1.16moni5,0,0,0,0,0,1,1,0,0,0,0,0,0,0,0,0.0,0.0,0.0,1627,1549,0.0006142506142506142,0.9514742014742015,0,0,1,1,0,1,1,0.5,1.0,1.0,0,0,2,0,1,1,9,2.94770277922009,0,0,0,0,1,0,0,0,0,28,1,0,0,1,1,0,0,0,0,0,0,0,7,31,2.0794415416798357,3.4657359027997265
1.17zhoukao,0,0,0,0,0,2,2,0,0,0,0,0,0,0,0,0.0,0.0,0.0,1627,1549,0.0012285012285012285,0.9514742014742015,0,0,1,1,0,1,1,0.3333333333333333,1.0,1.0,0,0,2,0,1,1,11,3.0957952550009344,0,0,0,0,1,0,0,0,0,28,1,0,0,1,1,0,0,0,0,0,0,0,10,52,2.3978952727983707,3.970291913552122
1.18yanzhu-demo,0,0,0,0,0,2,1,0,1,0,1,0,0,0,1,0.3333333333333333,0.3333333333333333,0.0002896032435563278,3452,1480,0.0005792064871126556,0.4286128004633652,0,0,1,1,0,1,1,0.3333333333333333,0.5,0.5,0,0,3,1,1,1,15,3.7735572622751845,0,0,0,0,1,1,0,0,21,28,0,0,0,1,1,0,0,0,0,0,0,0,10,42,2.3978952727983707,3.7612001156935624
1.2.18-aode,0,0,0,0,0,1,1,2,17,0,3,73,0,0,76,1.5,38.0,0.0019404915912031048,1545,6,0.000646830530401035,0.0038809831824062097,1,0,0,38,0,0,0,19.0,0.4935064935064935,9.5,0,0,4,1,1,1,11,3.0957952550009344,1,0,0,0,1,1,1,1,8,843,0,0,0,8,1,0,0,0,0,0,0,0,57,140,4.060443010546419,4.948759890378168
1.3-module-require,0,0,0,0,0,1,1,0,0,0,2,0,0,0,2,1.0,1.0,0.0015105740181268882,1323,1323,0.0007552870090634441,0.9992447129909365,0,0,1,1,0,1,1,0.5,0.3333333333333333,0.3333333333333333,0,0,4,1,1,1,18,3.5724312513221195,0,0,0,0,1,0,0,0,0,28,1,0,0,1,1,0,0,0,0,0,0,0,8,35,2.1972245773362196,3.58351893845611
1.3.0,0,0,0,0,0,1,1,3,0,0,0,0,0,0,0,0.0,0.0,0.0,3466,1480,0.00028843380444188056,0.4268820305739833,0,0,1,1,0,1,1,0.5,1.0,1.0,0,0,3,0,1,1,5,1.9219280948873623,0,0,0,0,1,1,0,0,23,509,0,0,0,1,1,0,0,0,0,0,0,0,92,596,4.532599493153256,6.391917113392602
1.30zk000,0,0,0,0,0,2,2,0,0,0,1,0,0,0,1,0.3333333333333333,0.3333333333333333,0.0008006405124099279,1248,1248,0.0016012810248198558,0.9991993594875901,0,0,1,1,0,1,1,0.3333333333333333,0.5,0.5,0,0,2,0,1,1,9,2.2810361125534233,0,0,0,0,1,0,0,0,0,28,1,0,0,1,1,0,0,0,0,0,0,0,9,41,2.302585092994046,3.7376696182833684
1.5fabao,0,0,0,0,0,1,1,0,0,0,2,0,0,0,2,1.0,1.0,0.0012202562538133007,1638,1549,0.0006101281269066504,0.9450884685784015,0,0,1,1,0,1,1,0.5,0.3333333333333333,0.3333333333333333,0,0,2,0,1,1,8,2.75,0,0,0,0,1,0,0,0,0,28,1,0,0,1,1,0,0,0,0,0,0,0,9,41,2.302585092994046,3.7376696182833684
1.6block,0,0,0,0,0,1,1,0,0,0,0,16,0,0,16,0.0,8.0,0.0,2181,1549,0.00045829514207149406,0.7098991750687442,0,0,1,1,0,1,1,0.5,0.058823529411764705,1.0,0,0,2,0,1,1,8,3.0,1,0,0,0,1,1,0,0,61,751,0,0,0,6,1,0,0,0,0,0,0,0,8,61,2.1972245773362196,4.127134385045092
1.6first1,0,0,0,0,0,1,1,0,0,0,0,1,0,0,1,0.0,0.5,0.0,2002,1549,0.0004992511233150275,0.7733399900149776,0,0,1,1,0,1,1,0.5,0.5,1.0,0,0,2,0,1,1,9,2.94770277922009,0,0,0,0,1,0,1,2,17,28,0,0,0,1,1,0,0,0,0,0,0,0,8,40,2.1972245773362196,3.713572066704308
1.7rikao,0,0,0,0,0,1,1,0,0,0,0,0,0,0,0,0.0,0.0,0.0,2002,1549,0.0004992511233150275,0.7733399900149776,0,0,1,1,0,1,1,0.5,1.0,1.0,0,0,2,0,1,1,8,3.0,0,0,0,0,1,0,1,2,0,28,1,0,0,2,1,0,0,0,0,0,0,0,8,30,2.1972245773362196,3.4339872044851463
1.7rikao1152255,0,0,0,0,0,1,1,0,0,0,0,0,0,0,0,0.0,0.0,0.0,2001,1549,0.0004995004995004995,0.7737262737262737,0,0,1,1,0,1,1,0.5,1.0,1.0,0,0,2,0,1,1,15,3.139572261986723,0,0,0,0,1,0,0,0,0,28,1,0,0,1,1,0,0,0,0,0,0,0,9,37,2.302585092994046,3.6375861597263857
1.7rikaorenzhiyi,0,0,0,0,0,1,1,0,0,0,0,0,0,0,0,0.0,0.0,0.0,2632,1549,0.00037979491074819596,0.5883023167489556,0,0,1,1,0,1,1,0.5,1.0,1.0,0,0,2,0,1,1,16,3.577819531114783,0,0,0,0,1,0,0,0,0,28,1,0,0,1,1,0,0,0,0,0,0,0,8,34,2.1972245773362196,3.5553480614894135
1.7rk,0,0,0,0,0,1,1,0,0,0,0,0,0,0,0,0.0,0.0,0.0,2002,1549,0.0004992511233150275,0.7733399900149776,0,0,1,1,0,1,1,0.5,1.0,1.0,0,0,2,0,1,1,5,2.321928094887362,0,0,0,0,1,0,0,0,0,28,1,0,0,2,1,0,0,0,0,0,0,0,9,37,2.302585092994046,3.6375861597263857
1.7rk_cz,0,0,0,0,0,1,1,0,0,0,2,0,0,0,2,1.0,1.0,0.000998502246630055,2002,1549,0.0004992511233150275,0.7733399900149776,0,0,1,1,0,1,1,0.5,0.3333333333333333,0.3333333333333333,0,0,3,0,1,1,8,3.0,0,0,0,0,1,0,0,0,0,28,1,0,0,1,1,0,0,0,0,0,0,0,7,26,2.0794415416798357,3.295836866004329
1.7week,0,0,0,0,0,1,1,0,0,0,1,0,0,0,1,0.5,0.5,0.0011025358324145535,906,906,0.0011025358324145535,0.9988974641675854,0,0,1,1,0,1,1,0.5,0.5,0.5,0,0,2,0,1,1,7,2.521640636343318,0,0,0,0,1,0,0,0,0,28,1,0,0,1,1,0,0,0,0,0,0,0,10,36,2.3978952727983707,3.6109179126442243
1.7zuoye,0,0,0,0,0,1,1,0,0,0,1,0,0,0,1,0.5,0.5,0.0011025358324145535,906,906,0.0011025358324145535,0.9988974641675854,0,0,1,1,0,1,1,0.5,0.5,0.5,0,0,2,0,1,1,8,3.0,0,0,0,0,1,0,0,0,0,28,1,0,0,1,1,0,0,0,0,0,0,0,10,33,2.3978952727983707,3.5263605246161616
1.8rikao,0,0,0,0,0,1,1,0,0,0,0,0,0,0,0,0.0,0.0,0.0,2001,1549,0.0004995004995004995,0.7737262737262737,0,0,1,1,0,1,1,0.5,1.0,1.0,0,0,2,0,1,1,8,3.0,0,0,0,0,1,0,0,0,0,28,1,0,0,1,1,0,0,0,0,0,0,0,9,35,2.302585092994046,3.58351893845611
1.8rk,0,0,0,0,0,1,1,0,0,0,0,0,0,0,0,0.0,0.0,0.0,2001,1549,0.0004995004995004995,0.7737262737262737,0,0,1,1,0,1,1,0.5,1.0,1.0,0,0,2,0,1,1,5,2.321928094887362,0,0,0,0,1,0,0,0,0,28,1,0,0,1,1,0,0,0,0,0,0,0,8,38,2.1972245773362196,3.6635616461296463
1.8rkgeyugen,0,0,0,0,0,1,1,0,0,0,1,0,0,0,1,0.5,0.5,0.0004995004995004995,2001,1549,0.0004995004995004995,0.7737262737262737,0,0,1,1,0,1,1,0.5,0.5,0.5,0,0,2,0,1,1,12,3.2516291673878226,0,0,0,0,1,1,1,3,2,28,0,0,0,1,1,0,0,0,0,0,0,0,6,31,1.9459101490553132,3.4657359027997265
1.9homework,0,0,0,0,0,1,1,0,0,0,0,0,0,0,0,0.0,0.0,0.0,1269,1269,0.0007874015748031496,0.9992125984251968,0,0,1,1,0,1,1,0.5,1.0,1.0,0,0,2,0,1,1,11,3.277613436819116,0,0,0,0,1,0,0,0,0,28,1,0,0,1,1,0,0,0,0,0,0,0,11,32,2.4849066497880004,3.4965075614664802
1.9work,0,0,0,0,0,1,1,0,0,0,0,0,0,0,0,0.0,0.0,0.0,1269,1269,0.0007874015748031496,0.9992125984251968,0,0,1,1,0,1,1,0.5,1.0,1.0,0,0,2,0,1,1,7,2.807354922057604,0,0,0,0,1,0,0,0,0,28,1,0,0,2,1,0,0,0,0,0,0,0,8,24,2.1972245773362196,3.2188758248682006
1.card,0,0,0,0,0,9,1,0,8,0,0,0,0,0,0,0.0,0.0,0.0,2193,1549,0.004102096627164996,0.7060164083865087,0,0,1,1,0,1,1,0.1,1.0,1.0,0,0,2,0,1,1,6,2.584962500721156,0,0,0,0,1,0,0,0,0,28,1,0,0,1,1,0,0,0,0,0,0,0,21,89,3.091042453358316,4.499809670330265
1.card-1,0,0,0,0,0,1,1,0,0,0,0,0,0,0,0,0.0,0.0,0.0,2192,1549,0.00045599635202918376,0.7063383492932056,0,0,1,1,0,1,1,0.5,1.0,1.0,0,0,3,1,1,1,8,2.75,0,0,0,0,1,0,0,0,0,28,1,0,0,1,1,0,0,0,0,0,0,0,9,26,2.302585092994046,3.295836866004329
1.custum,0,0,0,0,0,1,1,0,0,0,0,0,0,0,0,0.0,0.0,0.0,411,411,0.0024271844660194173,0.9975728155339806,0,0,0,1,0,1,1,0.5,1.0,1.0,0,0,2,0,1,1,8,2.75,0,0,0,0,1,0,0,0,0,28,1,0,0,1,1,0,0,0,0,0,0,0,6,28,1.9459101490553132,3.367295829986474
1.imple-calculator-rk,0,0,0,0,0,1,1,0,0,0,1,1,0,0,2,0.5,1.0,0.00125,799,799,0.00125,0.99875,0,0,1,1,0,1,1,0.5,0.3333333333333333,0.5,0,0,4,1,1,1,21,3.784941827437643,0,0,0,0,1,0,0,0,0,28,1,0,0,1,1,0,0,0,0,0,0,0,8,34,2.1972245773362196,3.5553480614894135
1.js,0,0,0,0,0,1,0,0,1,0,0,0,0,0,0,0.0,0.0,0.0,3553,1480,0.0002813731007315701,0.41643218908272367,0,0,1,1,0,1,1,0.5,1.0,1.0,0,0,2,0,1,1,4,2.0,0,0,0,0,1,1,0,0,0,28,1,0,0,1,1,0,0,0,0,0,0,0,9,33,2.302585092994046,3.5263605246161616
1.my-webpack,0,0,0,0,0,10,1,0,9,0,0,0,0,0,0,0.0,0.0,0.0,2497,1549,0.0040032025620496394,0.6200960768614892,0,0,1,1,0,1,1,0.09090909090909091,1.0,1.0,0,0,3,1,1,1,12,3.584962500721156,0,0,0,0,1,0,0,0,57,57,0,0,0,1,1,0,0,0,0,0,0,0,21,95,3.091042453358316,4.564348191467836
1.public-npm,0,0,0,0,0,2,1,0,1,0,0,4,0,0,4,0.0,1.3333333333333333,0.0,1453,1453,0.001375515818431912,0.9993122420907841,0,0,1,1,0,1,1,0.3333333333333333,0.2,1.0,0,0,3,1,1,1,12,3.418295834054489,0,0,0,0,1,0,0,0,0,28,1,0,0,1,1,0,0,0,0,0,0,0,5,30,1.791759469228055,3.4339872044851463
1.restaurantpackage,0,0,0,0,0,1,0,0,0,0,0,0,0,0,0,0.0,0.0,0.0,3061,1549,0.00032658393207054214,0.5058785107772698,0,0,1,1,0,1,1,0.5,1.0,1.0,0,0,2,0,1,1,19,3.5110854081804272,0,0,0,0,1,1,1,3,59,28,0,0,0,1,1,0,0,0,0,0,0,0,8,35,2.1972245773362196,3.58351893845611
10,0,0,0,0,0,1,0,0,1,0,0,0,0,0,0,0.0,0.0,0.0,4433,1480,0.0002255299954894001,0.33378439332431215,0,0,1,1,0,1,1,0.5,1.0,1.0,0,0,1,0,0,1,2,1.0,0,0,0,0,1,1,1,1,4,28,0,1,0,2,1,0,0,0,0,0,0,0,480,1930,6.175867270105761,7.565793282428515
10-01-2017,0,0,0,0,0,1,1,0,0,0,0,0,0,0,0,0.0,0.0,0.0,3459,1480,0.00028901734104046245,0.4277456647398844,0,0,1,1,0,1,1,0.5,1.0,1.0,0,0,3,1,0,1,10,2.1709505944546685,0,0,0,0,1,1,1,1,20,28,0,0,0,1,1,0,0,0,0,0,0,0,10,39,2.3978952727983707,3.6888794541139363
10-04aprph,0,0,0,0,0,2,1,1,0,0,4,2,0,0,6,1.3333333333333333,2.0,0.003372681281618887,1185,1185,0.0016863406408094434,0.9991568296795953,0,0,1,1,0,1,1,0.3333333333333333,0.14285714285714285,0.2,0,0,2,1,0,1,10,2.9219280948873623,0,0,0,0,1,0,0,0,0,28,1,0,0,1,1,0,0,0,0,0,0,0,10,42,2.3978952727983707,3.7612001156935624
10-09zhoukao1,0,0,0,0,0,1,1,0,0,0,0,0,0,0,0,0.0,0.0,0.0,2457,1549,0.0004068348250610252,0.630187144019528,0,0,1,1,0,1,1,0.5,1.0,1.0,0,0,2,1,0,1,13,3.238901256602631,0,0,0,0,1,0,0,0,35,28,0,0,0,1,1,0,0,0,0,0,0,0,9,37,2.302585092994046,3.6375861597263857
10-10,0,0,0,0,0,1,1,0,0,0,0,0,0,0,0,0.0,0.0,0.0,3319,1480,0.00030120481927710846,0.4457831325301205,0,0,1,1,0,1,1,0.5,1.0,1.0,0,0,2,1,0,1,5,1.5219280948873621,0,0,0,0,1,0,0,0,0,28,1,0,0,1,1,0,0,0,0,0,0,0,11,35,2.4849066497880004,3.58351893845611
10-11jmyzy,0,0,0,0,0,2,1,1,0,0,0,0,0,0,0,0.0,0.0,0.0,1359,1359,0.0014705882352941176,0.9992647058823529,0,0,1,1,0,1,1,0.3333333333333333,1.0,1.0,0,0,2,1,0,1,10,2.6464393446710153,0,0,0,0,1,0,0,0,0,28,1,0,0,1,1,0,0,0,0,0,0,0,13,42,2.6390573296152584,3.7612001156935624
10-12,0,0,0,0,0,1,1,0,0,0,0,0,0,0,0,0.0,0.0,0.0,2088,1549,0.0004786979415988511,0.7415031115366204,0,0,1,1,0,1,1,0.5,1.0,1.0,0,0,2,1,0,1,5,1.9219280948873623,0,0,0,0,1,0,0,0,0,28,1,0,0,1,1,0,0,0,0,0,0,0,8,26,2.1972245773362196,3.295836866004329
10-12homework,0,0,0,0,0,1,1,0,0,0,0,0,0,0,0,0.0,0.0,0.0,2088,1549,0.0004786979415988511,0.7415031115366204,0,0,1,1,0,1,1,0.5,1.0,1.0,0,0,2,1,0,1,13,3.3927474104487847,0,0,0,0,1,0,0,0,0,28,1,0,0,1,1,0,0,0,0,0,0,0,10,34,2.3978952727983707,3.5553480614894135
10-13,0,0,0,0,0,2,1,0,1,0,0,0,0,0,0,0.0,0.0,0.0,2088,1549,0.0009573958831977022,0.7415031115366204,0,0,1,1,0,1,1,0.3333333333333333,1.0,1.0,0,0,2,1,0,1,5,1.9219280948873623,0,0,0,0,1,0,0,0,0,28,1,0,0,1,1,0,0,0,0,0,0,0,6,40,1.9459101490553132,3.713572066704308
10-13-2025,0,0,0,0,0,1,1,0,0,0,0,1,0,0,1,0.0,0.5,0.0,260,260,0.0038314176245210726,0.9961685823754789,0,0,0,1,0,1,1,0.5,0.5,1.0,0,0,3,1,0,1,10,2.5219280948873624,0,0,0,0,1,0,0,0,0,28,1,0,0,1,1,0,0,0,0,0,0,0,10,30,2.3978952727983707,3.4339872044851463
10-15-2025,0,0,0,0,0,1,1,0,0,0,0,0,0,0,0,0.0,0.0,0.0,259,259,0.0038461538461538464,0.9961538461538462,0,0,0,1,0,1,1,0.5,1.0,1.0,0,0,3,1,0,1,10,2.321928094887362,0,0,0,0,1,0,0,0,0,28,1,0,0,1,1,0,0,0,0,0,0,0,7,28,2.0794415416798357,3.367295829986474
10-19,0,0,0,0,0,1,1,0,0,0,0,0,0,0,0,0.0,0.0,0.0,1716,1549,0.0005824111822947001,0.9021549213744904,0,0,1,1,0,1,1,0.5,1.0,1.0,0,0,2,1,0,1,5,1.9219280948873623,0,0,0,0,1,0,0,0,0,28,1,0,0,1,1,0,0,0,0,0,0,0,7,24,2.0794415416798357,3.2188758248682006
10-20-day-exam,0,0,0,0,0,1,1,0,0,0,5,0,0,0,5,2.5,2.5,0.0029120559114735,1716,1549,0.0005824111822947001,0.9021549213744904,0,0,1,1,0,1,1,0.5,0.16666666666666666,0.16666666666666666,0,0,4,1,0,1,14,3.182005814760214,0,0,0,0,1,0,0,0,0,28,1,0,0,1,1,0,0,0,0,0,0,0,6,28,1.9459101490553132,3.367295829986474
10-20-publish-ly,0,0,0,0,0,1,1,0,0,0,0,0,0,0,0,0.0,0.0,0.0,2080,1549,0.0004805382027871216,0.7443536761172513,0,0,1,1,0,1,1,0.5,1.0,1.0,0,0,4,1,0,1,16,3.452819531114783,0,0,0,0,1,0,0,0,0,28,1,0,0,1,1,0,0,0,0,0,0,0,10,34,2.3978952727983707,3.5553480614894135
10-20rk,0,0,0,0,0,1,1,0,0,0,0,0,0,0,0,0.0,0.0,0.0,1716,1549,0.0005824111822947001,0.9021549213744904,0,0,1,1,0,1,1,0.5,1.0,1.0,0,0,2,1,0,1,7,2.521640636343318,0,0,0,0,1,0,0,0,0,28,1,0,0,1,1,0,0,0,0,0,0,0,9,40,2.302585092994046,3.713572066704308
10-21,0,0,0,0,0,1,1,0,0,0,1,0,0,0,1,0.5,0.5,0.0004807692307692308,2079,1549,0.0004807692307692308,0.7447115384615385,0,0,1,1,0,1,1,0.5,0.5,0.5,0,0,2,1,0,1,5,1.9219280948873623,0,0,0,0,1,0,0,0,0,28,1,0,0,1,1,0,0,0,0,0,0,0,10,31,2.3978952727983707,3.4657359027997265
10-21-landing,0,0,0,0,0,1,0,0,1,0,0,0,0,0,0,0.0,0.0,0.0,3310,1549,0.0003020235578375113,0.46783449109030506,0,0,1,1,0,1,1,0.5,1.0,1.0,0,0,3,1,0,1,13,3.238901256602631,1,1,1,1,0,0,0,0,24,328,0,0,0,0,0,0,0,0,0,0,0,0,23,255,3.1780538303479458,5.545177444479562
10-21-ly-change,0,0,0,0,0,1,1,0,0,0,0,0,0,0,0,0.0,0.0,0.0,2079,1549,0.0004807692307692308,0.7447115384615385,0,0,1,1,0,1,1,0.5,1.0,1.0,0,0,4,1,0,1,15,3.4565647621309536,0,0,0,0,1,0,0,0,0,28,1,0,0,1,1,0,0,0,0,0,0,0,7,26,2.0794415416798357,3.295836866004329
10-21-ly-change2,0,0,0,0,0,1,1,0,0,0,0,0,0,0,0,0.0,0.0,0.0,2079,1549,0.0004807692307692308,0.7447115384615385,0,0,1,1,0,1,1,0.5,1.0,1.0,0,0,4,1,0,1,16,3.452819531114783,0,0,0,0,1,0,0,0,0,28,1,0,0,1,1,0,0,0,0,0,0,0,7,31,2.0794415416798357,3.4657359027997265
10-21-publish-ly,0,0,0,0,0,1,1,0,0,0,0,0,0,0,0,0.0,0.0,0.0,2079,1549,0.0004807692307692308,0.7447115384615385,0,0,1,1,0,1,1,0.5,1.0,1.0,0,0,4,1,0,1,16,3.452819531114783,0,0,0,0,1,0,0,0,0,28,1,0,0,1,1,0,0,0,0,0,0,0,10,39,2.3978952727983707,3.6888794541139363
10-21-zjq,0,0,0,0,0,1,1,0,0,0,0,0,0,0,0,0.0,0.0,0.0,2079,1549,0.0004807692307692308,0.7447115384615385,0,0,1,1,0,1,1,0.5,1.0,1.0,0,0,3,1,0,1,9,2.725480556997868,0,0,0,0,1,0,0,0,0,28,1,0,0,1,1,0,0,0,0,0,0,0,10,31,2.3978952727983707,3.4657359027997265
10-211,0,0,0,0,0,1,1,0,0,0,1,0,0,0,1,0.5,0.5,0.0004807692307692308,2079,1549,0.0004807692307692308,0.7447115384615385,0,0,1,1,0,1,1,0.5,0.5,0.5,0,0,2,1,0,1,6,1.7924812503605778,0,0,0,0,1,0,0,0,0,28,1,0,0,1,1,0,0,0,0,0,0,0,7,29,2.0794415416798357,3.4011973816621555
10-22-ly-copy,0,0,0,0,0,1,1,0,0,0,0,0,0,0,0,0.0,0.0,0.0,2079,1549,0.0004807692307692308,0.7447115384615385,0,0,1,1,0,1,1,0.5,1.0,1.0,0,0,4,1,0,1,13,3.0269868333592873,0,0,0,0,1,0,0,0,0,28,1,0,0,1,1,0,0,0,0,0,0,0,10,40,2.3978952727983707,3.713572066704308
10-22rikao,0,0,0,0,0,1,1,0,0,0,1,0,0,0,1,0.5,0.5,0.0004807692307692308,2079,1549,0.0004807692307692308,0.7447115384615385,0,0,1,1,0,1,1,0.5,0.5,0.5,0,0,2,1,0,1,10,3.121928094887362,0,0,0,0,1,0,0,0,0,28,1,0,0,1,1,0,0,0,0,0,0,0,10,37,2.3978952727983707,3.6375861597263857
10-24-dars,0,0,0,0,0,1,1,0,0,0,2,1,0,0,3,1.0,1.5,0.0014074595355383533,1420,1420,0.0007037297677691766,0.9992962702322308,0,0,1,1,0,1,1,0.5,0.25,0.3333333333333333,0,0,3,1,0,1,10,3.121928094887362,0,0,0,0,1,0,0,0,0,28,1,0,0,1,1,0,0,0,0,0,0,0,8,31,2.1972245773362196,3.4657359027997265
10-25,0,0,0,0,0,1,1,0,0,0,0,0,0,0,0,0.0,0.0,0.0,1711,1549,0.0005841121495327102,0.9047897196261683,0,0,1,1,0,1,1,0.5,1.0,1.0,0,0,2,1,0,1,5,2.321928094887362,0,0,0,0,1,0,0,0,0,28,1,0,0,1,1,0,0,0,0,0,0,0,10,39,2.3978952727983707,3.6888794541139363
10-26,0,0,0,0,0,1,1,0,0,0,0,0,0,0,0,0.0,0.0,0.0,2075,1549,0.0004816955684007707,0.7461464354527938,0,0,1,1,0,1,1,0.5,1.0,1.0,0,0,2,1,0,1,5,2.321928094887362,0,0,0,0,1,0,0,0,0,28,1,0,0,1,1,0,0,0,0,0,0,0,7,26,2.0794415416798357,3.295836866004329
10-26-node-ly,0,0,0,0,0,1,1,0,0,0,0,0,0,0,0,0.0,0.0,0.0,2075,1549,0.0004816955684007707,0.7461464354527938,0,0,1,1,0,1,1,0.5,1.0,1.0,0,0,4,1,0,1,13,3.334679141051595,0,0,0,0,1,0,0,0,0,28,1,0,0,1,1,0,0,0,0,0,0,0,11,31,2.4849066497880004,3.4657359027997265
10-9,0,0,0,0,0,1,1,0,0,0,0,0,0,0,0,0.0,0.0,0.0,3188,1549,0.00031357792411414236,0.4857322044528065,0,0,1,1,0,1,1,0.5,1.0,1.0,0,0,2,1,0,1,4,2.0,0,0,0,0,1,0,0,0,0,28,1,0,0,1,1,0,0,0,0,0,0,0,7,27,2.0794415416798357,3.332204510175204
10-9week01,0,0,0,0,0,1,1,0,0,0,0,0,0,0,0,0.0,0.0,0.0,3188,1549,0.00031357792411414236,0.4857322044528065,0,0,1,1,0,1,1,0.5,1.0,1.0,0,0,2,1,0,1,10,2.7219280948873625,0,0,0,0,1,0,0,0,0,28,1,0,0,1,1,0,0,0,0,0,0,0,10,34,2.3978952727983707,3.5553480614894135
10-aamir-letters-and-words-counter-cli,0,0,0,0,0,1,1,0,0,0,1,1,0,0,2,0.5,1.0,0.0013550135501355014,737,737,0.0013550135501355014,0.9986449864498645,0,0,1,1,0,1,1,0.5,0.3333333333333333,0.5,0,0,7,1,0,1,38,3.885442315790497,0,0,0,0,1,1,0,0,0,28,1,0,0,1,1,0,0,0,0,0,0,0,6,23,1.9459101490553132,3.1780538303479458
10-aktsii-gazproma-kupit-oksfg5uh9,0,0,0,0,0,1,1,0,0,0,0,0,0,0,0,0.0,0.0,0.0,1167,1167,0.0008561643835616438,0.9991438356164384,0,0,1,1,0,1,1,0.5,1.0,1.0,0,0,5,1,0,1,34,4.0796786498829745,0,0,0,0,1,1,0,0,34,4,0,0,0,1,1,0,0,0,0,0,0,0,6,26,1.9459101490553132,3.295836866004329
10-anosha-mybank,0,0,0,0,0,1,1,0,0,0,1,1,0,0,2,0.5,1.0,0.001392757660167131,717,717,0.001392757660167131,0.9986072423398329,0,0,0,1,0,1,1,0.5,0.3333333333333333,0.5,0,0,3,1,0,1,16,3.452819531114783,0,0,0,0,1,1,0,0,47,28,0,0,0,1,1,0,0,0,0,0,0,0,9,38,2.302585092994046,3.6635616461296463
10-atm,0,0,0,0,0,1,1,0,1,0,2,1,0,0,3,1.0,1.5,0.0024449877750611247,817,817,0.0012224938875305623,0.9987775061124694,0,0,1,1,0,1,1,0.5,0.25,0.3333333333333333,0,0,2,1,0,1,6,2.584962500721156,0,0,0,0,1,0,0,0,0,28,1,0,0,1,1,0,0,0,0,0,0,0,9,31,2.302585092994046,3.4657359027997265
10-calculator-bmi,0,0,0,0,0,1,1,0,0,0,1,2,0,0,3,0.5,1.5,0.0012004801920768306,832,832,0.0012004801920768306,0.9987995198079231,0,0,1,1,0,1,1,0.5,0.25,0.5,0,0,3,1,0,1,17,3.6168746059562227,0,0,0,0,1,0,0,0,0,28,1,0,0,1,1,0,0,0,0,0,0,0,7,25,2.0794415416798357,3.258096538021482
10-cintak,0,0,0,0,0,1,1,2,0,0,5,0,0,0,5,2.5,2.5,0.006561679790026247,761,761,0.0013123359580052493,0.9986876640419947,0,0,1,1,0,1,1,0.5,0.16666666666666666,0.16666666666666666,0,0,2,1,0,1,9,3.169925001442312,1,1,0,0,1,0,1,1,0,28,1,0,0,1,1,0,0,0,0,0,0,0,7,28,2.0794415416798357,3.367295829986474
10-countdowntimer,0,0,0,0,0,1,1,0,0,0,4,3,0,0,7,2.0,3.5,0.004672897196261682,855,855,0.0011682242990654205,0.9988317757009346,0,0,1,1,0,1,1,0.5,0.125,0.2,0,0,2,1,0,1,17,3.734521664779752,0,0,0,0,1,0,0,0,105,836,0,0,0,1,1,0,0,0,0,0,0,0,13,37,2.6390573296152584,3.6375861597263857
10-dinah,0,0,0,0,0,1,4,2,0,0,5,0,0,0,5,2.5,2.5,0.006561679790026247,761,761,0.0013123359580052493,0.9986876640419947,0,0,1,1,0,1,1,0.5,0.16666666666666666,0.16666666666666666,0,0,2,1,0,1,8,3.0,1,1,0,0,1,0,1,1,0,28,1,0,0,1,1,0,0,0,0,0,0,0,9,33,2.302585092994046,3.5263605246161616
10-hasan-word-counter-cli,0,0,0,0,0,1,1,0,0,0,1,1,0,0,2,0.5,1.0,0.0013333333333333333,749,749,0.0013333333333333333,0.9986666666666667,0,0,1,1,0,1,1,0.5,0.3333333333333333,0.5,0,0,5,1,0,1,25,3.9238561897747237,0,0,0,0,1,1,0,0,81,28,0,0,0,1,1,0,0,0,0,0,0,0,10,29,2.3978952727983707,3.4011973816621555
10-ib-letters-and-words-counter-cli,0,0,0,0,0,1,1,0,0,0,1,1,0,0,2,0.5,1.0,0.0013245033112582781,754,754,0.0013245033112582781,0.9986754966887417,0,0,1,1,0,1,1,0.5,0.3333333333333333,0.5,0,0,7,1,0,1,35,3.8785848023501845,0,0,0,0,1,1,0,0,0,28,1,0,0,1,1,0,0,0,0,0,0,0,6,30,1.9459101490553132,3.4339872044851463
10-jr-word-counter-cli,0,0,0,0,0,1,1,0,0,0,1,1,0,0,2,0.5,1.0,0.0013333333333333333,749,749,0.0013333333333333333,0.9986666666666667,0,0,1,1,0,1,1,0.5,0.3333333333333333,0.5,0,0,5,1,0,1,22,3.6978458230844113,0,0,0,0,1,1,0,0,23,28,0,0,0,1,1,0,0,0,0,0,0,0,7,27,2.0794415416798357,3.332204510175204
10-js-pro-course-npm-package,0,0,0,0,0,2,2,0,0,0,1,1,0,0,2,0.3333333333333333,0.6666666666666666,0.0005688282138794084,1757,1549,0.0011376564277588168,0.8811149032992036,0,0,1,1,0,1,1,0.3333333333333333,0.3333333333333333,0.5,0,0,6,1,0,1,28,3.7943360657504517,0,0,0,0,1,0,0,0,0,28,1,0,0,1,1,0,0,0,0,0,0,0,14,53,2.70805020110221,3.9889840465642745
10-jsprofessional,0,0,0,0,0,1,1,0,0,0,0,2,0,0,2,0.0,1.0,0.0,1253,1253,0.0007974481658692185,0.9992025518341308,0,0,1,1,0,1,1,0.5,0.3333333333333333,1.0,0,0,2,1,0,1,17,3.6901165175936654,0,0,0,0,1,1,1,2,33,28,0,0,0,1,1,0,0,0,0,0,0,0,10,35,2.3978952727983707,3.58351893845611
10-kt-words-and-letters-counter-cli,0,0,0,0,0,1,1,0,0,0,1,1,0,0,2,0.5,1.0,0.0013333333333333333,749,749,0.0013333333333333333,0.9986666666666667,0,0,1,1,0,1,1,0.5,0.3333333333333333,0.5,0,0,7,1,0,1,35,3.843010159554855,0,0,0,0,1,1,0,0,46,28,0,0,0,1,1,0,0,0,0,0,0,0,7,33,2.0794415416798357,3.5263605246161616
10-library,0,0,0,0,0,2,1,0,2,0,0,5,0,0,5,0.0,1.6666666666666667,0.0,1261,1261,0.001584786053882726,0.9992076069730587,0,0,1,1,0,1,1,0.3333333333333333,0.16666666666666666,1.0,0,0,2,1,0,1,10,3.1219280948873624,0,0,0,0,1,0,0,0,0,28,1,0,0,1,1,0,0,0,0,0,0,0,11,45,2.4849066497880004,3.828641396489095
10-malik_nasir-word-counter-cli-ib,0,0,0,0,0,1,1,0,0,0,2,1,0,0,3,1.0,1.5,0.0026917900403768506,742,742,0.0013458950201884253,0.9986541049798116,0,0,1,1,0,1,1,0.5,0.25,0.3333333333333333,0,0,7,1,0,1,34,4.07674143017386,0,0,0,0,1,1,0,0,0,28,1,0,0,1,1,0,0,0,0,0,0,0,9,31,2.302585092994046,3.4657359027997265
10-mundai,0,0,0,0,0,1,1,2,0,0,5,0,0,0,5,2.5,2.5,0.006561679790026247,761,761,0.0013123359580052493,0.9986876640419947,0,0,1,1,0,1,1,0.5,0.16666666666666666,0.16666666666666666,0,0,2,1,0,1,9,3.169925001442312,1,1,0,0,1,0,1,1,0,28,1,0,0,1,1,0,0,0,0,0,0,0,6,29,1.9459101490553132,3.4011973816621555
10-nauhadas,0,0,0,0,0,1,1,2,0,0,5,0,0,0,5,2.5,2.5,0.006561679790026247,761,761,0.0013123359580052493,0.9986876640419947,0,0,1,1,0,1,1,0.5,0.16666666666666666,0.16666666666666666,0,0,2,1,0,1,11,3.027169118440619,1,1,0,0,1,0,1,1,0,28,1,0,0,1,1,0,0,0,0,0,0,0,9,29,2.302585092994046,3.4011973816621555
10-print-maze,0,0,0,0,0,1,1,0,2,0,0,3,0,0,3,0.0,1.5,0.0,142,142,0.006993006993006993,0.993006993006993,0,0,0,1,0,1,1,0.5,0.25,1.0,0,0,3,1,0,1,13,3.546593564294939,1,1,1,1,1,1,1,8,57,1171,0,0,0,61,1,0,0,0,1,1,1,1,14,37,2.70805020110221,3.6375861597263857
10-program-oop,0,0,0,0,0,1,1,0,0,0,2,1,0,0,3,1.0,1.5,0.002600780234070221,768,768,0.0013003901170351106,0.9986996098829649,0,0,1,1,0,1,1,0.5,0.25,0.3333333333333333,0,0,3,1,0,1,14,3.039148671903071,0,0,0,0,1,0,0,0,0,28,1,0,0,1,1,0,0,0,0,0,0,0,9,32,2.302585092994046,3.4965075614664802
10-random-color,0,0,0,0,0,1,1,0,0,0,1,0,0,0,1,0.5,0.5,0.001128668171557562,885,885,0.001128668171557562,0.9988713318284425,0,0,1,1,0,1,1,0.5,0.5,0.5,0,0,3,1,0,1,15,3.32323142879762,0,0,0,0,1,0,0,0,0,28,1,0,0,1,1,0,0,0,0,0,0,0,9,33,2.302585092994046,3.5263605246161616
10-rinjal,0,0,0,0,0,1,1,2,0,0,5,0,0,0,5,2.5,2.5,0.006561679790026247,761,761,0.0013123359580052493,0.9986876640419947,0,0,1,1,0,1,1,0.5,0.16666666666666666,0.16666666666666666,0,0,2,1,0,1,9,3.169925001442312,1,1,0,0,1,0,1,1,0,28,1,0,0,1,1,0,0,0,0,0,0,0,9,32,2.302585092994046,3.4965075614664802
10-shades-of,0,0,0,0,0,8,1,0,7,0,0,0,0,0,0,0.0,0.0,0.0,1680,1549,0.004759071980963712,0.9214753123140987,0,0,1,1,0,1,1,0.1111111111111111,1.0,1.0,0,0,3,1,0,1,12,3.2516291673878226,1,1,1,1,1,0,0,0,30,28,0,0,0,0,0,0,0,0,0,0,0,0,20,96,3.044522437723423,4.574710978503383
10-top-kriptovaliut-dlia-investitsii-obbp4w1vl,0,0,0,0,0,1,1,0,0,0,0,0,0,0,0,0.0,0.0,0.0,1167,1167,0.0008561643835616438,0.9991438356164384,0,0,1,1,0,1,1,0.5,1.0,1.0,0,0,6,1,0,1,46,4.004207273188953,0,0,0,0,1,1,0,0,46,4,0,0,0,1,1,0,0,0,0,0,0,0,10,33,2.3978952727983707,3.5263605246161616
10-ways-to-improve-your-credit-score-fz9hxvfbw,0,0,0,0,0,1,1,0,0,0,0,0,0,0,0,0.0,0.0,0.0,1168,1168,0.000855431993156544,0.9991445680068435,0,0,1,1,0,1,1,0.5,1.0,1.0,0,0,8,1,0,1,46,4.297336478740346,0,0,0,0,1,1,0,0,46,4,0,0,0,1,1,0,0,0,0,0,0,0,44,122,3.8066624897703196,4.812184355372417
10-ways-to-raise-your-credit-score-96fqewlta,0,0,0,0,0,1,1,0,0,0,0,0,0,0,0,0.0,0.0,0.0,1168,1168,0.000855431993156544,0.9991445680068435,0,0,1,1,0,1,1,0.5,1.0,1.0,0,0,8,1,0,1,44,4.03508992629509,0,0,0,0,1,1,0,0,44,4,0,0,0,1,1,0,0,0,0,0,0,0,49,134,3.912023005428146,4.90527477843843
10-webpacklibrary,0,0,0,0,0,1,1,0,0,0,3,0,0,0,3,1.5,1.5,0.002210759027266028,1356,1356,0.0007369196757553427,0.9992630803242447,0,0,1,1,0,1,1,0.5,0.25,0.25,0,0,2,1,0,1,17,3.734521664779752,0,0,0,0,1,0,0,0,0,28,1,0,0,1,1,0,0,0,0,0,0,0,6,25,1.9459101490553132,3.258096538021482
10-word-counter-cli,0,0,0,0,0,1,1,0,0,0,1,1,0,0,2,0.5,1.0,0.0013351134846461949,748,748,0.0013351134846461949,0.9986648865153538,0,0,1,1,0,1,1,0.5,0.3333333333333333,0.5,0,0,4,1,0,1,19,3.681880802803402,0,0,0,0,1,0,0,0,0,28,1,0,0,1,1,0,0,0,0,0,0,0,9,34,2.302585092994046,3.5553480614894135
10.-publish-a-package-sussy-amogus445,0,0,0,0,0,2,1,1,0,0,0,0,0,0,0,0.0,0.0,0.0,1737,1549,0.0011507479861910242,0.8912543153049483,0,0,1,1,0,1,1,0.3333333333333333,1.0,1.0,0,0,7,1,1,1,37,4.075016380465786,0,0,0,0,1,0,0,0,0,28,1,0,0,1,1,0,0,0,0,0,0,0,10,38,2.3978952727983707,3.6635616461296463
10.12rizuoye,0,0,0,0,0,1,1,0,0,0,0,0,0,0,0,0.0,0.0,0.0,2073,1549,0.00048216007714561236,0.7468659594985535,0,0,1,1,0,1,1,0.5,1.0,1.0,0,0,2,0,1,1,12,3.418295834054489,0,0,0,0,1,0,0,0,0,28,1,0,0,1,1,0,0,0,0,0,0,0,6,26,1.9459101490553132,3.295836866004329
10.13-2,0,0,0,0,0,1,1,0,0,0,0,0,0,0,0,0.0,0.0,0.0,1357,1357,0.0007363770250368188,0.9992636229749632,0,0,1,1,0,1,1,0.5,1.0,1.0,0,0,3,1,1,1,7,2.5216406363433186,0,0,0,0,1,0,0,0,0,28,1,0,0,1,1,0,0,0,0,0,0,0,6,23,1.9459101490553132,3.1780538303479458
10.13-rk,0,0,0,0,0,1,1,0,0,0,0,0,0,0,0,0.0,0.0,0.0,2088,1549,0.0004786979415988511,0.7415031115366204,0,0,1,1,0,1,1,0.5,1.0,1.0,0,0,3,1,1,1,8,2.75,0,0,0,0,1,0,0,0,0,28,1,0,0,1,1,0,0,0,0,0,0,0,11,31,2.4849066497880004,3.4657359027997265
10.13zuoye,0,0,0,0,0,1,1,0,0,0,0,0,0,0,0,0.0,0.0,0.0,1357,1357,0.0007363770250368188,0.9992636229749632,0,0,1,1,0,1,1,0.5,1.0,1.0,0,0,2,0,1,1,10,3.121928094887362,0,0,0,0,1,0,0,0,0,28,1,0,0,1,1,0,0,0,0,0,0,0,11,32,2.4849066497880004,3.4965075614664802
10.13zy,0,0,0,0,0,1,1,0,0,0,0,0,0,0,0,0.0,0.0,0.0,1357,1357,0.0007363770250368188,0.9992636229749632,0,0,1,1,0,1,1,0.5,1.0,1.0,0,0,2,0,1,1,7,2.5216406363433186,0,0,0,0,1,0,0,0,0,28,1,0,0,1,1,0,0,0,0,0,0,0,11,32,2.4849066497880004,3.4965075614664802
10.13zy1,0,0,0,0,0,1,1,0,0,0,5,8,0,0,13,2.5,6.5,0.003681885125184094,1357,1357,0.0007363770250368188,0.9992636229749632,0,0,1,1,0,1,1,0.5,0.07142857142857142,0.16666666666666666,0,0,2,0,1,1,8,2.4056390622295662,0,0,0,0,1,0,0,0,0,28,1,0,0,1,1,0,0,0,0,0,0,0,6,29,1.9459101490553132,3.4011973816621555
10.14_rks,0,0,0,0,0,2,1,0,1,0,0,0,0,0,0,0.0,0.0,0.0,1357,1357,0.0014727540500736377,0.9992636229749632,0,0,1,1,0,1,1,0.3333333333333333,1.0,1.0,0,0,3,0,1,1,9,2.94770277922009,0,0,0,0,1,0,0,0,0,28,1,0,0,1,1,0,0,0,0,0,0,0,11,42,2.4849066497880004,3.7612001156935624
10.14_src,0,0,0,0,0,2,1,0,1,0,0,0,0,0,0,0.0,0.0,0.0,2087,1549,0.0009578544061302681,0.7418582375478927,0,0,1,1,0,1,1,0.3333333333333333,1.0,1.0,0,0,3,0,1,1,9,2.94770277922009,0,0,0,0,1,0,0,0,0,28,1,0,0,1,1,0,0,0,0,0,0,0,10,37,2.3978952727983707,3.6375861597263857
10.14day2,0,0,0,0,0,1,1,0,0,0,2,0,0,0,2,1.0,1.0,0.0009578544061302681,2087,1549,0.0004789272030651341,0.7418582375478927,0,0,1,1,0,1,1,0.5,0.3333333333333333,0.3333333333333333,0,0,2,0,1,1,9,2.94770277922009,0,0,0,0,1,0,0,0,0,28,1,0,0,1,1,0,0,0,0,0,0,0,9,35,2.302585092994046,3.58351893845611
10.14hhhh,0,0,0,0,0,1,1,0,0,0,0,0,0,0,0,0.0,0.0,0.0,1356,1356,0.0007369196757553427,0.9992630803242447,0,0,1,1,0,1,1,0.5,1.0,1.0,0,0,2,0,1,1,9,2.0588138903312014,0,0,0,0,1,0,0,0,0,28,1,0,0,1,1,0,0,0,0,0,0,0,11,36,2.4849066497880004,3.6109179126442243
10.14ks,0,0,0,0,0,1,1,0,0,0,0,0,0,0,0,0.0,0.0,0.0,1356,1356,0.0007369196757553427,0.9992630803242447,0,0,1,1,0,1,1,0.5,1.0,1.0,0,0,2,0,1,1,7,2.5216406363433186,0,0,0,0,1,0,0,0,0,28,1,0,0,1,1,0,0,0,0,0,0,0,10,28,2.3978952727983707,3.367295829986474
10.14kt,0,0,0,0,0,1,1,0,0,0,0,0,0,0,0,0.0,0.0,0.0,1357,1357,0.0007363770250368188,0.9992636229749632,0,0,1,1,0,1,1,0.5,1.0,1.0,0,0,2,0,1,1,7,2.5216406363433186,0,0,0,0,1,0,0,0,0,28,1,0,0,1,1,0,0,0,0,0,0,0,11,34,2.4849066497880004,3.5553480614894135
10.14kt1,0,0,0,0,0,1,1,0,0,0,0,0,0,0,0,0.0,0.0,0.0,1357,1357,0.0007363770250368188,0.9992636229749632,0,0,1,1,0,1,1,0.5,1.0,1.0,0,0,2,0,1,1,8,2.4056390622295662,0,0,0,0,1,0,0,0,0,28,1,0,0,1,1,0,0,0,0,0,0,0,10,31,2.3978952727983707,3.4657359027997265
10.14rccxxx,0,0,0,0,0,1,1,0,0,0,0,0,0,0,0,0.0,0.0,0.0,1356,1356,0.0007369196757553427,0.9992630803242447,0,0,1,1,0,1,1,0.5,1.0,1.0,0,0,2,0,1,1,11,2.663532754804255,0,0,0,0,1,0,0,0,0,28,1,0,0,1,1,0,0,0,0,0,0,0,10,35,2.3978952727983707,3.58351893845611
10.14rk,0,0,0,0,0,2,1,0,1,0,0,0,0,0,0,0.0,0.0,0.0,2087,1549,0.0009578544061302681,0.7418582375478927,0,0,1,1,0,1,1,0.3333333333333333,1.0,1.0,0,0,2,0,1,1,7,2.5216406363433186,0,0,0,0,1,0,0,0,0,28,1,0,0,1,1,0,0,0,0,0,0,0,10,44,2.3978952727983707,3.8066624897703196
10.14rk__yjw,0,0,0,0,0,1,1,0,0,0,0,0,0,0,0,0.0,0.0,0.0,1356,1356,0.0007369196757553427,0.9992630803242447,0,0,1,1,0,1,1,0.5,1.0,1.0,0,0,4,0,1,1,12,3.2516291673878226,0,0,0,0,1,0,0,0,0,28,1,0,0,1,1,0,0,0,0,0,0,0,11,31,2.4849066497880004,3.4657359027997265
10.18zy1,0,0,0,0,0,1,1,0,0,0,2,0,0,0,2,1.0,1.0,0.0011641443538998836,1717,1549,0.0005820721769499418,0.9016298020954598,0,0,1,1,0,1,1,0.5,0.3333333333333333,0.3333333333333333,0,0,2,0,1,1,8,2.4056390622295662,0,0,0,0,1,0,0,0,0,28,1,0,0,1,1,0,0,0,0,0,0,0,9,40,2.302585092994046,3.713572066704308
10.19-1,0,0,0,0,0,1,1,0,0,0,0,2,0,0,2,0.0,1.0,0.0,2082,1549,0.00048007681228996637,0.743638982237158,0,0,1,1,0,1,1,0.5,0.3333333333333333,1.0,0,0,3,1,1,1,7,2.1280852788913944,0,0,0,0,1,0,0,0,0,28,1,0,0,1,1,0,0,0,0,0,0,0,7,30,2.0794415416798357,3.4339872044851463
10.19week1,0,0,0,0,0,1,1,0,0,0,2,0,0,0,2,1.0,1.0,0.0009601536245799327,2082,1549,0.00048007681228996637,0.743638982237158,0,0,1,1,0,1,1,0.5,0.3333333333333333,0.3333333333333333,0,0,2,0,1,1,10,2.6464393446710157,0,0,0,0,1,0,0,0,0,28,1,0,0,1,1,0,0,0,0,0,0,0,7,33,2.0794415416798357,3.5263605246161616
10.19weesadsk1,0,0,0,0,0,1,1,0,0,0,2,0,0,0,2,1.0,1.0,0.0009601536245799327,2082,1549,0.00048007681228996637,0.743638982237158,0,0,1,1,0,1,1,0.5,0.3333333333333333,0.3333333333333333,0,0,2,0,1,1,14,3.182005814760214,0,0,0,0,1,0,0,0,0,28,1,0,0,1,1,0,0,0,0,0,0,0,7,32,2.0794415416798357,3.4965075614664802
10.19zk1,0,0,0,0,0,1,1,0,0,0,2,0,0,0,2,1.0,1.0,0.0009601536245799327,2082,1549,0.00048007681228996637,0.743638982237158,0,0,1,1,0,1,1,0.5,0.3333333333333333,0.3333333333333333,0,0,2,0,1,1,8,2.4056390622295662,0,0,0,0,1,0,0,0,0,28,1,0,0,1,1,0,0,0,0,0,0,0,6,32,1.9459101490553132,3.4965075614664802
10.19zy,0,0,0,0,0,1,1,1,0,0,0,0,0,0,0,0.0,0.0,0.0,1716,1549,0.0005824111822947001,0.9021549213744904,0,0,1,1,0,1,1,0.5,1.0,1.0,0,0,2,0,1,1,7,2.5216406363433186,0,0,0,0,1,0,0,0,0,28,1,0,0,1,1,0,0,0,0,0,0,0,5,24,1.791759469228055,3.2188758248682006
10.19zy_2zy,0,0,0,0,0,1,1,0,0,0,0,0,0,0,0,0.0,0.0,0.0,1716,1549,0.0005824111822947001,0.9021549213744904,0,0,1,1,0,1,1,0.5,1.0,1.0,0,0,3,0,1,1,11,2.9139770731827523,0,0,0,0,1,0,0,0,0,28,1,0,0,1,1,0,0,0,0,0,0,0,9,36,2.302585092994046,3.6109179126442243
10.19zy_2zys,0,0,0,0,0,1,1,0,0,0,0,0,0,0,0,0.0,0.0,0.0,1716,1549,0.0005824111822947001,0.9021549213744904,0,0,1,1,0,1,1,0.5,1.0,1.0,0,0,3,0,1,1,12,3.0849625007211556,0,0,0,0,1,0,0,0,0,28,1,0,0,1,1,0,0,0,0,0,0,0,10,36,2.3978952727983707,3.6109179126442243
10.1zy,0,0,0,0,0,1,1,0,0,0,14,0,0,0,14,7.0,7.0,0.010211524434719184,1370,1370,0.0007293946024799417,0.9992706053975201,0,0,1,1,0,1,1,0.5,0.06666666666666667,0.06666666666666667,0,0,2,0,1,1,6,2.2516291673878226,0,0,0,0,1,0,0,0,0,28,1,0,0,1,1,0,0,0,0,0,0,0,8,33,2.1972245773362196,3.5263605246161616
10.20rikao,0,0,0,0,0,1,1,0,0,0,0,0,0,0,0,0.0,0.0,0.0,2073,1549,0.00048216007714561236,0.7468659594985535,0,0,1,1,0,1,1,0.5,1.0,1.0,0,0,2,0,1,1,10,3.1219280948873624,0,0,0,0,1,0,0,0,0,28,1,0,0,1,1,0,0,0,0,0,0,0,8,35,2.1972245773362196,3.58351893845611
10.20rizuoye,0,0,0,0,0,1,1,0,0,0,1,0,0,0,1,0.5,0.5,0.00048216007714561236,2073,1549,0.00048216007714561236,0.7468659594985535,0,0,1,1,0,1,1,0.5,0.5,0.5,0,0,2,0,1,1,12,3.4182958340544896,0,0,0,0,1,0,0,0,0,28,1,0,0,1,1,0,0,0,0,0,0,0,9,34,2.302585092994046,3.5553480614894135
10.20rk_work_zy,0,0,0,0,0,1,1,0,0,0,0,0,0,0,0,0.0,0.0,0.0,1716,1549,0.0005824111822947001,0.9021549213744904,0,0,1,1,0,1,1,0.5,1.0,1.0,0,0,4,0,1,1,15,3.3735572622751855,0,0,0,0,1,0,0,0,0,28,1,0,0,1,1,0,0,0,0,0,0,0,10,28,2.3978952727983707,3.367295829986474
10.20wanghao,0,0,0,0,0,1,1,0,0,0,0,0,0,0,0,0.0,0.0,0.0,1716,1549,0.0005824111822947001,0.9021549213744904,0,0,1,1,0,1,1,0.5,1.0,1.0,0,0,2,0,1,1,12,3.2516291673878226,0,0,0,0,1,0,0,0,0,28,1,0,0,1,1,0,0,0,0,0,0,0,11,33,2.4849066497880004,3.5263605246161616
10.20zhoukao,0,0,0,0,0,1,1,0,0,0,0,19,0,0,19,0.0,9.5,0.0,2002,1549,0.0004992511233150275,0.7733399900149776,0,0,1,1,0,1,1,0.5,0.05,1.0,0,0,2,0,1,1,12,3.2516291673878226,0,0,0,0,1,0,0,0,0,28,1,0,0,1,1,0,0,0,0,0,0,0,9,29,2.302585092994046,3.4011973816621555
10.21rikao,0,0,0,0,0,1,1,0,0,0,0,0,0,0,0,0.0,0.0,0.0,2073,1549,0.00048216007714561236,0.7468659594985535,0,0,1,1,0,1,1,0.5,1.0,1.0,0,0,2,0,1,1,10,3.121928094887362,0,0,0,0,1,0,0,0,0,28,1,0,0,1,1,0,0,0,0,0,0,0,11,43,2.4849066497880004,3.784189633918261
10.21rizuoye,0,0,0,0,0,1,1,0,0,0,0,0,0,0,0,0.0,0.0,0.0,2079,1549,0.0004807692307692308,0.7447115384615385,0,0,1,1,0,1,1,0.5,1.0,1.0,0,0,2,0,1,1,12,3.418295834054489,0,0,0,0,1,0,0,0,0,28,1,0,0,1,1,0,0,0,0,0,0,0,7,29,2.0794415416798357,3.4011973816621555
10.21rk,0,0,0,0,0,1,1,0,0,0,0,0,0,0,0,0.0,0.0,0.0,1350,1350,0.0007401924500370096,0.999259807549963,0,0,1,1,0,1,1,0.5,1.0,1.0,0,0,2,0,1,1,7,2.5216406363433186,0,0,0,0,1,0,0,0,0,28,1,0,0,1,1,0,0,0,0,0,0,0,11,39,2.4849066497880004,3.6888794541139363
10.22czx,0,0,0,0,0,1,1,0,0,0,0,0,0,0,0,0.0,0.0,0.0,1714,1549,0.0005830903790087463,0.9032069970845481,0,0,1,1,0,1,1,0.5,1.0,1.0,0,0,2,0,1,1,8,2.75,0,0,0,0,1,0,0,0,0,28,1,0,0,1,1,0,0,0,0,0,0,0,10,31,2.3978952727983707,3.4657359027997265
10.23zy,0,0,0,0,0,1,1,0,0,0,0,0,0,0,0,0.0,0.0,0.0,1711,1549,0.0005841121495327102,0.9047897196261683,0,0,1,1,0,1,1,0.5,1.0,1.0,0,0,2,0,1,1,7,2.807354922057604,0,0,0,0,1,0,0,0,0,28,1,0,0,1,1,0,0,0,0,0,0,0,9,44,2.302585092994046,3.8066624897703196
10.25examwwwwwwwwwwwwwwwwwwwwwwwwwwwwwwwwwwwwwwwwww,0,0,0,0,0,1,1,0,0,0,0,0,0,0,0,0.0,0.0,0.0,1711,1549,0.0005841121495327102,0.9047897196261683,0,0,1,1,0,1,1,0.5,1.0,1.0,0,0,2,0,1,1,51,1.231693346741928,0,0,0,0,1,0,0,0,0,28,1,0,0,1,1,0,0,0,0,0,0,0,9,34,2.302585092994046,3.5553480614894135
10.25lainxi,0,0,0,0,0,1,1,0,0,0,3,0,0,0,3,1.5,1.5,0.0014457831325301205,2074,1549,0.00048192771084337347,0.7465060240963856,0,0,1,1,0,1,1,0.5,0.25,0.25,0,0,2,0,1,1,11,3.277613436819116,0,0,0,0,1,0,0,0,0,28,1,0,0,2,1,0,0,0,0,0,0,0,6,34,1.9459101490553132,3.5553480614894135
10.25web2l-lcy,0,0,0,0,0,1,1,0,0,0,0,0,0,0,0,0.0,0.0,0.0,1711,1549,0.0005841121495327102,0.9047897196261683,0,0,1,1,0,1,1,0.5,1.0,1.0,0,0,3,1,1,1,14,3.521640636343319,0,0,0,0,1,0,0,0,0,28,1,0,0,1,1,0,0,0,0,0,0,0,6,23,1.9459101490553132,3.1780538303479458
10.25week02,0,0,0,0,0,1,1,0,0,0,0,0,0,0,0,0.0,0.0,0.0,1711,1549,0.0005841121495327102,0.9047897196261683,0,0,1,1,0,1,1,0.5,1.0,1.0,0,0,2,0,1,1,11,2.913977073182752,0,0,0,0,1,0,0,0,0,28,1,0,0,1,1,0,0,0,0,0,0,0,8,36,2.1972245773362196,3.6109179126442243
10.25zk,0,0,0,0,0,1,1,0,0,0,0,0,0,0,0,0.0,0.0,0.0,1711,1549,0.0005841121495327102,0.9047897196261683,0,0,1,1,0,1,1,0.5,1.0,1.0,0,0,2,0,1,1,7,2.807354922057604,0,0,0,0,1,0,0,0,0,28,1,0,0,1,1,0,0,0,0,0,0,0,6,24,1.9459101490553132,3.2188758248682006
10.25zk_123456,0,0,0,0,0,1,1,0,0,0,0,0,0,0,0,0.0,0.0,0.0,1711,1549,0.0005841121495327102,0.9047897196261683,0,0,1,1,0,1,1,0.5,1.0,1.0,0,0,3,0,1,1,14,3.378783493486176,0,0,0,0,1,0,0,0,0,28,1,0,0,1,1,0,0,0,0,0,0,0,6,32,1.9459101490553132,3.4965075614664802
10.25zk_123654,0,0,0,0,0,1,1,0,0,0,0,0,0,0,0,0.0,0.0,0.0,1711,1549,0.0005841121495327102,0.9047897196261683,0,0,1,1,0,1,1,0.5,1.0,1.0,0,0,3,0,1,1,14,3.378783493486176,0,0,0,0,1,0,0,0,0,28,1,0,0,1,1,0,0,0,0,0,0,0,6,30,1.9459101490553132,3.4339872044851463
10.25zkwhj,0,0,0,0,0,1,1,0,0,0,0,0,0,0,0,0.0,0.0,0.0,1711,1549,0.0005841121495327102,0.9047897196261683,0,0,1,1,0,1,1,0.5,1.0,1.0,0,0,2,0,1,1,10,3.321928094887362,0,0,0,0,1,0,0,0,0,28,1,0,0,1,1,0,0,0,0,0,0,0,10,38,2.3978952727983707,3.6635616461296463
10.26zhoukao,0,0,0,0,0,1,1,0,0,0,0,0,0,0,0,0.0,0.0,0.0,2075,1549,0.0004816955684007707,0.7461464354527938,0,0,1,1,0,1,1,0.5,1.0,1.0,0,0,2,0,1,1,12,3.4182958340544896,0,0,0,0,1,0,0,0,0,28,1,0,0,1,1,0,0,0,0,0,0,0,6,26,1.9459101490553132,3.295836866004329
10.26zhoukaozzm,0,0,0,0,0,1,1,0,0,0,0,0,0,0,0,0.0,0.0,0.0,2075,1549,0.0004816955684007707,0.7461464354527938,0,0,1,1,0,1,1,0.5,1.0,1.0,0,0,2,0,1,1,15,3.4565647621309536,0,0,0,0,1,0,0,0,0,28,1,0,0,1,1,0,0,0,0,0,0,0,7,36,2.0794415416798357,3.6109179126442243
10.30.npm-learning,0,0,0,0,0,2,1,1,0,0,1,1,0,0,2,0.3333333333333333,0.6666666666666666,0.00028312570781426955,3531,1480,0.0005662514156285391,0.4190260475651189,0,0,1,1,0,1,1,0.3333333333333333,0.3333333333333333,0.5,0,0,4,1,1,1,18,3.6835423624332306,0,0,0,0,1,0,0,0,0,28,1,0,0,1,1,0,0,0,0,0,0,0,10,41,2.3978952727983707,3.7376696182833684
10.31,0,0,0,0,0,1,2,0,0,0,0,0,0,0,0,0.0,0.0,0.0,3165,1549,0.0003158559696778269,0.4892608970309539,0,0,1,1,0,1,1,0.5,1.0,1.0,0,0,2,0,1,1,5,1.9219280948873623,0,0,0,0,1,0,0,0,0,28,1,0,0,1,1,0,0,0,0,0,0,0,4,28,1.6094379124341003,3.367295829986474
10.4asds,0,0,0,0,0,1,1,0,0,0,0,0,0,0,0,0.0,0.0,0.0,2087,1549,0.0004789272030651341,0.7418582375478927,0,0,1,1,0,1,1,0.5,1.0,1.0,0,0,2,0,1,1,8,2.75,0,0,0,0,1,0,0,0,0,28,1,0,0,1,1,0,0,0,0,0,0,0,7,35,2.0794415416798357,3.58351893845611
10.4ks,0,0,0,0,0,1,1,0,0,0,16,0,0,0,16,8.0,8.0,0.011704462326261888,1366,1366,0.000731528895391368,0.9992684711046086,0,0,1,1,0,1,1,0.5,0.058823529411764705,0.058823529411764705,0,0,2,0,1,1,6,2.584962500721156,0,0,0,0,1,0,0,0,0,28,1,0,0,1,1,0,0,0,0,0,0,0,10,31,2.3978952727983707,3.4657359027997265
10.8.-simple-calculater-function,0,0,0,0,0,1,1,2,0,0,1,2,0,0,3,0.5,1.5,0.0012578616352201257,794,794,0.0012578616352201257,0.9987421383647799,0,0,1,1,0,1,1,0.5,0.25,0.5,0,0,6,1,1,1,32,4.116729296672174,0,0,0,0,1,0,0,0,0,23,1,0,0,1,1,0,0,0,0,0,0,0,7,30,2.0794415416798357,3.4339872044851463
10.916513131,0,0,0,0,0,1,1,0,0,0,0,0,0,0,0,0.0,0.0,0.0,3188,1549,0.00031357792411414236,0.4857322044528065,0,0,1,1,0,1,1,0.5,1.0,1.0,0,0,2,0,1,1,12,2.4508257945180887,0,0,0,0,1,0,0,0,20,28,0,0,0,1,1,0,0,0,0,0,0,0,2,14,1.0986122886681098,2.70805020110221
10.9lpy,0,0,0,0,0,1,1,0,0,0,0,0,0,0,0,0.0,0.0,0.0,2457,1549,0.0004068348250610252,0.630187144019528,0,0,1,1,0,1,1,0.5,1.0,1.0,0,0,2,0,1,1,7,2.807354922057604,0,0,0,0,1,0,0,0,0,28,1,0,0,1,1,0,0,0,0,0,0,0,5,27,1.791759469228055,3.332204510175204
10.9week1,0,0,0,0,0,1,1,0,0,0,0,0,0,0,0,0.0,0.0,0.0,3188,1549,0.00031357792411414236,0.4857322044528065,0,0,1,1,0,1,1,0.5,1.0,1.0,0,0,2,0,1,1,9,2.725480556997868,0,0,0,0,1,0,0,0,0,28,1,0,0,1,1,0,0,0,0,0,0,0,8,24,2.1972245773362196,3.2188758248682006
10.9zhoukaoyi,0,0,0,0,0,1,1,0,0,0,0,0,0,0,0,0.0,0.0,0.0,3188,1549,0.00031357792411414236,0.4857322044528065,0,0,1,1,0,1,1,0.5,1.0,1.0,0,0,2,0,1,1,13,3.546593564294939,0,0,0,0,1,0,0,0,0,28,1,0,0,1,1,0,0,0,0,0,0,0,8,29,2.1972245773362196,3.4011973816621555
10.9zk,0,0,0,0,0,1,1,0,0,0,0,0,0,0,0,0.0,0.0,0.0,2457,1549,0.0004068348250610252,0.630187144019528,0,0,1,1,0,1,1,0.5,1.0,1.0,0,0,2,0,1,1,6,2.584962500721156,0,0,0,0,1,0,0,0,0,28,1,0,0,1,1,0,0,0,0,0,0,0,9,35,2.302585092994046,3.58351893845611
10.calc,0,0,0,0,0,3,1,0,2,0,0,0,0,0,0,0.0,0.0,0.0,2914,1549,0.0010291595197255575,0.5313893653516295,0,0,1,1,0,1,1,0.25,1.0,1.0,0,0,2,0,1,1,7,2.521640636343318,0,0,0,0,1,0,1,4,10,267,0,0,0,1,1,0,0,0,0,0,0,0,12,68,2.5649493574615367,4.23410650459726
10.npm,0,0,0,0,0,1,2,0,0,0,1,1,0,0,2,0.5,1.0,0.0004805382027871216,2080,1549,0.0004805382027871216,0.7443536761172513,0,0,1,1,0,1,1,0.5,0.3333333333333333,0.5,0,0,2,0,1,1,6,2.584962500721156,0,0,0,0,1,1,0,0,9,3290,0,0,0,1,1,0,0,0,0,0,0,0,9,42,2.302585092994046,3.7612001156935624
10.question,0,0,0,0,0,1,1,0,0,0,0,0,0,0,0,0.0,0.0,0.0,2152,1549,0.00046446818392940084,0.7194612169066419,0,0,1,1,0,1,1,0.5,1.0,1.0,0,0,2,0,1,1,11,3.459431618637298,0,0,0,0,1,1,0,0,0,28,1,0,0,1,1,0,0,0,0,0,0,0,11,37,2.4849066497880004,3.6375861597263857
10.test,0,0,0,0,0,1,1,0,0,0,0,0,0,0,0,0.0,0.0,0.0,2477,1549,0.0004035512510088781,0.6251008878127522,0,0,1,1,0,1,1,0.5,1.0,1.0,0,0,2,0,1,1,7,2.521640636343318,0,0,0,0,1,0,0,0,0,28,1,0,0,1,1,0,0,0,0,0,0,0,7,26,2.0794415416798357,3.295836866004329
100,0,0,0,0,0,1,0,0,1,0,0,0,0,0,0,0.0,0.0,0.0,4433,1480,0.0002255299954894001,0.33378439332431215,0,0,1,1,0,1,1,0.5,1.0,1.0,0,0,1,0,0,1,3,0.9182958340544896,0,0,0,0,1,1,1,1,4,28,0,1,0,2,1,0,0,0,0,0,0,0,15,61,2.772588722239781,4.127134385045092
100-101-ws,0,0,0,0,0,1,1,0,0,0,0,0,0,0,0,0.0,0.0,0.0,3180,1549,0.00031436655139893113,0.48695378811694434,0,0,1,1,0,1,1,0.5,1.0,1.0,0,0,3,1,0,1,10,2.1709505944546685,0,0,0,0,1,0,0,0,0,28,1,0,0,2,1,0,0,0,0,0,0,0,9,29,2.302585092994046,3.4011973816621555
100-day-assignment-coding,0,0,0,0,0,1,1,0,0,0,1,0,0,0,1,0.5,0.5,0.0012135922330097086,823,823,0.0012135922330097086,0.9987864077669902,0,0,1,1,0,1,1,0.5,0.5,0.5,0,0,4,1,0,1,25,3.7834651896016465,0,0,0,0,1,0,0,0,0,28,1,0,0,1,1,0,0,0,0,0,0,0,8,28,2.1972245773362196,3.367295829986474
100-days-of-javascript,0,0,0,0,0,3,2,7,3,0,1,2,0,0,3,0.25,0.75,0.001314060446780552,760,760,0.003942181340341655,0.9986859395532195,0,0,1,1,0,1,1,0.25,0.25,0.5,0,0,4,1,0,1,22,3.8453509366224354,1,1,1,1,1,1,1,1,22,39,0,0,0,1,1,0,0,0,0,0,0,0,6,40,1.9459101490553132,3.713572066704308
100-game,0,0,0,0,0,2,1,0,1,0,1,2,0,0,3,0.3333333333333333,1.0,0.0012106537530266344,825,807,0.002421307506053269,0.9769975786924939,0,0,1,1,0,1,1,0.3333333333333333,0.25,0.5,0,0,2,1,0,1,8,2.75,0,0,0,0,1,0,0,0,0,28,1,0,0,1,1,0,0,0,0,0,0,0,9,38,2.302585092994046,3.6635616461296463
100-kvadratov-component-library,0,0,0,0,0,1,1,0,0,0,0,30,0,1,31,0.0,15.5,0.0,841,841,0.0011876484560570072,0.998812351543943,0,0,1,1,0,1,1,0.5,0.03125,1.0,0,0,4,1,0,1,31,4.082597923010943,0,0,0,0,1,0,0,0,0,28,1,0,0,9,1,0,0,0,1,0,1,1,8,33,2.1972245773362196,3.5263605246161616
100-ls-cut,0,0,0,0,0,7,1,0,8,0,1,6,0,0,7,0.125,0.875,0.0196078431372549,50,50,0.13725490196078433,0.9803921568627451,0,0,0,1,0,1,1,0.125,0.125,0.5,0,0,3,1,0,1,10,2.9219280948873623,0,0,1,1,1,1,1,2,69,37,0,0,0,5,1,0,0,0,0,0,0,0,15,80,2.772588722239781,4.394449154672439
100-namo-001,0,0,0,0,0,8,1,0,7,0,1,0,0,0,1,0.1111111111111111,0.1111111111111111,0.0011350737797956867,880,876,0.009080590238365494,0.9943246311010215,0,0,1,1,0,1,1,0.1111111111111111,0.5,0.5,0,0,3,1,0,1,12,2.584962500721156,0,0,0,0,1,0,0,0,0,28,1,0,0,5,1,0,0,0,0,0,0,0,14,71,2.70805020110221,4.276666119016055
100-prisoners,0,0,0,0,0,2,0,9,1,0,1,3,0,0,4,0.3333333333333333,1.3333333333333333,0.00025150905432595576,3975,1480,0.0005030181086519115,0.3722334004024145,0,0,1,1,0,1,1,0.3333333333333333,0.2,0.5,0,0,2,1,0,1,13,3.238901256602631,1,1,1,1,1,1,1,5,37,261,0,0,0,0,0,0,0,0,0,0,0,0,6,57,1.9459101490553132,4.060443010546419
100-quote,0,0,0,0,0,1,1,0,0,0,3,1,0,0,4,1.5,2.0,0.0028790786948176585,1041,1041,0.0009596928982725527,0.9990403071017274,0,0,1,1,0,1,1,0.5,0.2,0.25,0,0,2,1,0,1,9,2.9477027792200903,0,0,0,0,1,0,0,0,0,28,1,0,0,1,1,0,0,0,0,0,0,0,6,29,1.9459101490553132,3.4011973816621555
100-simple-calculator,0,0,0,0,0,3,1,0,2,0,1,1,0,0,2,0.25,0.5,0.0011976047904191617,834,834,0.003592814371257485,0.9988023952095808,0,0,1,1,0,1,1,0.25,0.3333333333333333,0.5,0,0,3,1,0,1,21,3.7849418274376427,0,0,0,0,1,0,0,0,10,28,0,0,0,1,1,0,0,0,0,0,0,0,6,46,1.9459101490553132,3.8501476017100584
100-syl-10-16,0,0,0,0,0,1,1,0,0,0,0,0,0,0,0,0.0,0.0,0.0,3180,1549,0.00031436655139893113,0.48695378811694434,0,0,1,1,0,1,1,0.5,1.0,1.0,0,0,4,1,0,1,13,2.6031579868726,0,0,0,0,1,0,0,0,0,28,1,0,0,2,1,0,0,0,0,0,0,0,9,36,2.302585092994046,3.6109179126442243
100-tou,0,0,0,0,0,1,0,1,0,0,3,14,0,0,17,1.5,8.5,0.0013966480446927375,2147,1549,0.0004655493482309125,0.7211359404096834,0,0,1,1,0,1,1,0.5,0.05555555555555555,0.25,0,0,2,1,0,1,7,2.521640636343318,0,0,0,0,0,0,0,0,36,315,0,0,0,4,1,0,0,0,0,0,0,0,8,46,2.1972245773362196,3.8501476017100584
100-vyigrysh-v-1xbet-ovdrkulw0,0,0,0,0,0,1,1,0,0,0,0,0,0,0,0,0.0,0.0,0.0,1167,1167,0.0008561643835616438,0.9991438356164384,0,0,1,1,0,1,1,0.5,1.0,1.0,0,0,5,1,0,1,30,4.12323142879762,0,0,0,0,1,1,0,0,30,4,0,0,0,1,1,0,0,0,0,0,0,0,9,31,2.302585092994046,3.4657359027997265
100-webpack-numbers,0,0,0,0,0,2,1,0,2,0,1,5,0,0,6,0.3333333333333333,2.0,0.0008503401360544217,1175,1175,0.0017006802721088435,0.9991496598639455,0,0,1,1,0,1,1,0.3333333333333333,0.14285714285714285,0.5,0,0,3,1,0,1,19,3.8268748818646374,0,0,0,0,1,0,0,0,0,28,1,0,0,1,1,0,0,0,0,0,0,0,8,40,2.1972245773362196,3.713572066704308
1000-goals-types,0,0,0,0,0,18,1,1,5,0,0,1,0,0,1,0.0,0.05263157894736842,0.0,1108,1083,0.016230838593327322,0.9765554553651938,0,0,1,1,0,1,1,0.05263157894736842,0.5,1.0,0,0,3,1,0,1,16,3.452819531114783,0,0,0,0,1,0,0,0,47,28,0,0,0,3,1,0,0,0,1,0,1,1,28,106,3.367295829986474,4.672828834461906
1000-packages,0,0,0,0,0,6,1,0,6,0,1000,0,0,0,1000,142.85714285714286,142.85714285714286,0.4048582995951417,2469,1549,0.0024291497975708503,0.6271255060728745,0,0,1,1,0,1,1,0.14285714285714285,0.000999000999000999,0.000999000999000999,0,0,2,1,0,1,13,3.1808329872054406,0,0,0,0,1,0,0,0,88,283,0,0,0,1,1,0,0,0,0,0,0,0,25,97,3.258096538021482,4.584967478670572
1000-quote,0,0,0,0,0,2,1,0,1,0,1,1,0,0,2,0.3333333333333333,0.6666666666666666,0.0009596928982725527,1041,1041,0.0019193857965451055,0.9990403071017274,0,0,1,1,0,1,1,0.3333333333333333,0.3333333333333333,0.5,0,0,2,1,0,1,10,2.846439344671016,0,0,0,0,1,0,0,0,0,28,1,0,0,1,1,0,0,0,0,0,0,0,9,32,2.302585092994046,3.4965075614664802
10000,0,0,0,0,0,1,0,0,0,0,0,0,0,0,0,0.0,0.0,0.0,3653,1480,0.0002736726874657909,0.4050355774493706,0,0,1,1,0,1,1,0.5,1.0,1.0,0,0,1,0,0,1,5,0.7219280948873623,0,0,0,0,1,0,0,0,0,28,1,0,0,1,1,0,0,0,0,0,0,0,27,123,3.332204510175204,4.820281565605037
10000-quote,0,0,0,0,0,1,1,0,1,0,1,1,0,0,2,0.5,1.0,0.0009596928982725527,1041,1041,0.0009596928982725527,0.9990403071017274,0,0,1,1,0,1,1,0.5,0.3333333333333333,0.5,0,0,2,1,0,1,11,2.7321588913645707,0,0,0,0,1,0,0,0,0,28,1,0,0,1,1,0,0,0,0,0,0,0,6,30,1.9459101490553132,3.4339872044851463
100000-coin-master-free-spins-dkfefdzd,0,0,0,0,0,1,0,0,1,0,0,0,0,0,0,0.0,0.0,0.0,1098,1046,0.0009099181073703367,0.9517743403093721,0,0,1,1,0,1,1,0.5,1.0,1.0,0,0,6,1,0,1,38,3.893086896197163,1,0,0,0,0,0,0,0,24,0,0,0,0,0,0,0,0,0,0,0,0,0,24,249,3.2188758248682006,5.521460917862246
1000000usd,0,0,0,0,0,1,1,0,0,0,0,0,0,0,0,0.0,0.0,0.0,3231,1480,0.0003094059405940594,0.45792079207920794,0,0,1,1,0,1,1,0.5,1.0,1.0,0,0,1,0,0,1,10,1.7709505944546688,1,1,1,1,1,1,0,0,33,154,0,0,0,1,1,0,0,0,0,0,0,0,43,130,3.784189633918261,4.875197323201151
1000ch,0,0,0,0,0,1,0,0,0,0,5,0,0,0,5,2.5,2.5,0.0019179133103183737,2606,1549,0.0003835826620636747,0.5941695435366321,0,0,1,1,0,1,1,0.5,0.16666666666666666,0.16666666666666666,0,0,1,0,0,1,6,1.792481250360578,1,1,1,1,1,1,1,1,49,28,0,0,0,0,0,0,0,0,0,0,0,0,10,40,2.3978952727983707,3.713572066704308
1000fetches,0,0,0,0,0,15,0,3,0,0,1,18,0,0,19,0.0625,1.1875,0.0037313432835820895,267,3,0.055970149253731345,0.011194029850746268,1,0,0,1,0,1,1,0.0625,0.05,0.5,0,0,1,0,0,1,11,2.8453509366224368,0,0,0,0,1,1,1,11,255,16764,0,0,0,19,1,0,0,0,0,0,0,0,297,638,5.697093486505405,6.459904454377535
1000films,0,0,0,0,0,6,1000,2020,5,1,0,0,0,0,0,0.0,0.0,0.0,2142,861,0.0027998133457769483,0.40177321511899206,0,0,1,1,0,1,1,0.14285714285714285,1.0,1.0,0,0,1,0,0,1,9,2.6416041678685938,1,1,1,1,1,1,0,0,164,655,0,0,0,0,0,0,0,0,0,0,0,0,9,91,2.302585092994046,4.5217885770490405
1000phone,0,0,0,0,0,2,1,0,1,0,0,0,0,0,0,0.0,0.0,0.0,3497,1480,0.0005717552887364208,0.4230989136649514,0,0,1,1,0,1,1,0.3333333333333333,1.0,1.0,0,0,1,0,0,1,9,2.6416041678685938,1,1,1,1,1,1,0,0,79,28,0,0,0,1,1,0,0,0,0,0,0,0,13,78,2.6390573296152584,4.3694478524670215
1000phone_test,0,0,0,0,0,1,1,0,0,0,0,0,0,0,0,0.0,0.0,0.0,1807,1549,0.0005530973451327434,0.8567477876106194,0,0,1,1,0,1,1,0.5,1.0,1.0,0,0,2,0,0,1,14,3.1820058147602133,0,0,0,0,1,0,0,0,0,11,1,0,0,1,1,0,0,0,0,0,0,0,8,29,2.1972245773362196,3.4011973816621555
1000phonecs1906,0,0,0,0,0,1,1,0,1,0,0,0,0,0,0,0.0,0.0,0.0,2402,1549,0.0004161464835622139,0.6446109030378693,0,0,1,1,0,1,1,0.5,1.0,1.0,0,0,1,0,0,1,15,3.240223928941852,0,0,0,0,1,0,1,1,0,28,1,0,0,1,1,0,0,0,0,0,0,0,10,41,2.3978952727983707,3.7376696182833684
1000xdev,0,0,0,0,0,2,0,2,0,0,1,5,0,2,8,0.3333333333333333,2.6666666666666665,0.008695652173913044,114,114,0.017391304347826087,0.991304347826087,0,0,0,1,0,1,1,0.3333333333333333,0.1111111111111111,0.5,0,0,1,0,0,1,8,2.4056390622295662,1,0,1,0,1,1,1,5,39,1817,0,0,0,3,1,0,0,0,0,0,1,1,10,40,2.3978952727983707,3.713572066704308
1001-logger,0,0,0,0,0,5,1,0,4,0,2,3,0,0,5,0.3333333333333333,0.8333333333333334,0.0029717682020802376,672,672,0.007429420505200594,0.9985141158989599,0,0,0,1,0,1,1,0.16666666666666666,0.16666666666666666,0.3333333333333333,0,0,2,1,0,1,11,2.9139770731827523,0,0,0,0,1,1,1,4,71,2837,0,0,0,1,1,0,0,0,0,0,0,0,12,59,2.5649493574615367,4.0943445622221
1001-tracklists-scraper,0,0,0,0,0,16,1,1,1,0,6,4,0,0,10,0.35294117647058826,0.5882352941176471,0.003575685339690107,1677,1549,0.009535160905840286,0.9231227651966627,0,0,1,1,0,1,1,0.058823529411764705,0.09090909090909091,0.14285714285714285,0,0,3,1,0,1,23,3.5883543471732335,0,0,0,0,0,1,0,0,55,28,0,0,0,2,1,0,0,0,0,0,0,0,32,177,3.4965075614664802,5.181783550292085
100137glr,0,0,0,0,0,1,1,0,0,0,0,0,0,0,0,0.0,0.0,0.0,517,517,0.0019305019305019305,0.9980694980694981,0,0,0,1,0,1,1,0.5,1.0,1.0,0,0,1,0,0,1,9,2.725480556997868,0,0,0,0,1,1,1,4,68,28,0,0,0,1,1,0,0,0,0,0,0,0,7,32,2.0794415416798357,3.4965075614664802
100170-module,0,0,0,0,0,1,1,0,0,0,0,0,0,0,0,0.0,0.0,0.0,516,516,0.0019342359767891683,0.9980657640232108,0,0,0,1,0,1,1,0.5,1.0,1.0,0,0,2,1,0,1,13,3.1808329872054406,0,0,0,0,1,1,0,0,25,172,0,0,0,1,1,0,0,0,0,0,0,0,6,26,1.9459101490553132,3.295836866004329
1001_sum,0,0,0,0,0,1,1,0,0,0,0,0,0,0,0,0.0,0.0,0.0,1716,1549,0.0005824111822947001,0.9021549213744904,0,0,1,1,0,1,1,0.5,1.0,1.0,0,0,2,0,0,1,8,2.5,0,0,0,0,1,0,0,0,0,28,1,0,0,1,1,0,0,0,0,0,0,0,9,32,2.302585092994046,3.4965075614664802
1001tracklists,0,0,0,0,0,1,0,1,0,0,1,15,0,0,16,0.5,8.0,0.0008818342151675485,1133,1133,0.0008818342151675485,0.9991181657848325,0,0,1,1,0,1,1,0.5,0.058823529411764705,0.5,0,0,1,0,0,1,14,3.2359263506290326,1,1,1,1,1,1,0,0,36,67,0,0,0,3,1,0,0,0,0,0,0,0,5,26,1.791759469228055,3.295836866004329
1001tv-logger,0,0,0,0,0,4,1,0,3,0,2,3,0,0,5,0.4,1.0,0.0029717682020802376,672,672,0.005943536404160475,0.9985141158989599,0,0,0,1,0,1,1,0.2,0.16666666666666666,0.3333333333333333,0,0,2,1,0,1,13,3.238901256602631,0,0,0,0,1,1,1,4,71,2841,0,0,0,1,1,0,0,0,0,0,0,0,13,50,2.6390573296152584,3.9318256327243257
1003788917-12.25,0,0,0,0,0,1,1,0,0,0,0,0,0,0,0,0.0,0.0,0.0,3110,1480,0.0003214400514304082,0.47573127611700416,0,0,1,1,0,1,1,0.5,1.0,1.0,0,0,3,1,1,1,16,3.202819531114783,0,0,0,0,1,0,0,0,2,28,0,0,0,2,1,0,0,0,0,0,0,0,7,28,2.0794415416798357,3.367295829986474
1003zuoye,0,0,0,0,0,1,1,0,0,0,0,0,0,0,0,0.0,0.0,0.0,1357,1357,0.0007363770250368188,0.9992636229749632,0,0,1,1,0,1,1,0.5,1.0,1.0,0,0,1,0,0,1,9,2.9477027792200903,0,0,0,0,1,0,0,0,0,28,1,0,0,1,1,0,0,0,0,0,0,0,6,28,1.9459101490553132,3.367295829986474
10046.mi.com,0,0,0,0,0,1,0,0,1,0,0,0,0,0,0,0.0,0.0,0.0,1441,1046,0.0006934812760055479,0.7253814147018031,0,0,1,1,0,1,1,0.5,1.0,1.0,0,0,3,0,1,1,12,3.084962500721156,1,0,0,0,0,0,0,0,24,0,0,0,0,0,0,0,0,0,0,0,0,0,22,255,3.1354942159291497,5.545177444479562
100546_js,0,0,0,0,0,1,1,0,0,0,1,0,0,0,1,0.5,0.5,0.0017667844522968198,565,565,0.0017667844522968198,0.9982332155477032,0,0,0,1,0,1,1,0.5,0.5,0.5,0,0,2,0,0,1,9,2.9477027792200903,0,0,0,0,1,0,0,0,27,28,0,0,0,1,1,0,0,0,0,0,0,0,8,35,2.1972245773362196,3.58351893845611
10086,0,0,0,0,0,1,0,0,0,0,0,0,0,0,0,0.0,0.0,0.0,3653,1480,0.0002736726874657909,0.4050355774493706,0,0,1,1,0,1,1,0.5,1.0,1.0,0,0,1,0,0,1,5,1.9219280948873623,0,0,0,0,1,0,0,0,0,28,1,0,0,1,1,0,0,0,0,0,0,0,4,22,1.6094379124341003,3.1354942159291497
10086mypackage,0,0,0,0,0,2,1,0,1,0,0,0,0,0,0,0.0,0.0,0.0,1139,1139,0.0017543859649122807,0.9991228070175439,0,0,1,1,0,1,1,0.3333333333333333,1.0,1.0,0,0,1,0,0,1,14,3.521640636343319,0,0,0,0,1,0,0,0,0,28,1,0,0,1,1,0,0,0,0,0,0,0,6,34,1.9459101490553132,3.5553480614894135
10087mypackage,0,0,0,0,0,1,1,0,1,0,0,0,0,0,0,0.0,0.0,0.0,1139,1139,0.0008771929824561404,0.9991228070175439,0,0,1,1,0,1,1,0.5,1.0,1.0,0,0,1,0,0,1,14,3.521640636343319,0,0,0,0,1,0,0,0,0,28,1,0,0,1,1,0,0,0,0,0,0,0,8,30,2.1972245773362196,3.4339872044851463
100880-api,0,0,0,0,0,1,1,0,0,0,1,0,0,0,1,0.5,0.5,0.0017667844522968198,565,565,0.0017667844522968198,0.9982332155477032,0,0,0,1,0,1,1,0.5,0.5,0.5,0,0,2,1,0,1,10,2.6464393446710157,0,0,0,0,1,1,1,4,40,28,0,0,0,1,1,0,0,0,0,0,0,0,5,24,1.791759469228055,3.2188758248682006
100881project,0,0,0,0,0,1,1,0,0,0,0,0,0,0,0,0.0,0.0,0.0,517,517,0.0019305019305019305,0.9980694980694981,0,0,0,1,0,1,1,0.5,1.0,1.0,0,0,1,0,0,1,13,3.238901256602631,0,0,0,0,1,1,1,5,23,242,0,0,0,1,1,0,0,0,0,0,0,0,9,29,2.302585092994046,3.4011973816621555
100881project-v2,0,0,0,0,0,1,1,0,1,0,1,0,0,0,1,0.5,0.5,0.0019305019305019305,517,517,0.0019305019305019305,0.9980694980694981,0,0,0,1,0,1,1,0.5,0.5,0.5,0,0,2,1,0,1,16,3.625,0,0,0,0,1,1,1,5,23,242,0,0,0,1,1,0,0,0,0,0,0,0,6,30,1.9459101490553132,3.4339872044851463
100912_package,0,0,0,0,0,1,1,0,0,0,0,0,0,0,0,0.0,0.0,0.0,565,565,0.0017667844522968198,0.9982332155477032,0,0,0,1,0,1,1,0.5,1.0,1.0,0,0,2,0,0,1,14,3.378783493486176,0,0,0,0,1,0,0,0,0,28,1,0,0,1,1,0,0,0,0,0,0,0,9,30,2.302585092994046,3.4339872044851463
10091989.test,0,0,0,0,0,1,1,0,0,0,0,0,0,0,0,0.0,0.0,0.0,3149,1549,0.00031746031746031746,0.49174603174603176,0,0,1,1,0,1,1,0.5,1.0,1.0,0,0,2,0,1,1,13,2.8731406795131336,0,0,0,0,1,0,0,0,0,28,1,0,0,1,1,0,0,0,0,0,0,0,7,31,2.0794415416798357,3.4657359027997265
10097mypackage,0,0,0,0,0,1,1,0,2,0,0,0,0,0,0,0.0,0.0,0.0,1139,1139,0.0008771929824561404,0.9991228070175439,0,0,1,1,0,1,1,0.5,1.0,1.0,0,0,1,0,0,1,14,3.521640636343319,0,0,0,0,1,0,0,0,0,28,1,0,0,1,1,0,0,0,0,0,0,0,8,32,2.1972245773362196,3.4965075614664802
1009jineng,0,0,0,0,0,1,1,0,0,0,0,0,0,0,0,0.0,0.0,0.0,3188,1549,0.00031357792411414236,0.4857322044528065,0,0,1,1,0,1,1,0.5,1.0,1.0,0,0,1,0,0,1,10,2.9219280948873623,0,0,0,0,1,0,0,0,0,28,1,0,0,1,1,0,0,0,0,0,0,0,10,44,2.3978952727983707,3.8066624897703196
100_days_of_coding_challenge,0,0,0,0,0,1,1,0,0,0,0,0,0,0,0,0.0,0.0,0.0,711,711,0.0014044943820224719,0.9985955056179775,0,0,0,1,0,1,1,0.5,1.0,1.0,0,0,5,0,0,1,28,3.878783493486176,0,0,0,0,1,0,0,0,0,28,1,0,0,1,1,0,0,0,0,0,0,0,7,35,2.0794415416798357,3.58351893845611
100_dayscode,0,0,0,0,0,1,1,0,0,0,0,1,0,0,1,0.0,0.5,0.0,802,802,0.0012453300124533001,0.9987546699875467,0,0,1,1,0,1,1,0.5,0.5,1.0,0,0,2,0,0,1,12,3.251629167387823,0,0,0,0,1,0,0,0,0,28,1,0,0,1,1,0,0,0,0,0,0,0,6,35,1.9459101490553132,3.58351893845611
100_ithm,0,0,0,0,0,1,1,0,0,0,0,0,0,0,0,0.0,0.0,0.0,2009,1549,0.0004975124378109452,0.7706467661691542,0,0,1,1,0,1,1,0.5,1.0,1.0,0,0,2,0,0,1,8,2.75,0,0,0,0,1,0,0,0,5,5,0,0,0,1,1,0,0,0,0,0,0,0,9,41,2.302585092994046,3.7376696182833684
100amanmedcom,0,0,0,0,0,1,1,0,0,0,1,0,0,0,1,0.5,0.5,0.0011737089201877935,851,851,0.0011737089201877935,0.9988262910798122,0,0,1,1,0,1,1,0.5,0.5,0.5,0,0,1,0,0,1,13,3.0269868333592873,0,0,0,0,1,0,0,0,0,28,1,0,0,1,1,0,0,0,0,0,0,0,6,27,1.9459101490553132,3.332204510175204
100city-theme,0,0,0,0,0,2,0,2,0,0,0,0,0,0,0,0.0,0.0,0.0,105,105,0.018867924528301886,0.9905660377358491,0,0,0,1,0,1,1,0.3333333333333333,1.0,1.0,0,0,2,1,0,1,13,3.238901256602631,0,0,0,0,1,0,1,3,36,1486,0,0,0,2,1,0,0,0,0,0,0,0,5,53,1.791759469228055,3.9889840465642745
100days-coding,0,0,0,0,0,1,1,0,0,0,1,0,0,0,1,0.5,0.5,0.001375515818431912,726,726,0.001375515818431912,0.9986244841815681,0,0,0,1,0,1,1,0.5,0.5,0.5,0,0,2,1,0,1,14,3.521640636343319,0,0,0,0,1,0,0,0,0,28,1,0,0,1,1,0,0,0,0,0,0,0,5,35,1.791759469228055,3.58351893845611
100gecs,0,0,0,0,0,1,1,0,0,0,0,0,0,0,0,0.0,0.0,0.0,1997,1549,0.0005005005005005005,0.7752752752752753,0,0,1,1,0,1,1,0.5,1.0,1.0,0,0,1,0,0,1,7,2.521640636343318,0,0,0,0,1,0,0,0,66,28,0,0,0,1,1,0,0,0,0,0,0,0,9,37,2.302585092994046,3.6375861597263857
100js,0,0,0,0,0,1,0,0,0,0,0,0,0,0,0,0.0,0.0,0.0,1323,1323,0.0007552870090634441,0.9992447129909365,0,0,1,1,0,1,1,0.5,1.0,1.0,0,0,1,0,0,1,5,1.9219280948873623,0,0,0,0,1,1,0,0,0,28,1,0,0,1,1,0,0,0,0,0,0,0,8,32,2.1972245773362196,3.4965075614664802
100jsss,0,0,0,0,0,1,1,0,0,0,0,0,0,0,0,0.0,0.0,0.0,928,928,0.001076426264800861,0.9989235737351991,0,0,1,1,0,1,1,0.5,1.0,1.0,0,0,1,0,0,1,7,1.8423709931771084,0,0,0,0,1,0,0,0,5,20,0,0,0,1,1,0,0,0,0,0,0,0,23,238,3.1780538303479458,5.476463551931511
100k-coin-master-free-spins-fdgergr,0,0,0,0,0,1,0,0,1,0,0,0,0,0,0,0.0,0.0,0.0,1098,1046,0.0009099181073703367,0.9517743403093721,0,0,1,1,0,1,1,0.5,1.0,1.0,0,0,6,1,0,1,35,3.9188679318992437,1,0,0,0,0,0,0,0,24,0,0,0,0,0,0,0,0,0,0,0,0,0,24,255,3.2188758248682006,5.545177444479562
100levgame-qmongwae,0,0,0,0,0,1,1,1,0,0,8,0,0,5,13,4.0,6.5,0.00954653937947494,837,837,0.0011933174224343676,0.9988066825775657,0,0,1,1,0,1,1,0.5,0.07142857142857142,0.1111111111111111,0,0,2,1,0,1,19,3.5766176449086657,1,1,1,1,1,1,1,9,52,1658,0,0,0,0,0,0,0,0,0,0,0,0,7,30,2.0794415416798357,3.4339872044851463
100luqman-todo-list,0,0,0,0,0,1,1,0,0,0,2,2,0,0,4,1.0,2.0,0.0024752475247524753,807,807,0.0012376237623762376,0.9987623762376238,0,0,1,1,0,1,1,0.5,0.2,0.3333333333333333,0,0,3,1,0,1,19,3.7216117239699007,0,0,0,0,1,1,0,0,9,28,0,0,0,1,1,0,0,0,0,0,0,0,6,26,1.9459101490553132,3.295836866004329
100ms_edtech_template,0,0,0,0,0,2,0,1,5,0,24,23,0,0,47,8.0,15.666666666666666,0.015554115359688918,1542,1542,0.0012961762799740765,0.9993519118600129,0,0,1,1,0,1,1,0.3333333333333333,0.020833333333333332,0.04,0,0,3,0,0,1,21,3.4992275417233563,0,0,0,0,0,0,0,0,255,4555,0,0,0,6,1,0,0,0,0,0,0,0,6,52,1.9459101490553132,3.970291913552122
100notes-comments,0,0,0,0,0,1,0,1,1,0,10,16,0,0,26,5.0,13.0,0.0029411764705882353,3399,1480,0.0002941176470588235,0.43529411764705883,0,0,1,1,0,1,1,0.5,0.037037037037037035,0.09090909090909091,0,0,2,1,0,1,17,3.2639334294856344,1,1,1,1,1,1,0,0,24,47,0,0,0,6,1,0,0,0,0,1,1,1,14,57,2.70805020110221,4.060443010546419
100notes-dispatcher,0,0,0,0,0,1,0,1,0,0,0,2,0,0,2,0.0,1.0,0.0,3399,1480,0.0002941176470588235,0.43529411764705883,0,0,1,1,0,1,1,0.5,0.3333333333333333,1.0,0,0,2,1,0,1,19,3.826874881864637,1,1,1,1,1,1,0,0,27,42,0,0,0,3,1,0,0,0,0,0,0,0,6,40,1.9459101490553132,3.713572066704308
100pourcent,0,0,0,0,0,3,1,0,2,0,0,0,0,0,0,0.0,0.0,0.0,3353,1480,0.0008944543828264759,0.44126416219439474,0,0,1,1,0,1,1,0.25,1.0,1.0,0,0,1,0,0,1,11,3.277613436819116,1,1,1,1,1,1,1,3,35,660,0,0,0,1,1,0,0,0,0,0,0,0,12,52,2.5649493574615367,3.970291913552122
100rock-paper-sensors,0,0,0,0,0,1,2,1,0,0,1,1,0,0,2,0.5,1.0,0.0012738853503184713,784,784,0.0012738853503184713,0.9987261146496815,0,0,1,1,0,1,1,0.5,0.3333333333333333,0.5,0,0,3,1,0,1,21,3.463280517810811,0,0,0,0,1,0,0,0,0,28,1,0,0,1,1,0,0,0,0,0,0,0,7,36,2.0794415416798357,3.6109179126442243
100rock-paper-sessore,0,0,0,0,0,1,1,1,0,0,1,1,0,0,2,0.5,1.0,0.0012674271229404308,788,788,0.0012674271229404308,0.9987325728770595,0,0,1,1,0,1,1,0.5,0.3333333333333333,0.5,0,0,3,1,0,1,21,3.3320953986601696,0,0,0,0,1,0,0,0,0,28,1,0,0,1,1,0,0,0,0,0,0,0,8,36,2.1972245773362196,3.6109179126442243
100x-bmad-method,0,0,0,0,0,3,4,46,0,0,11,16,0,0,27,2.75,6.75,0.04044117647058824,271,271,0.011029411764705883,0.9963235294117647,0,0,0,1,0,1,1,0.25,0.03571428571428571,0.08333333333333333,0,0,3,1,0,1,16,3.5,1,1,1,1,1,1,1,7,50,9102,0,0,0,33,1,0,0,0,1,0,1,1,17,78,2.8903717578961645,4.3694478524670215
100x-client,0,0,0,0,0,7,1,2,0,0,3,0,0,0,3,0.375,0.375,0.0037313432835820895,803,594,0.008706467661691543,0.7388059701492538,0,0,0,1,0,1,1,0.125,0.25,0.25,0,0,2,1,0,1,11,3.277613436819116,1,1,1,1,1,1,1,11,44,5676,0,0,1,0,0,0,0,0,0,0,0,0,6,72,1.9459101490553132,4.290459441148391
100x-dev,0,0,0,0,0,6,2,3,1,0,0,0,0,0,0,0.0,0.0,0.0,71,11,0.08333333333333333,0.1527777777777778,1,0,0,1,0,1,1,0.14285714285714285,1.0,1.0,0,0,2,1,0,1,8,2.75,1,1,1,1,1,0,1,6,153,9142,0,0,1,2,1,0,0,0,0,0,0,0,47,437,3.871201010907891,6.082218910376446
100x-repo,0,0,0,0,0,2,1,0,1,0,4,3,0,0,7,1.3333333333333333,2.3333333333333335,0.008213552361396304,486,486,0.004106776180698152,0.997946611909651,0,0,0,1,0,1,1,0.3333333333333333,0.125,0.2,0,0,2,1,0,1,9,2.9477027792200903,0,0,0,0,0,0,0,0,50,2711,0,0,0,5,1,0,0,0,0,0,0,0,9,40,2.302585092994046,3.713572066704308
100x-sdk,0,0,0,0,0,3,1,0,3,0,11,11,0,0,22,2.75,5.5,1.0,10,1,0.2727272727272727,0.09090909090909091,1,1,0,1,0,1,1,0.25,0.043478260869565216,0.08333333333333333,0,0,2,1,0,1,8,2.75,0,0,0,0,1,0,1,4,19,10947,0,0,0,7,1,0,0,0,0,0,0,0,26,165,3.295836866004329,5.111987788356544
100x-zod-common,0,0,0,0,0,1,1,0,0,0,1,0,0,0,1,0.5,0.5,0.003257328990228013,306,306,0.003257328990228013,0.996742671009772,0,0,0,1,0,1,1,0.5,0.5,0.5,0,0,3,1,0,1,15,3.1898980954642875,0,0,0,0,1,0,0,0,0,28,1,0,0,1,1,0,0,0,0,0,0,0,12,34,2.5649493574615367,3.5553480614894135
100xadarsh-common,0,0,0,0,0,2,1,0,1,0,1,0,0,0,1,0.3333333333333333,0.3333333333333333,0.001218026796589525,820,820,0.00243605359317905,0.9987819732034104,0,0,1,1,0,1,1,0.3333333333333333,0.5,0.5,0,0,2,1,0,1,17,3.6168746059562227,0,0,0,0,1,0,0,0,0,28,1,0,0,1,1,0,0,0,0,0,0,0,10,40,2.3978952727983707,3.713572066704308
100xchat,0,0,0,0,0,20,1,3,5,0,18,0,0,0,18,0.8571428571428571,0.8571428571428571,0.05202312138728324,345,335,0.057803468208092484,0.9682080924855492,0,0,0,1,0,1,1,0.047619047619047616,0.05263157894736842,0.05263157894736842,0,0,1,0,0,1,8,2.75,0,0,0,0,1,1,0,0,64,3164,0,0,0,1,1,0,0,0,0,0,0,0,31,117,3.4657359027997265,4.770684624465665
100xdevcommon1,0,0,0,0,0,5,1,0,4,0,1,0,0,0,1,0.16666666666666666,0.16666666666666666,0.0015822784810126582,631,630,0.007911392405063292,0.9968354430379747,0,0,0,1,0,1,1,0.16666666666666666,0.5,0.5,0,0,1,0,0,1,14,3.2359263506290334,0,0,0,0,1,0,0,0,0,28,1,0,0,1,1,0,0,0,0,0,0,0,11,56,2.4849066497880004,4.04305126783455
100xdevs,0,0,0,0,0,1,1,0,0,0,3,0,0,0,3,1.5,1.5,0.005597014925373134,535,535,0.0018656716417910447,0.9981343283582089,0,0,0,1,0,1,1,0.5,0.25,0.25,0,0,1,0,0,1,8,2.75,0,0,0,0,1,0,0,0,0,28,1,0,0,1,1,0,0,0,0,0,0,0,6,30,1.9459101490553132,3.4339872044851463
100xdevs-medium,0,0,0,0,0,1,1,0,0,0,1,0,0,0,1,0.5,0.5,0.001288659793814433,775,775,0.001288659793814433,0.9987113402061856,0,0,1,1,0,1,1,0.5,0.5,0.5,0,0,2,1,0,1,15,3.3735572622751864,0,0,0,0,1,0,0,0,0,28,1,0,0,1,1,0,0,0,0,0,0,0,8,30,2.1972245773362196,3.4339872044851463
100xdevs-turborepo-cli,0,0,0,0,0,7,1,0,6,0,0,0,0,0,0,0.0,0.0,0.0,383,383,0.018229166666666668,0.9973958333333334,0,0,0,1,0,1,1,0.125,1.0,1.0,0,0,3,1,0,1,22,4.004886164091841,0,0,0,0,1,1,1,4,25,2799,0,0,0,0,0,0,0,0,0,0,0,0,11,68,2.4849066497880004,4.23410650459726
100xmanager,0,0,0,0,0,2,2,0,0,0,0,0,0,0,0,0.0,0.0,0.0,135,131,0.014705882352941176,0.9632352941176471,0,0,0,1,0,1,1,0.3333333333333333,1.0,1.0,0,0,1,0,0,1,11,3.095795255000934,0,0,0,0,1,0,0,0,76,28,0,0,0,0,0,0,0,0,0,0,0,0,5,50,1.791759469228055,3.9318256327243257
100xmess,0,0,0,0,0,1,1,0,0,0,5,0,0,0,5,2.5,2.5,0.05434782608695652,91,91,0.010869565217391304,0.9891304347826086,0,0,0,1,0,1,1,0.5,0.16666666666666666,0.16666666666666666,0,0,1,0,0,1,8,2.5,0,0,0,0,1,0,1,4,50,2071,0,0,0,1,1,0,0,0,0,0,0,0,10,33,2.3978952727983707,3.5263605246161616
100xprism,0,0,0,0,0,9,2,4,4,0,0,0,0,0,0,0.0,0.0,0.0,11,4,0.75,0.3333333333333333,1,1,0,1,0,1,1,0.1,1.0,1.0,0,0,1,0,0,1,9,2.9477027792200903,1,1,1,1,1,0,1,6,153,11527,0,0,0,2,1,0,0,0,0,0,0,0,878,1495,6.778784897685177,7.310550158534422
100xsaheb,0,0,0,0,0,3,1,0,2,0,1,0,0,0,1,0.25,0.25,0.0012106537530266344,825,825,0.0036319612590799033,0.9987893462469734,0,0,1,1,0,1,1,0.25,0.5,0.5,0,0,1,0,0,1,9,2.94770277922009,0,0,0,0,1,0,0,0,0,28,1,0,0,1,1,0,0,0,0,0,0,0,9,49,2.302585092994046,3.912023005428146
100xsani2-medium-common,0,0,0,0,0,1,1,0,0,0,1,0,0,0,1,0.5,0.5,0.0013831258644536654,722,722,0.0013831258644536654,0.9986168741355463,0,0,0,1,0,1,1,0.5,0.5,0.5,0,0,3,1,0,1,23,3.7409532604048397,0,0,0,0,1,0,0,0,0,28,1,0,0,1,1,0,0,0,0,0,0,0,8,28,2.1972245773362196,3.367295829986474
100xtyping,0,0,0,0,0,2,1,0,1,0,5,0,0,0,5,1.6666666666666667,1.6666666666666667,0.007194244604316547,694,694,0.0028776978417266188,0.9985611510791367,0,0,0,1,0,1,1,0.3333333333333333,0.16666666666666666,0.16666666666666666,0,0,1,0,0,1,10,3.1219280948873624,0,0,0,0,1,1,0,0,17,28,0,0,0,1,1,0,0,0,0,0,0,0,10,39,2.3978952727983707,3.6888794541139363
100xuday,0,0,0,0,0,3,1,0,4,0,2,0,0,0,2,0.5,0.5,0.0030211480362537764,661,661,0.004531722054380665,0.9984894259818731,0,0,0,1,0,1,1,0.25,0.3333333333333333,0.3333333333333333,0,0,1,0,0,1,8,2.75,0,0,0,0,1,0,0,0,0,28,1,0,0,1,1,0,0,0,0,0,0,0,10,43,2.3978952727983707,3.784189633918261
101,0,0,0,0,0,43,1,6,3,0,3,3,0,0,6,0.06818181818181818,0.13636363636363635,0.0006718924972004479,4464,1480,0.009630459126539754,0.3314669652855543,0,0,1,1,0,1,1,0.022727272727272728,0.14285714285714285,0.25,0,0,1,0,0,1,3,0.9182958340544896,1,1,1,1,1,1,1,10,73,20114,0,1,0,2,1,0,0,0,0,0,0,0,29741,119874,10.300315467248629,11.69420481218574
101-app,0,0,0,0,0,1,1,0,0,0,5,3,0,0,8,2.5,4.0,0.0029958058717795086,1668,1549,0.0005991611743559018,0.9281006590772918,0,0,1,1,0,1,1,0.5,0.1111111111111111,0.16666666666666666,0,0,2,1,0,1,7,2.2359263506290326,0,0,0,0,1,0,0,0,0,28,1,0,0,3,1,0,0,0,0,0,0,0,12,37,2.5649493574615367,3.6375861597263857
101-atm-machine,0,0,0,0,0,5,2,0,3,0,2,1,0,0,3,0.3333333333333333,0.5,0.002421307506053269,825,822,0.006053268765133172,0.9951573849878934,0,0,1,1,0,1,1,0.16666666666666666,0.25,0.3333333333333333,0,0,3,1,0,1,15,3.3735572622751846,0,0,0,0,1,0,0,0,19,22,0,0,0,1,1,0,0,0,0,0,0,0,6,52,1.9459101490553132,3.970291913552122
101-countdown-timer,0,0,0,0,0,1,1,0,0,0,5,3,0,0,8,2.5,4.0,0.006657789613848202,750,750,0.0013315579227696406,0.9986684420772304,0,0,1,1,0,1,1,0.5,0.1111111111111111,0.16666666666666666,0,0,3,1,0,1,19,3.7216117239699007,0,0,0,0,1,1,0,0,0,28,1,0,0,1,1,0,0,0,0,0,0,0,7,29,2.0794415416798357,3.4011973816621555
101-es6,0,0,0,0,0,1,0,8,0,0,4,2,0,0,6,2.0,3.0,0.0009501187648456057,4209,1480,0.00023752969121140142,0.3515439429928741,0,0,1,1,0,1,1,0.5,0.14285714285714285,0.2,0,0,2,1,0,1,7,2.5216406363433186,1,1,1,1,1,1,1,10,73,11313,0,0,0,2,1,0,0,0,0,0,0,0,8,47,2.1972245773362196,3.871201010907891
101-new_work,0,0,0,0,0,7,2,2,1,0,1,2,0,0,3,0.125,0.375,0.0013089005235602095,763,763,0.009162303664921465,0.9986910994764397,0,0,1,1,0,1,1,0.125,0.25,0.5,0,0,3,1,0,1,12,3.2516291673878226,0,0,0,0,1,1,0,0,0,28,1,0,0,1,1,0,0,0,0,0,0,0,15,87,2.772588722239781,4.477336814478207
101-node-basics,0,0,0,0,0,1,1,0,0,0,2,0,0,0,2,1.0,1.0,0.0016906170752324597,1182,1182,0.0008453085376162299,0.9991546914623838,0,0,1,1,0,1,1,0.5,0.3333333333333333,0.3333333333333333,0,0,3,1,0,1,15,3.5068905956085183,0,0,0,0,1,0,0,0,0,28,1,0,0,2,1,0,0,0,0,0,0,0,6,31,1.9459101490553132,3.4657359027997265
101-node-ts-boilerplate,0,0,0,0,0,3,0,1,0,0,0,5,0,0,5,0.0,1.25,0.0,1669,1549,0.0017964071856287425,0.9275449101796407,0,0,1,1,0,1,1,0.25,0.16666666666666666,1.0,0,0,4,1,0,1,23,3.7622673906514947,0,0,0,0,1,1,0,0,0,28,1,0,0,3,1,0,0,0,0,0,0,0,10,63,2.3978952727983707,4.1588830833596715
101-npm-basics,0,0,0,0,0,1,0,0,1,0,1,0,0,0,1,0.5,0.5,0.001004016064257028,995,995,0.001004016064257028,0.998995983935743,0,0,1,1,0,1,1,0.5,0.5,0.5,0,0,3,1,0,1,14,3.378783493486176,0,0,0,0,1,1,1,3,15,28,0,0,0,1,1,0,0,0,0,0,0,0,6,40,1.9459101490553132,3.713572066704308
101-temp-course-viewer,0,0,0,0,0,1,0,0,1,0,11,12,0,2,25,5.5,12.5,0.008070432868672046,1362,1362,0.0007336757153338225,0.9992663242846662,0,0,1,1,0,1,1,0.5,0.038461538461538464,0.08333333333333333,0,0,4,1,0,1,22,3.697845823084412,0,0,0,0,0,0,0,0,0,16,1,0,0,13,1,0,0,0,0,0,0,0,6,27,1.9459101490553132,3.332204510175204
101-text-base-adventure-game,0,0,0,0,0,1,2,1,2,0,2,1,0,0,3,1.0,1.5,0.0025412960609911056,786,786,0.0012706480304955528,0.9987293519695044,0,0,1,1,0,1,1,0.5,0.25,0.3333333333333333,0,0,5,1,0,1,28,3.69594722638747,0,0,0,0,1,0,0,0,0,28,1,0,0,1,1,0,0,0,0,0,0,0,6,23,1.9459101490553132,3.1780538303479458
101-todolist,0,0,0,0,0,1,1,0,0,0,1,2,0,0,3,0.5,1.5,0.00125,799,799,0.00125,0.99875,0,0,1,1,0,1,1,0.5,0.25,0.5,0,0,2,1,0,1,12,3.084962500721156,0,0,0,0,1,0,0,0,0,28,1,0,0,1,1,0,0,0,0,0,0,0,7,30,2.0794415416798357,3.4339872044851463
101-tomekwi,0,0,0,0,0,2,0,12,0,0,3,2,0,0,5,1.0,1.6666666666666667,0.0007223693715386468,4152,1480,0.0004815795810257645,0.35636888995906574,0,0,1,1,0,1,1,0.3333333333333333,0.16666666666666666,0.25,0,0,2,1,0,1,11,3.2776134368191165,1,1,1,1,1,1,1,10,73,12743,0,0,0,2,1,0,0,0,0,0,0,0,10,43,2.3978952727983707,3.784189633918261
101-webpack-numbers,0,0,0,0,0,5,1,0,4,0,0,3,0,0,3,0.0,0.5,0.0,1524,1524,0.003278688524590164,0.999344262295082,0,0,1,1,0,1,1,0.16666666666666666,0.25,1.0,0,0,3,1,0,1,19,3.826874881864637,0,0,0,0,1,0,0,0,0,28,1,0,0,1,1,0,0,0,0,0,0,0,9,52,2.302585092994046,3.970291913552122
10101-wallet,0,0,0,0,0,1,1,0,0,0,0,0,0,0,0,0.0,0.0,0.0,764,764,0.00130718954248366,0.9986928104575163,0,0,1,1,0,1,1,0.5,1.0,1.0,0,0,2,1,0,1,12,2.8553885422075336,0,0,0,0,1,0,0,0,0,28,1,0,0,1,1,0,0,0,0,0,0,0,8,39,2.1972245773362196,3.6888794541139363
1010matian,0,0,0,0,0,1,1,0,0,0,0,0,0,0,0,0.0,0.0,0.0,2091,1549,0.0004780114722753346,0.7404397705544933,0,0,1,1,0,1,1,0.5,1.0,1.0,0,0,1,0,0,1,10,2.7219280948873625,0,0,0,0,1,0,0,0,0,28,1,0,0,1,1,0,0,0,0,0,0,0,6,28,1.9459101490553132,3.367295829986474
1011,0,0,0,0,0,1,1,0,0,0,1,0,0,0,1,0.5,0.5,0.0002959455460195324,3378,1480,0.0002959455460195324,0.437999408108908,0,0,1,1,0,1,1,0.5,0.5,0.5,0,0,1,0,0,1,4,0.8112781244591328,0,0,0,0,1,1,0,0,0,28,1,0,0,1,1,0,0,0,0,0,0,0,54,252,4.007333185232471,5.53338948872752
101178_test,0,0,0,0,0,1,1,0,0,0,0,0,0,0,0,0.0,0.0,0.0,563,563,0.0017730496453900709,0.99822695035461,0,0,0,1,0,1,1,0.5,1.0,1.0,0,0,2,0,0,1,11,2.8453509366224368,0,0,0,0,1,0,0,0,26,28,0,0,0,1,1,0,0,0,0,0,0,0,8,34,2.1972245773362196,3.5553480614894135
10119-dep,0,0,0,0,0,1,2,0,0,0,1,0,0,0,1,0.5,0.5,0.0002573340195573855,3885,1480,0.0002573340195573855,0.38085434894493053,0,0,1,1,0,1,1,0.5,0.5,0.5,0,0,2,1,0,1,9,2.6416041678685933,0,0,0,0,1,0,0,0,0,28,1,0,0,1,1,0,0,0,0,0,0,0,10,37,2.3978952727983707,3.6375861597263857
10119-subdep,0,0,0,0,0,2,2,0,0,0,0,0,0,0,0,0.0,0.0,0.0,3885,1480,0.000514668039114771,0.38085434894493053,0,0,1,1,0,1,1,0.3333333333333333,1.0,1.0,0,0,2,1,0,1,12,3.188721875540867,0,0,0,0,1,0,0,0,0,28,1,0,0,1,1,0,0,0,0,0,0,0,12,48,2.5649493574615367,3.8918202981106265
1011y,0,0,0,0,0,1,1,0,0,0,0,0,0,0,0,0.0,0.0,0.0,1359,1359,0.0007352941176470588,0.9992647058823529,0,0,1,1,0,1,1,0.5,1.0,1.0,0,0,1,0,0,1,5,1.3709505944546687,0,0,0,0,1,0,0,0,15,28,0,0,0,1,1,0,0,0,0,0,0,0,10,30,2.3978952727983707,3.4339872044851463
101216-sensor,0,0,0,0,0,1,1,0,0,0,0,0,0,0,0,0.0,0.0,0.0,517,517,0.0019305019305019305,0.9980694980694981,0,0,0,1,0,1,1,0.5,1.0,1.0,0,0,2,1,0,1,13,3.180832987205441,0,0,0,0,1,0,0,0,88,164,0,0,0,1,1,0,0,0,0,0,0,0,7,22,2.0794415416798357,3.1354942159291497
1012web,0,0,0,0,0,1,1,0,0,0,0,0,0,0,0,0.0,0.0,0.0,1356,1356,0.0007369196757553427,0.9992630803242447,0,0,1,1,0,1,1,0.5,1.0,1.0,0,0,1,0,0,1,7,2.5216406363433186,0,0,0,0,1,0,0,0,0,28,1,0,0,1,1,0,0,0,0,0,0,0,5,21,1.791759469228055,3.091042453358316
1013_wu_957,0,0,0,0,0,1,0,1,1,0,0,0,0,0,0,0.0,0.0,0.0,2087,1549,0.0004789272030651341,0.7418582375478927,0,0,1,1,0,1,1,0.5,1.0,1.0,0,0,3,0,0,1,11,3.0957952550009344,1,0,0,0,0,1,1,2,25,987,0,0,0,0,0,0,0,0,0,0,0,0,10,41,2.3978952727983707,3.7376696182833684
1013sutter-1,0,0,0,0,0,1,1,0,0,0,0,0,0,0,0,0.0,0.0,0.0,1996,1549,0.000500751126690035,0.7756634952428643,0,0,1,1,0,1,1,0.5,1.0,1.0,0,0,2,1,0,1,12,3.0220552088742,0,0,0,0,1,0,0,0,0,28,1,0,0,1,1,0,0,0,0,0,0,0,10,36,2.3978952727983707,3.6109179126442243
101410toetsweek2,0,0,0,0,0,1,1,0,0,0,0,0,0,0,0,0.0,0.0,0.0,517,517,0.0019305019305019305,0.9980694980694981,0,0,0,1,0,1,1,0.5,1.0,1.0,0,0,1,0,0,1,16,3.1556390622295662,0,0,0,0,1,1,0,0,10,28,0,0,0,1,1,0,0,0,0,0,0,0,7,30,2.0794415416798357,3.4339872044851463
1014cxrk,0,0,0,0,0,1,1,0,0,0,0,0,0,0,0,0.0,0.0,0.0,1356,1356,0.0007369196757553427,0.9992630803242447,0,0,1,1,0,1,1,0.5,1.0,1.0,0,0,1,0,0,1,8,2.75,0,0,0,0,1,0,0,0,0,28,1,0,0,1,1,0,0,0,0,0,0,0,11,35,2.4849066497880004,3.58351893845611
1014jyh,0,0,0,0,0,1,1,0,0,0,2,0,0,0,2,1.0,1.0,0.0009578544061302681,2087,1549,0.0004789272030651341,0.7418582375478927,0,0,1,1,0,1,1,0.5,0.3333333333333333,0.3333333333333333,0,0,1,0,0,1,7,2.5216406363433186,0,0,0,0,1,0,0,0,0,28,1,0,0,1,1,0,0,0,0,0,0,0,6,26,1.9459101490553132,3.295836866004329
1014rikao,0,0,0,0,0,1,1,0,0,0,0,0,0,0,0,0.0,0.0,0.0,1356,1356,0.0007369196757553427,0.9992630803242447,0,0,1,1,0,1,1,0.5,1.0,1.0,0,0,1,0,0,1,9,2.94770277922009,0,0,0,0,1,0,0,0,0,28,1,0,0,1,1,0,0,0,0,0,0,0,9,28,2.302585092994046,3.367295829986474
1014rikao1,0,0,0,0,0,1,1,0,0,0,0,0,0,0,0,0.0,0.0,0.0,1356,1356,0.0007369196757553427,0.9992630803242447,0,0,1,1,0,1,1,0.5,1.0,1.0,0,0,1,0,0,1,10,2.8464393446710154,0,0,0,0,1,0,0,0,0,28,1,0,0,1,1,0,0,0,0,0,0,0,10,33,2.3978952727983707,3.5263605246161616
1014rikao2,0,0,0,0,0,1,1,0,0,0,0,0,0,0,0,0.0,0.0,0.0,1356,1356,0.0007369196757553427,0.9992630803242447,0,0,1,1,0,1,1,0.5,1.0,1.0,0,0,1,0,0,1,10,3.121928094887362,0,0,0,0,1,0,0,0,0,28,1,0,0,1,1,0,0,0,0,0,0,0,10,36,2.3978952727983707,3.6109179126442243
1014zuoye,0,0,0,0,0,1,1,0,0,0,0,0,0,0,0,0.0,0.0,0.0,2086,1549,0.0004791566842357451,0.7422137038811691,0,0,1,1,0,1,1,0.5,1.0,1.0,0,0,1,0,0,1,9,2.94770277922009,0,0,0,0,1,0,0,0,0,28,1,0,0,1,1,0,0,0,0,0,0,0,11,43,2.4849066497880004,3.784189633918261
1014zy,0,0,0,0,0,1,1,0,0,0,0,0,0,0,0,0.0,0.0,0.0,1356,1356,0.0007369196757553427,0.9992630803242447,0,0,1,1,0,1,1,0.5,1.0,1.0,0,0,1,0,0,1,6,2.2516291673878226,0,0,0,0,1,0,0,0,0,28,1,0,0,1,1,0,0,0,0,0,0,0,10,34,2.3978952727983707,3.5553480614894135
1014zy1,0,0,0,0,0,1,1,0,0,0,0,0,0,0,0,0.0,0.0,0.0,1356,1356,0.0007369196757553427,0.9992630803242447,0,0,1,1,0,1,1,0.5,1.0,1.0,0,0,1,0,0,1,7,2.1280852788913944,0,0,0,0,1,0,0,0,0,28,1,0,0,1,1,0,0,0,0,0,0,0,9,34,2.302585092994046,3.5553480614894135
1016ldl,0,0,0,0,0,1,1,0,0,0,0,0,0,0,0,0.0,0.0,0.0,1361,1361,0.0007342143906020558,0.9992657856093979,0,0,1,1,0,1,1,0.5,1.0,1.0,0,0,1,0,0,1,7,2.2359263506290326,0,0,0,0,1,0,0,0,0,28,1,0,0,2,1,0,0,0,0,0,0,0,9,31,2.302585092994046,3.4657359027997265
1017tell,0,0,0,0,0,1,0,1,0,0,10,8,0,0,18,5.0,9.0,0.0033715441672285905,2965,1549,0.00033715441672285906,0.5222521915037087,0,0,1,1,0,1,1,0.5,0.05263157894736842,0.09090909090909091,0,0,1,0,0,1,8,2.5,1,1,1,1,0,1,1,4,12,457,0,0,0,1,1,0,0,0,0,0,0,0,12,53,2.5649493574615367,3.9889840465642745
1018fsd,0,0,0,0,0,1,1,0,0,0,2,0,0,0,2,1.0,1.0,0.0009601536245799327,2082,1549,0.00048007681228996637,0.743638982237158,0,0,1,1,0,1,1,0.5,0.3333333333333333,0.3333333333333333,0,0,1,0,0,1,7,2.5216406363433186,0,0,0,0,1,0,0,0,0,28,1,0,0,1,1,0,0,0,0,0,0,0,5,32,1.791759469228055,3.4965075614664802
10191_sum,0,0,0,0,0,1,1,0,0,0,0,0,0,0,0,0.0,0.0,0.0,1716,1549,0.0005824111822947001,0.9021549213744904,0,0,1,1,0,1,1,0.5,1.0,1.0,0,0,2,0,0,1,9,2.6416041678685933,0,0,0,0,1,0,0,0,0,28,1,0,0,1,1,0,0,0,0,0,0,0,9,35,2.302585092994046,3.58351893845611
1019exam,0,0,0,0,0,1,1,0,0,0,1,0,0,0,1,0.5,0.5,0.00048007681228996637,2082,1549,0.00048007681228996637,0.743638982237158,0,0,1,1,0,1,1,0.5,0.5,0.5,0,0,1,0,0,1,8,2.75,0,0,0,0,1,0,0,0,0,28,1,0,0,1,1,0,0,0,0,0,0,0,7,28,2.0794415416798357,3.367295829986474
1019jyh,0,0,0,0,0,1,1,0,0,0,0,0,0,0,0,0.0,0.0,0.0,2082,1549,0.00048007681228996637,0.743638982237158,0,0,1,1,0,1,1,0.5,1.0,1.0,0,0,1,0,0,1,7,2.5216406363433186,0,0,0,0,1,0,0,0,0,28,1,0,0,1,1,0,0,0,0,0,0,0,8,30,2.1972245773362196,3.4339872044851463
101_mini_calculator,0,0,0,0,0,1,1,0,0,0,1,1,0,0,2,0.5,1.0,0.0012004801920768306,832,832,0.0012004801920768306,0.9987995198079231,0,0,1,1,0,1,1,0.5,0.3333333333333333,0.5,0,0,3,0,0,1,19,3.6163485660751635,0,0,0,0,1,0,0,0,19,28,0,0,0,1,1,0,0,0,0,0,0,0,6,26,1.9459101490553132,3.295836866004329
101currency-converter,0,0,0,0,0,2,1,0,2,0,0,0,0,0,0,0.0,0.0,0.0,802,802,0.0024906600249066002,0.9987546699875467,0,0,1,1,0,1,1,0.3333333333333333,1.0,1.0,0,0,2,1,0,1,21,3.3680424225727155,0,0,0,0,1,0,0,0,0,28,1,0,0,1,1,0,0,0,0,0,0,0,10,43,2.3978952727983707,3.784189633918261
101dmth0fz,0,0,0,0,0,1,2,1,0,0,7,9,0,0,16,3.5,8.0,0.008849557522123894,790,790,0.0012642225031605564,0.9987357774968394,0,0,1,1,0,1,1,0.5,0.058823529411764705,0.125,0,0,1,0,0,1,10,2.9219280948873623,0,0,0,0,0,0,0,0,159,1419,0,0,0,4,1,0,0,0,0,0,0,0,6,29,1.9459101490553132,3.4011973816621555
101fdsaafasdfadfsfdsfdssd4,0,0,0,0,0,1,1,0,0,0,0,0,0,0,0,0.0,0.0,0.0,2087,1549,0.0004789272030651341,0.7418582375478927,0,0,1,1,0,1,1,0.5,1.0,1.0,0,0,1,0,0,1,26,2.5262349099495225,0,0,0,0,1,0,0,0,0,28,1,0,0,1,1,0,0,0,0,0,0,0,6,34,1.9459101490553132,3.5553480614894135
101fdsaafasdfsd4,0,0,0,0,0,1,1,0,0,0,0,0,0,0,0,0.0,0.0,0.0,2087,1549,0.0004789272030651341,0.7418582375478927,0,0,1,1,0,1,1,0.5,1.0,1.0,0,0,1,0,0,1,16,2.6862781244591325,0,0,0,0,1,0,0,0,0,28,1,0,0,1,1,0,0,0,0,0,0,0,9,29,2.302585092994046,3.4011973816621555
101npmdemo,0,0,0,0,0,1,1,0,0,0,0,0,0,0,0,0.0,0.0,0.0,1490,1490,0.0006706908115358819,0.9993293091884641,0,0,1,1,0,1,1,0.5,1.0,1.0,0,0,1,0,0,1,10,2.9219280948873623,0,0,0,0,1,0,0,0,0,28,1,0,0,1,1,0,0,0,0,0,0,0,6,31,1.9459101490553132,3.4657359027997265
101pack,0,0,0,0,0,1,0,8,0,0,0,15,0,0,15,0.0,7.5,0.0,2893,1549,0.0003455425017277125,0.5352453351762266,0,0,1,1,0,1,1,0.5,0.0625,1.0,0,0,1,0,0,1,7,2.5216406363433186,1,1,1,1,1,1,0,0,35,28,0,0,0,5,1,0,0,0,0,0,0,0,10,45,2.3978952727983707,3.828641396489095
101parallax-testnet,0,0,0,0,0,1,0,1,0,0,3,8,0,0,11,1.5,5.5,0.0038119440914866584,786,786,0.0012706480304955528,0.9987293519695044,0,0,1,1,0,1,1,0.5,0.08333333333333333,0.25,0,0,2,1,0,1,19,3.431623565847431,0,0,0,0,1,1,0,0,159,1383,0,0,0,4,1,0,0,0,0,0,0,0,7,32,2.0794415416798357,3.4965075614664802
101sample-library,0,0,0,0,0,1,1,0,2,0,0,0,0,0,0,0.0,0.0,0.0,82,82,0.012048192771084338,0.9879518072289156,0,0,0,1,0,1,1,0.5,1.0,1.0,0,0,2,1,0,1,17,3.6168746059562227,0,0,0,0,1,1,0,0,148,360,0,0,0,0,0,0,0,0,0,0,0,0,11,37,2.4849066497880004,3.6375861597263857
101st-ab-authoritypaper,0,0,0,0,0,6,1,0,5,0,4,0,0,0,4,0.5714285714285714,0.5714285714285714,0.0026613439787092482,1502,1501,0.003992015968063872,0.9986693280106453,0,0,1,1,0,1,1,0.14285714285714285,0.2,0.2,0,0,3,1,0,1,23,3.7622673906514947,0,0,0,0,1,1,0,0,61,28,0,0,0,1,1,0,0,0,0,0,0,0,10,73,2.3978952727983707,4.30406509320417
101word-counter-project,0,0,0,0,0,1,1,0,0,0,2,1,0,0,3,1.0,1.5,0.0025,799,799,0.00125,0.99875,0,0,1,1,0,1,1,0.5,0.25,0.3333333333333333,0,0,3,1,0,1,23,3.6753108689123644,0,0,0,0,1,0,0,0,40,40,0,0,0,1,1,0,0,0,0,0,0,0,8,37,2.1972245773362196,3.6375861597263857
102,0,0,0,0,0,1,0,0,1,0,1,0,0,0,1,0.5,0.5,0.0002256317689530686,4431,1480,0.0002256317689530686,0.33393501805054154,0,0,1,1,0,1,1,0.5,0.5,0.5,0,0,1,0,0,1,3,1.584962500721156,0,0,0,0,0,1,1,3,4,28,0,1,0,0,0,0,0,0,0,0,0,0,14,46,2.70805020110221,3.8501476017100584
1020-to-do-list,0,0,0,0,0,1,1,0,0,0,1,1,0,0,2,0.5,1.0,0.001215066828675577,822,822,0.001215066828675577,0.9987849331713244,0,0,1,1,0,1,1,0.5,0.3333333333333333,0.5,0,0,4,1,0,1,15,3.1898980954642875,0,0,0,0,1,0,0,0,0,28,1,0,0,1,1,0,0,0,0,0,0,0,7,28,2.0794415416798357,3.367295829986474
1020_sum111,0,0,0,0,0,1,1,0,0,0,0,0,0,0,0,0.0,0.0,0.0,1716,1549,0.0005824111822947001,0.9021549213744904,0,0,1,1,0,1,1,0.5,1.0,1.0,0,0,2,0,0,1,11,2.5503407095463886,0,0,0,0,1,0,0,0,0,28,1,0,0,1,1,0,0,0,0,0,0,0,9,34,2.302585092994046,3.5553480614894135
1020cli-number-guessing,0,0,0,0,0,2,2,0,1,0,64,0,0,0,64,21.333333333333332,21.333333333333332,0.07729468599033816,827,827,0.0024154589371980675,0.998792270531401,0,0,1,1,0,1,1,0.3333333333333333,0.015384615384615385,0.015384615384615385,0,0,3,1,0,1,23,3.8279097821439705,0,0,0,0,1,0,0,0,42,72,0,0,0,1,1,0,0,0,0,0,0,0,9,43,2.302585092994046,3.784189633918261
1020cli-number-guessing-game,0,0,0,0,0,2,1,0,1,0,64,0,0,0,64,21.333333333333332,21.333333333333332,0.07729468599033816,827,827,0.0024154589371980675,0.998792270531401,0,0,1,1,0,1,1,0.3333333333333333,0.015384615384615385,0.015384615384615385,0,0,4,1,0,1,28,3.869331261111518,0,0,0,0,1,0,0,0,42,72,0,0,0,1,1,0,0,0,0,0,0,0,10,42,2.3978952727983707,3.7612001156935624
1022-student-managnmt-system,0,0,0,0,0,1,1,1,2,0,2,1,0,0,3,1.0,1.5,0.0025284450063211127,790,790,0.0012642225031605564,0.9987357774968394,0,0,1,1,0,1,1,0.5,0.25,0.3333333333333333,0,0,4,1,0,1,28,3.628085278891395,0,0,0,0,1,1,0,0,33,31,0,0,0,1,1,0,0,0,0,0,0,0,7,33,2.0794415416798357,3.5263605246161616
102397eipqruajn,0,0,0,0,0,3,0,0,3,0,2,0,0,0,2,0.5,0.5,0.0011723329425556857,1705,1549,0.0017584994138335288,0.9079718640093787,0,0,1,1,0,1,1,0.25,0.3333333333333333,0.3333333333333333,0,0,1,0,0,1,15,3.906890595608518,1,1,1,1,1,1,0,0,0,28,1,0,0,1,1,0,0,0,0,0,0,0,14,45,2.70805020110221,3.828641396489095
1024,0,0,0,0,0,4,1,0,2,0,0,0,0,0,0,0.0,0.0,0.0,3889,1480,0.0010282776349614395,0.38046272493573263,0,0,1,1,0,1,1,0.2,1.0,1.0,0,0,1,0,0,1,4,2.0,0,0,0,0,1,1,1,1,4,28,0,0,0,1,1,0,0,0,0,0,0,0,8,56,2.1972245773362196,4.04305126783455
10253suting,0,0,0,0,0,1,1,0,0,0,0,0,0,0,0,0.0,0.0,0.0,1711,1549,0.0005841121495327102,0.9047897196261683,0,0,1,1,0,1,1,0.5,1.0,1.0,0,0,1,0,0,1,11,3.459431618637298,0,0,0,0,1,0,0,0,0,28,1,0,0,1,1,0,0,0,0,0,0,0,9,34,2.302585092994046,3.5553480614894135
1025suting1,0,0,0,0,0,1,1,0,0,0,0,0,0,0,0,0.0,0.0,0.0,1711,1549,0.0005841121495327102,0.9047897196261683,0,0,1,1,0,1,1,0.5,1.0,1.0,0,0,1,0,0,1,11,3.2776134368191165,0,0,0,0,1,0,0,0,0,28,1,0,0,1,1,0,0,0,0,0,0,0,7,37,2.0794415416798357,3.6375861597263857
102853.stu,0,0,0,0,0,1,1,0,0,0,0,0,0,0,0,0.0,0.0,0.0,212,212,0.004694835680751174,0.9953051643192489,0,0,0,1,0,1,1,0.5,1.0,1.0,0,0,2,0,1,1,10,3.321928094887362,0,0,0,0,1,1,1,2,9,28,0,0,0,2,1,0,0,0,0,0,0,0,6,22,1.9459101490553132,3.1354942159291497
1029921etest,0,0,0,0,0,1,1,0,0,0,1,1,0,0,2,0.5,1.0,0.0012224938875305623,817,817,0.0012224938875305623,0.9987775061124694,0,0,1,1,0,1,1,0.5,0.3333333333333333,0.5,0,0,1,0,0,1,12,2.7516291673878226,0,0,0,0,1,1,0,0,11,28,0,0,0,1,1,0,0,0,0,0,0,0,5,29,1.791759469228055,3.4011973816621555
102f,0,0,0,0,0,2,1,0,1,0,1,4,0,0,5,0.3333333333333333,1.6666666666666667,0.00032530904359141186,3073,1480,0.0006506180871828237,0.4814573845152895,0,0,1,1,0,1,1,0.3333333333333333,0.16666666666666666,0.5,0,0,1,0,0,1,4,2.0,1,1,1,1,1,1,0,0,32,2636,0,0,0,1,1,0,0,0,0,0,0,0,7,43,2.0794415416798357,3.784189633918261
102sample-library,0,0,0,0,0,2,1,0,3,0,0,1,0,0,1,0.0,0.3333333333333333,0.0,82,82,0.024096385542168676,0.9879518072289156,0,0,0,1,0,1,1,0.3333333333333333,0.5,1.0,0,0,2,1,0,1,17,3.734521664779752,0,0,0,0,1,1,0,0,148,360,0,0,0,1,1,0,0,0,0,0,0,0,13,43,2.6390573296152584,3.784189633918261
103-breads,0,0,0,0,0,4,0,0,3,0,0,6,0,0,6,0.0,1.2,0.0,1855,1549,0.0021551724137931034,0.8345905172413793,0,0,1,1,0,1,1,0.2,0.14285714285714285,1.0,0,0,2,1,0,1,10,3.321928094887362,1,1,1,1,1,1,1,1,42,399,0,0,0,4,1,0,0,0,0,0,0,0,11,49,2.4849066497880004,3.912023005428146
103iilskj,0,0,0,0,0,2,1,0,1,0,1,0,0,0,1,0.3333333333333333,0.3333333333333333,0.0020920502092050207,477,477,0.0041841004184100415,0.997907949790795,0,0,0,1,0,1,1,0.3333333333333333,0.5,0.5,0,0,1,0,0,1,9,2.94770277922009,0,0,0,0,1,1,1,1,7,16,0,0,0,1,1,0,0,0,0,0,0,0,9,41,2.302585092994046,3.7376696182833684
103wlm73k1,0,0,0,0,0,1,2,1,0,0,7,9,0,0,16,3.5,8.0,0.008849557522123894,790,790,0.0012642225031605564,0.9987357774968394,0,0,1,1,0,1,1,0.5,0.058823529411764705,0.125,0,0,1,0,0,1,10,2.9219280948873623,0,0,0,0,0,0,0,0,159,1419,0,0,0,4,1,0,0,0,0,0,0,0,7,33,2.0794415416798357,3.5263605246161616
104-currency-converter,0,0,0,0,0,1,1,0,2,0,5,1,0,0,6,2.5,3.0,0.006188118811881188,807,807,0.0012376237623762376,0.9987623762376238,0,0,1,1,0,1,1,0.5,0.14285714285714285,0.16666666666666666,0,0,3,1,0,1,22,3.4817145729860726,0,0,0,0,1,0,0,0,1,28,0,0,0,1,1,0,0,0,0,0,0,0,8,23,2.1972245773362196,3.1780538303479458
104-mcp-server,0,0,0,0,0,1,1,0,0,0,4,3,0,0,7,2.0,3.5,0.07142857142857142,55,54,0.017857142857142856,0.9642857142857143,0,0,0,1,0,1,1,0.5,0.125,0.2,0,0,3,1,0,1,14,3.378783493486176,0,0,0,0,1,0,1,6,45,1802,0,0,1,4,1,0,0,0,1,0,1,1,7,28,2.0794415416798357,3.367295829986474
1046396106,0,0,0,0,0,1,1,0,0,0,0,0,0,0,0,0.0,0.0,0.0,3491,1480,0.000286368843069874,0.4238258877434135,0,0,1,1,0,1,1,0.5,1.0,1.0,0,0,1,0,0,1,10,2.4464393446710155,0,0,0,0,1,1,1,1,0,28,1,0,0,1,1,0,0,0,0,0,0,0,6,26,1.9459101490553132,3.295836866004329
106,0,0,0,0,0,18,2,1,1,0,2,9,0,0,11,0.10526315789473684,0.5789473684210527,0.0005288207297726071,3781,1480,0.004759386567953464,0.39132734003172925,0,0,1,1,0,1,1,0.05263157894736842,0.08333333333333333,0.3333333333333333,0,0,1,0,0,1,3,1.584962500721156,1,1,1,1,1,1,1,5,63,4600,0,1,0,3,1,0,0,0,0,0,0,0,28,139,3.367295829986474,4.941642422609304
10760lib,0,0,0,0,0,1,1,0,6,0,1,0,0,2,3,0.5,1.5,0.0007501875468867217,1332,1332,0.0007501875468867217,0.9992498124531133,0,0,1,1,0,1,1,0.5,0.25,0.5,0,0,1,0,0,1,8,2.75,0,0,0,0,0,1,1,1,14,978,0,0,0,0,0,0,0,0,0,0,0,0,7,30,2.0794415416798357,3.4339872044851463
107w-heap,0,0,0,0,0,1,1,0,0,0,0,0,0,0,0,0.0,0.0,0.0,1361,1361,0.0007342143906020558,0.9992657856093979,0,0,1,1,0,1,1,0.5,1.0,1.0,0,0,2,1,0,1,9,3.169925001442312,0,0,0,0,1,0,1,3,18,585,0,0,0,0,0,0,0,0,0,0,0,0,6,30,1.9459101490553132,3.4339872044851463
108-gas-convert,0,0,0,0,0,1,1,0,0,0,7,0,0,0,7,3.5,3.5,0.008771929824561403,797,797,0.0012531328320802004,0.9987468671679198,0,0,1,1,0,1,1,0.5,0.125,0.125,0,0,3,1,0,1,15,3.7735572622751845,1,1,1,1,1,1,1,5,15,52,0,0,0,1,1,0,0,0,0,0,0,0,11,31,2.4849066497880004,3.4657359027997265
108oaw,0,0,0,0,0,1,3,0,4,0,0,0,0,0,0,0.0,0.0,0.0,1152,1152,0.0008673026886383347,0.9991326973113617,0,0,1,1,0,1,1,0.5,1.0,1.0,0,0,1,0,0,1,6,2.584962500721156,0,0,0,0,1,1,0,0,6,566,0,0,0,1,1,0,0,0,0,0,0,0,8,29,2.1972245773362196,3.4011973816621555
1094904274,0,0,0,0,0,1,1,0,0,0,0,0,0,0,0,0.0,0.0,0.0,3491,1480,0.000286368843069874,0.4238258877434135,0,0,1,1,0,1,1,0.5,1.0,1.0,0,0,1,0,0,1,10,2.4464393446710155,0,0,0,0,1,0,0,0,0,28,1,0,0,1,1,0,0,0,0,0,0,0,4,24,1.6094379124341003,3.2188758248682006
1095h-cli,0,0,0,0,0,1,1,0,1,0,17,0,0,0,17,8.5,8.5,0.008345606283750613,2036,1549,0.0004909180166912126,0.7604320078546882,0,0,1,1,0,1,1,0.5,0.05555555555555555,0.05555555555555555,0,0,2,1,0,1,9,3.169925001442312,0,0,0,0,1,1,0,0,0,0,1,0,0,0,0,0,0,0,0,0,0,0,8,33,2.1972245773362196,3.5263605246161616
1099-tax-scout,0,0,0,0,0,2,1,0,1,0,0,0,0,0,0,0.0,0.0,0.0,36,36,0.05405405405405406,0.972972972972973,0,0,0,1,0,1,1,0.3333333333333333,1.0,1.0,0,0,3,1,0,1,14,3.378783493486176,1,1,1,1,1,1,1,8,155,1266,0,0,0,3,1,0,0,1,0,0,1,1,11,63,2.4849066497880004,4.1588830833596715
109jiayafanglist,0,0,0,0,0,1,1,0,0,0,5,45,0,0,50,2.5,25.0,0.002311604253351826,2162,1549,0.0004623208506703652,0.7161349976883957,0,0,1,1,0,1,1,0.5,0.0196078431372549,0.16666666666666666,0,0,1,0,0,1,16,3.577819531114783,0,0,0,0,1,1,0,0,16,473,0,0,0,4,1,0,0,0,0,0,0,0,11,37,2.4849066497880004,3.6375861597263857
109wrr,0,0,0,0,0,1,1,0,0,0,0,0,0,0,0,0.0,0.0,0.0,2458,1549,0.00040666937779585197,0.6299308662057747,0,0,1,1,0,1,1,0.5,1.0,1.0,0,0,1,0,0,1,6,2.251629167387823,0,0,0,0,1,0,0,0,0,28,1,0,0,1,1,0,0,0,0,0,0,0,5,21,1.791759469228055,3.091042453358316
10_10_2018,0,0,0,0,0,1,1,0,0,0,1,0,0,0,1,0.5,0.5,0.00035435861091424523,2821,1549,0.00035435861091424523,0.5489014883061658,0,0,1,1,0,1,1,0.5,0.5,0.5,0,0,3,0,0,1,10,2.1709505944546685,0,0,0,0,1,1,0,0,23,28,0,0,0,1,1,0,0,0,0,0,0,0,9,38,2.302585092994046,3.6635616461296463
10_21zuoyeer,0,0,0,0,0,1,1,0,0,0,0,0,0,0,0,0.0,0.0,0.0,2079,1549,0.0004807692307692308,0.7447115384615385,0,0,1,1,0,1,1,0.5,1.0,1.0,0,0,2,0,0,1,12,3.2516291673878226,0,0,0,0,1,0,0,0,0,28,1,0,0,1,1,0,0,0,0,0,0,0,6,28,1.9459101490553132,3.367295829986474
